2026-06-22 13:18:54,963 - INFO - Iniciando Bot de Grid Trading para TSLA...
2026-06-22 13:18:55,602 - INFO - Conexión exitosa a Alpaca. Cuenta Demo: #PA3A5X1D0RZS
2026-06-22 13:18:55,602 - INFO - Efectivo Disponible: $100,000.00 | Valor de Portafolio: $100,000.00
2026-06-22 13:18:55,603 - INFO - Estado inicial cargado. Compras activas en la cuadrícula: 0
2026-06-22 13:18:56,204 - INFO - Precio actual de TSLA: $407.85
2026-06-22 13:18:56,204 - INFO - No hay compras registradas en el estado. Ejecutando compra inicial...
2026-06-22 13:18:56,204 - INFO - Enviando orden de COMPRA a mercado para TSLA por $10000.0 USD...
2026-06-22 13:18:56,390 - INFO - Orden de compra enviada. ID: 7a017f28-50d0-4de6-900e-59cb9252be49. Esperando ejecución...
2026-06-22 13:18:57,754 - INFO - ¡COMPRA COMPLETADA! Precio Promedio: $407.99, Acciones: 24.510392
2026-06-22 13:18:57,755 - INFO - Grid de trading iniciado con compra a $407.99
2026-06-22 13:19:57,947 - INFO - Precio actual de TSLA: $408.30
2026-06-22 13:19:57,947 - INFO - -> Última compra: $407.99 | Compras actuales: 1/10
2026-06-22 13:19:57,947 - INFO - -> Objetivo de COMPRA (caída a): $387.59 | Objetivo de VENTA (subida a): $424.31
2026-06-22 13:19:57,947 - INFO - El precio se mantiene dentro del rango. No se requieren acciones.
2026-06-22 13:20:58,136 - INFO - Precio actual de TSLA: $409.25
2026-06-22 13:20:58,136 - INFO - -> Última compra: $407.99 | Compras actuales: 1/10
2026-06-22 13:20:58,136 - INFO - -> Objetivo de COMPRA (caída a): $387.59 | Objetivo de VENTA (subida a): $424.31
2026-06-22 13:20:58,136 - INFO - El precio se mantiene dentro del rango. No se requieren acciones.
2026-06-22 13:21:58,327 - INFO - Precio actual de TSLA: $409.31
2026-06-22 13:21:58,328 - INFO - -> Última compra: $407.99 | Compras actuales: 1/10
2026-06-22 13:21:58,328 - INFO - -> Objetivo de COMPRA (caída a): $387.59 | Objetivo de VENTA (subida a): $424.31
2026-06-22 13:21:58,328 - INFO - El precio se mantiene dentro del rango. No se requieren acciones.
2026-06-22 13:22:58,522 - INFO - Precio actual de TSLA: $408.01
2026-06-22 13:22:58,522 - INFO - -> Última compra: $407.99 | Compras actuales: 1/10
2026-06-22 13:22:58,522 - INFO - -> Objetivo de COMPRA (caída a): $387.59 | Objetivo de VENTA (subida a): $424.31
2026-06-22 13:22:58,522 - INFO - El precio se mantiene dentro del rango. No se requieren acciones.
2026-06-22 13:24:41,960 - INFO - Iniciando Bot de Grid Trading para TSLA...
2026-06-22 13:24:42,558 - INFO - Conexión exitosa a Alpaca. Cuenta Demo: #PA3A5X1D0RZS
2026-06-22 13:24:42,558 - INFO - Efectivo Disponible: $90,000.01 | Valor de Portafolio: $99,975.49
2026-06-22 13:24:42,560 - INFO - Estado inicial cargado. Compras activas en la cuadrícula: 1
2026-06-22 13:24:42,560 - INFO -   [1] Compra a $435.00 | Cantidad: 24.510392 acciones | Fecha: 2026-06-22T16:18:57.449345+00:00
2026-06-22 13:24:43,149 - INFO - Precio actual de TSLA: $406.93
2026-06-22 13:24:43,149 - INFO - -> Última compra: $435.00 | Compras actuales: 1/10
2026-06-22 13:24:43,149 - INFO - -> Objetivo de COMPRA (caída a): $413.25 | Objetivo de VENTA (subida a): $452.40
2026-06-22 13:24:43,150 - INFO - ¡Condición de compra detectada! Precio actual $406.93 <= Objetivo $413.25
2026-06-22 13:24:43,150 - INFO - Enviando orden de COMPRA a mercado para TSLA por $10000.0 USD...
2026-06-22 13:24:43,341 - INFO - Orden de compra enviada. ID: 467e9488-c76c-48f8-93f0-51e1e05b2f48. Esperando ejecución...
2026-06-22 13:24:45,899 - INFO - ¡COMPRA COMPLETADA! Precio Promedio: $406.95, Acciones: 24.573047
2026-06-22 13:24:45,900 - INFO - Nueva compra registrada a $406.95. Total compras: 2
2026-06-22 13:25:46,086 - INFO - Precio actual de TSLA: $407.02
2026-06-22 13:25:46,086 - INFO - -> Última compra: $390.00 | Compras actuales: 2/10
2026-06-22 13:25:46,087 - INFO - -> Objetivo de COMPRA (caída a): $370.50 | Objetivo de VENTA (subida a): $405.60
2026-06-22 13:25:46,087 - INFO - ¡Condición de venta detectada! Precio actual $407.02 >= Objetivo $405.60
2026-06-22 13:25:46,087 - INFO - Enviando orden de VENTA a mercado para TSLA de 24.573047 acciones...
2026-06-22 13:25:46,321 - INFO - Orden de venta enviada. ID: c6fb236e-7fe9-479e-a91e-82cf0fba24b8. Esperando ejecución...
2026-06-22 13:25:47,689 - INFO - ¡VENTA COMPLETADA! Precio Promedio: $406.99, Acciones: 24.573047
2026-06-22 13:25:47,690 - INFO - Venta completada del lote comprado a $390.00
2026-06-22 13:25:47,690 - INFO - La memoria regresa al precio de compra anterior: $435.00
2026-06-22 13:26:47,878 - INFO - Precio actual de TSLA: $406.74
2026-06-22 13:26:47,878 - INFO - -> Última compra: $407.99 | Compras actuales: 1/10
2026-06-22 13:26:47,878 - INFO - -> Objetivo de COMPRA (caída a): $387.59 | Objetivo de VENTA (subida a): $424.31
2026-06-22 13:26:47,879 - INFO - El precio se mantiene dentro del rango. No se requieren acciones.
2026-06-22 13:27:48,070 - INFO - Precio actual de TSLA: $407.10
2026-06-22 13:27:48,070 - INFO - -> Última compra: $407.99 | Compras actuales: 1/10
2026-06-22 13:27:48,070 - INFO - -> Objetivo de COMPRA (caída a): $387.59 | Objetivo de VENTA (subida a): $424.31
2026-06-22 13:27:48,071 - INFO - El precio se mantiene dentro del rango. No se requieren acciones.
2026-06-22 13:28:48,259 - INFO - Precio actual de TSLA: $407.33
2026-06-22 13:28:48,259 - INFO - -> Última compra: $407.99 | Compras actuales: 1/10
2026-06-22 13:28:48,259 - INFO - -> Objetivo de COMPRA (caída a): $387.59 | Objetivo de VENTA (subida a): $424.31
2026-06-22 13:28:48,259 - INFO - El precio se mantiene dentro del rango. No se requieren acciones.
2026-06-22 13:29:48,453 - INFO - Precio actual de TSLA: $407.13
2026-06-22 13:29:48,453 - INFO - -> Última compra: $407.99 | Compras actuales: 1/10
2026-06-22 13:29:48,453 - INFO - -> Objetivo de COMPRA (caída a): $387.59 | Objetivo de VENTA (subida a): $424.31
2026-06-22 13:29:48,453 - INFO - El precio se mantiene dentro del rango. No se requieren acciones.
2026-06-22 13:30:48,642 - INFO - Precio actual de TSLA: $406.70
2026-06-22 13:30:48,642 - INFO - -> Última compra: $407.99 | Compras actuales: 1/10
2026-06-22 13:30:48,642 - INFO - -> Objetivo de COMPRA (caída a): $387.59 | Objetivo de VENTA (subida a): $424.31
2026-06-22 13:30:48,642 - INFO - El precio se mantiene dentro del rango. No se requieren acciones.
2026-06-22 13:31:48,834 - INFO - Precio actual de TSLA: $407.48
2026-06-22 13:31:48,835 - INFO - -> Última compra: $407.99 | Compras actuales: 1/10
2026-06-22 13:31:48,835 - INFO - -> Objetivo de COMPRA (caída a): $387.59 | Objetivo de VENTA (subida a): $424.31
2026-06-22 13:31:48,835 - INFO - El precio se mantiene dentro del rango. No se requieren acciones.
2026-06-22 13:32:49,023 - INFO - Precio actual de TSLA: $407.15
2026-06-22 13:32:49,023 - INFO - -> Última compra: $407.99 | Compras actuales: 1/10
2026-06-22 13:32:49,024 - INFO - -> Objetivo de COMPRA (caída a): $387.59 | Objetivo de VENTA (subida a): $424.31
2026-06-22 13:32:49,024 - INFO - El precio se mantiene dentro del rango. No se requieren acciones.
2026-06-22 13:33:49,235 - INFO - Precio actual de TSLA: $407.46
2026-06-22 13:33:49,236 - INFO - -> Última compra: $407.99 | Compras actuales: 1/10
2026-06-22 13:33:49,237 - INFO - -> Objetivo de COMPRA (caída a): $387.59 | Objetivo de VENTA (subida a): $424.31
2026-06-22 13:33:49,237 - INFO - El precio se mantiene dentro del rango. No se requieren acciones.
2026-06-22 13:34:49,454 - INFO - Precio actual de TSLA: $407.41
2026-06-22 13:34:49,454 - INFO - -> Última compra: $407.99 | Compras actuales: 1/10
2026-06-22 13:34:49,454 - INFO - -> Objetivo de COMPRA (caída a): $387.59 | Objetivo de VENTA (subida a): $424.31
2026-06-22 13:34:49,454 - INFO - El precio se mantiene dentro del rango. No se requieren acciones.
2026-06-22 13:35:49,641 - INFO - Precio actual de TSLA: $407.30
2026-06-22 13:35:49,641 - INFO - -> Última compra: $407.99 | Compras actuales: 1/10
2026-06-22 13:35:49,643 - INFO - -> Objetivo de COMPRA (caída a): $387.59 | Objetivo de VENTA (subida a): $424.31
2026-06-22 13:35:49,643 - INFO - El precio se mantiene dentro del rango. No se requieren acciones.
2026-06-22 13:36:49,826 - INFO - Precio actual de TSLA: $407.50
2026-06-22 13:36:49,826 - INFO - -> Última compra: $407.99 | Compras actuales: 1/10
2026-06-22 13:36:49,827 - INFO - -> Objetivo de COMPRA (caída a): $387.59 | Objetivo de VENTA (subida a): $424.31
2026-06-22 13:36:49,827 - INFO - El precio se mantiene dentro del rango. No se requieren acciones.
2026-06-22 13:37:50,016 - INFO - Precio actual de TSLA: $407.47
2026-06-22 13:37:50,016 - INFO - -> Última compra: $407.99 | Compras actuales: 1/10
2026-06-22 13:37:50,017 - INFO - -> Objetivo de COMPRA (caída a): $387.59 | Objetivo de VENTA (subida a): $424.31
2026-06-22 13:37:50,017 - INFO - El precio se mantiene dentro del rango. No se requieren acciones.
2026-06-22 13:38:50,199 - INFO - Precio actual de TSLA: $407.43
2026-06-22 13:38:50,199 - INFO - -> Última compra: $407.99 | Compras actuales: 1/10
2026-06-22 13:38:50,201 - INFO - -> Objetivo de COMPRA (caída a): $387.59 | Objetivo de VENTA (subida a): $424.31
2026-06-22 13:38:50,201 - INFO - El precio se mantiene dentro del rango. No se requieren acciones.
2026-06-22 13:39:50,384 - INFO - Precio actual de TSLA: $407.68
2026-06-22 13:39:50,385 - INFO - -> Última compra: $407.99 | Compras actuales: 1/10
2026-06-22 13:39:50,385 - INFO - -> Objetivo de COMPRA (caída a): $387.59 | Objetivo de VENTA (subida a): $424.31
2026-06-22 13:39:50,385 - INFO - El precio se mantiene dentro del rango. No se requieren acciones.
2026-06-22 13:40:50,573 - INFO - Precio actual de TSLA: $406.98
2026-06-22 13:40:50,573 - INFO - -> Última compra: $407.99 | Compras actuales: 1/10
2026-06-22 13:40:50,573 - INFO - -> Objetivo de COMPRA (caída a): $387.59 | Objetivo de VENTA (subida a): $424.31
2026-06-22 13:40:50,573 - INFO - El precio se mantiene dentro del rango. No se requieren acciones.
2026-06-22 13:41:50,756 - INFO - Precio actual de TSLA: $407.49
2026-06-22 13:41:50,757 - INFO - -> Última compra: $407.99 | Compras actuales: 1/10
2026-06-22 13:41:50,757 - INFO - -> Objetivo de COMPRA (caída a): $387.59 | Objetivo de VENTA (subida a): $424.31
2026-06-22 13:41:50,757 - INFO - El precio se mantiene dentro del rango. No se requieren acciones.
2026-06-22 13:42:50,956 - INFO - Precio actual de TSLA: $407.36
2026-06-22 13:42:50,957 - INFO - -> Última compra: $407.99 | Compras actuales: 1/10
2026-06-22 13:42:50,957 - INFO - -> Objetivo de COMPRA (caída a): $387.59 | Objetivo de VENTA (subida a): $424.31
2026-06-22 13:42:50,957 - INFO - El precio se mantiene dentro del rango. No se requieren acciones.
2026-06-22 13:43:51,149 - INFO - Precio actual de TSLA: $407.04
2026-06-22 13:43:51,149 - INFO - -> Última compra: $407.99 | Compras actuales: 1/10
2026-06-22 13:43:51,149 - INFO - -> Objetivo de COMPRA (caída a): $387.59 | Objetivo de VENTA (subida a): $424.31
2026-06-22 13:43:51,149 - INFO - El precio se mantiene dentro del rango. No se requieren acciones.
2026-06-22 13:44:51,342 - INFO - Precio actual de TSLA: $406.92
2026-06-22 13:44:51,343 - INFO - -> Última compra: $407.99 | Compras actuales: 1/10
2026-06-22 13:44:51,343 - INFO - -> Objetivo de COMPRA (caída a): $387.59 | Objetivo de VENTA (subida a): $424.31
2026-06-22 13:44:51,343 - INFO - El precio se mantiene dentro del rango. No se requieren acciones.
2026-06-22 13:45:51,981 - INFO - Precio actual de TSLA: $406.87
2026-06-22 13:45:51,981 - INFO - -> Última compra: $407.99 | Compras actuales: 1/10
2026-06-22 13:45:51,981 - INFO - -> Objetivo de COMPRA (caída a): $387.59 | Objetivo de VENTA (subida a): $424.31
2026-06-22 13:45:51,981 - INFO - El precio se mantiene dentro del rango. No se requieren acciones.
2026-06-22 13:46:52,211 - INFO - Precio actual de TSLA: $406.82
2026-06-22 13:46:52,213 - INFO - -> Última compra: $407.99 | Compras actuales: 1/10
2026-06-22 13:46:52,213 - INFO - -> Objetivo de COMPRA (caída a): $387.59 | Objetivo de VENTA (subida a): $424.31
2026-06-22 13:46:52,213 - INFO - El precio se mantiene dentro del rango. No se requieren acciones.
2026-06-22 13:47:52,397 - INFO - Precio actual de TSLA: $407.34
2026-06-22 13:47:52,397 - INFO - -> Última compra: $407.99 | Compras actuales: 1/10
2026-06-22 13:47:52,397 - INFO - -> Objetivo de COMPRA (caída a): $387.59 | Objetivo de VENTA (subida a): $424.31
2026-06-22 13:47:52,397 - INFO - El precio se mantiene dentro del rango. No se requieren acciones.
2026-06-22 13:48:52,582 - INFO - Precio actual de TSLA: $407.33
2026-06-22 13:48:52,583 - INFO - -> Última compra: $407.99 | Compras actuales: 1/10
2026-06-22 13:48:52,583 - INFO - -> Objetivo de COMPRA (caída a): $387.59 | Objetivo de VENTA (subida a): $424.31
2026-06-22 13:48:52,583 - INFO - El precio se mantiene dentro del rango. No se requieren acciones.
2026-06-22 13:49:52,796 - INFO - Precio actual de TSLA: $407.32
2026-06-22 13:49:52,796 - INFO - -> Última compra: $407.99 | Compras actuales: 1/10
2026-06-22 13:49:52,796 - INFO - -> Objetivo de COMPRA (caída a): $387.59 | Objetivo de VENTA (subida a): $424.31
2026-06-22 13:49:52,797 - INFO - El precio se mantiene dentro del rango. No se requieren acciones.
2026-06-22 13:50:53,039 - INFO - Precio actual de TSLA: $407.76
2026-06-22 13:50:53,039 - INFO - -> Última compra: $407.99 | Compras actuales: 1/10
2026-06-22 13:50:53,039 - INFO - -> Objetivo de COMPRA (caída a): $387.59 | Objetivo de VENTA (subida a): $424.31
2026-06-22 13:50:53,039 - INFO - El precio se mantiene dentro del rango. No se requieren acciones.
2026-06-22 13:51:53,343 - INFO - Precio actual de TSLA: $407.89
2026-06-22 13:51:53,343 - INFO - -> Última compra: $407.99 | Compras actuales: 1/10
2026-06-22 13:51:53,344 - INFO - -> Objetivo de COMPRA (caída a): $387.59 | Objetivo de VENTA (subida a): $424.31
2026-06-22 13:51:53,344 - INFO - El precio se mantiene dentro del rango. No se requieren acciones.
2026-06-22 13:52:53,572 - INFO - Precio actual de TSLA: $408.31
2026-06-22 13:52:53,572 - INFO - -> Última compra: $407.99 | Compras actuales: 1/10
2026-06-22 13:52:53,572 - INFO - -> Objetivo de COMPRA (caída a): $387.59 | Objetivo de VENTA (subida a): $424.31
2026-06-22 13:52:53,572 - INFO - El precio se mantiene dentro del rango. No se requieren acciones.
2026-06-22 13:53:53,886 - INFO - Precio actual de TSLA: $408.14
2026-06-22 13:53:53,886 - INFO - -> Última compra: $407.99 | Compras actuales: 1/10
2026-06-22 13:53:53,886 - INFO - -> Objetivo de COMPRA (caída a): $387.59 | Objetivo de VENTA (subida a): $424.31
2026-06-22 13:53:53,886 - INFO - El precio se mantiene dentro del rango. No se requieren acciones.
2026-06-22 13:54:54,155 - INFO - Precio actual de TSLA: $408.21
2026-06-22 13:54:54,155 - INFO - -> Última compra: $407.99 | Compras actuales: 1/10
2026-06-22 13:54:54,156 - INFO - -> Objetivo de COMPRA (caída a): $387.59 | Objetivo de VENTA (subida a): $424.31
2026-06-22 13:54:54,156 - INFO - El precio se mantiene dentro del rango. No se requieren acciones.
2026-06-22 13:55:54,401 - INFO - Precio actual de TSLA: $407.78
2026-06-22 13:55:54,401 - INFO - -> Última compra: $407.99 | Compras actuales: 1/10
2026-06-22 13:55:54,401 - INFO - -> Objetivo de COMPRA (caída a): $387.59 | Objetivo de VENTA (subida a): $424.31
2026-06-22 13:55:54,402 - INFO - El precio se mantiene dentro del rango. No se requieren acciones.
2026-06-22 13:56:54,581 - INFO - Precio actual de TSLA: $407.90
2026-06-22 13:56:54,581 - INFO - -> Última compra: $407.99 | Compras actuales: 1/10
2026-06-22 13:56:54,582 - INFO - -> Objetivo de COMPRA (caída a): $387.59 | Objetivo de VENTA (subida a): $424.31
2026-06-22 13:56:54,582 - INFO - El precio se mantiene dentro del rango. No se requieren acciones.
2026-06-22 13:57:54,853 - INFO - Precio actual de TSLA: $407.88
2026-06-22 13:57:54,854 - INFO - -> Última compra: $407.99 | Compras actuales: 1/10
2026-06-22 13:57:54,854 - INFO - -> Objetivo de COMPRA (caída a): $387.59 | Objetivo de VENTA (subida a): $424.31
2026-06-22 13:57:54,854 - INFO - El precio se mantiene dentro del rango. No se requieren acciones.
2026-06-22 13:58:55,040 - INFO - Precio actual de TSLA: $407.81
2026-06-22 13:58:55,040 - INFO - -> Última compra: $407.99 | Compras actuales: 1/10
2026-06-22 13:58:55,042 - INFO - -> Objetivo de COMPRA (caída a): $387.59 | Objetivo de VENTA (subida a): $424.31
2026-06-22 13:58:55,042 - INFO - El precio se mantiene dentro del rango. No se requieren acciones.
2026-06-22 13:59:55,221 - INFO - Precio actual de TSLA: $408.19
2026-06-22 13:59:55,221 - INFO - -> Última compra: $407.99 | Compras actuales: 1/10
2026-06-22 13:59:55,222 - INFO - -> Objetivo de COMPRA (caída a): $387.59 | Objetivo de VENTA (subida a): $424.31
2026-06-22 13:59:55,222 - INFO - El precio se mantiene dentro del rango. No se requieren acciones.
2026-06-22 14:00:55,408 - INFO - Precio actual de TSLA: $408.07
2026-06-22 14:00:55,408 - INFO - -> Última compra: $407.99 | Compras actuales: 1/10
2026-06-22 14:00:55,409 - INFO - -> Objetivo de COMPRA (caída a): $387.59 | Objetivo de VENTA (subida a): $424.31
2026-06-22 14:00:55,409 - INFO - El precio se mantiene dentro del rango. No se requieren acciones.
2026-06-22 14:01:55,593 - INFO - Precio actual de TSLA: $408.20
2026-06-22 14:01:55,593 - INFO - -> Última compra: $407.99 | Compras actuales: 1/10
2026-06-22 14:01:55,593 - INFO - -> Objetivo de COMPRA (caída a): $387.59 | Objetivo de VENTA (subida a): $424.31
2026-06-22 14:01:55,593 - INFO - El precio se mantiene dentro del rango. No se requieren acciones.
2026-06-22 14:02:55,777 - INFO - Precio actual de TSLA: $408.15
2026-06-22 14:02:55,777 - INFO - -> Última compra: $407.99 | Compras actuales: 1/10
2026-06-22 14:02:55,777 - INFO - -> Objetivo de COMPRA (caída a): $387.59 | Objetivo de VENTA (subida a): $424.31
2026-06-22 14:02:55,777 - INFO - El precio se mantiene dentro del rango. No se requieren acciones.
2026-06-22 14:03:55,957 - INFO - Precio actual de TSLA: $408.24
2026-06-22 14:03:55,957 - INFO - -> Última compra: $407.99 | Compras actuales: 1/10
2026-06-22 14:03:55,957 - INFO - -> Objetivo de COMPRA (caída a): $387.59 | Objetivo de VENTA (subida a): $424.31
2026-06-22 14:03:55,957 - INFO - El precio se mantiene dentro del rango. No se requieren acciones.
2026-06-22 14:04:56,140 - INFO - Precio actual de TSLA: $408.29
2026-06-22 14:04:56,140 - INFO - -> Última compra: $407.99 | Compras actuales: 1/10
2026-06-22 14:04:56,140 - INFO - -> Objetivo de COMPRA (caída a): $387.59 | Objetivo de VENTA (subida a): $424.31
2026-06-22 14:04:56,140 - INFO - El precio se mantiene dentro del rango. No se requieren acciones.
2026-06-22 14:05:56,317 - INFO - Precio actual de TSLA: $407.72
2026-06-22 14:05:56,318 - INFO - -> Última compra: $407.99 | Compras actuales: 1/10
2026-06-22 14:05:56,318 - INFO - -> Objetivo de COMPRA (caída a): $387.59 | Objetivo de VENTA (subida a): $424.31
2026-06-22 14:05:56,318 - INFO - El precio se mantiene dentro del rango. No se requieren acciones.
2026-06-22 14:06:56,500 - INFO - Precio actual de TSLA: $407.37
2026-06-22 14:06:56,500 - INFO - -> Última compra: $407.99 | Compras actuales: 1/10
2026-06-22 14:06:56,500 - INFO - -> Objetivo de COMPRA (caída a): $387.59 | Objetivo de VENTA (subida a): $424.31
2026-06-22 14:06:56,501 - INFO - El precio se mantiene dentro del rango. No se requieren acciones.
2026-06-22 14:07:56,680 - INFO - Precio actual de TSLA: $407.44
2026-06-22 14:07:56,681 - INFO - -> Última compra: $407.99 | Compras actuales: 1/10
2026-06-22 14:07:56,681 - INFO - -> Objetivo de COMPRA (caída a): $387.59 | Objetivo de VENTA (subida a): $424.31
2026-06-22 14:07:56,681 - INFO - El precio se mantiene dentro del rango. No se requieren acciones.
2026-06-22 14:08:56,862 - INFO - Precio actual de TSLA: $407.81
2026-06-22 14:08:56,864 - INFO - -> Última compra: $407.99 | Compras actuales: 1/10
2026-06-22 14:08:56,864 - INFO - -> Objetivo de COMPRA (caída a): $387.59 | Objetivo de VENTA (subida a): $424.31
2026-06-22 14:08:56,864 - INFO - El precio se mantiene dentro del rango. No se requieren acciones.
2026-06-22 14:09:57,046 - INFO - Precio actual de TSLA: $407.33
2026-06-22 14:09:57,047 - INFO - -> Última compra: $407.99 | Compras actuales: 1/10
2026-06-22 14:09:57,047 - INFO - -> Objetivo de COMPRA (caída a): $387.59 | Objetivo de VENTA (subida a): $424.31
2026-06-22 14:09:57,047 - INFO - El precio se mantiene dentro del rango. No se requieren acciones.
2026-06-22 14:10:57,239 - INFO - Precio actual de TSLA: $407.63
2026-06-22 14:10:57,239 - INFO - -> Última compra: $407.99 | Compras actuales: 1/10
2026-06-22 14:10:57,239 - INFO - -> Objetivo de COMPRA (caída a): $387.59 | Objetivo de VENTA (subida a): $424.31
2026-06-22 14:10:57,239 - INFO - El precio se mantiene dentro del rango. No se requieren acciones.
2026-06-22 14:11:57,421 - INFO - Precio actual de TSLA: $407.31
2026-06-22 14:11:57,421 - INFO - -> Última compra: $407.99 | Compras actuales: 1/10
2026-06-22 14:11:57,421 - INFO - -> Objetivo de COMPRA (caída a): $387.59 | Objetivo de VENTA (subida a): $424.31
2026-06-22 14:11:57,422 - INFO - El precio se mantiene dentro del rango. No se requieren acciones.
2026-06-22 14:12:57,620 - INFO - Precio actual de TSLA: $407.27
2026-06-22 14:12:57,620 - INFO - -> Última compra: $407.99 | Compras actuales: 1/10
2026-06-22 14:12:57,620 - INFO - -> Objetivo de COMPRA (caída a): $387.59 | Objetivo de VENTA (subida a): $424.31
2026-06-22 14:12:57,620 - INFO - El precio se mantiene dentro del rango. No se requieren acciones.
2026-06-22 14:13:57,812 - INFO - Precio actual de TSLA: $406.61
2026-06-22 14:13:57,813 - INFO - -> Última compra: $407.99 | Compras actuales: 1/10
2026-06-22 14:13:57,813 - INFO - -> Objetivo de COMPRA (caída a): $387.59 | Objetivo de VENTA (subida a): $424.31
2026-06-22 14:13:57,813 - INFO - El precio se mantiene dentro del rango. No se requieren acciones.
2026-06-22 14:14:58,002 - INFO - Precio actual de TSLA: $406.61
2026-06-22 14:14:58,003 - INFO - -> Última compra: $407.99 | Compras actuales: 1/10
2026-06-22 14:14:58,003 - INFO - -> Objetivo de COMPRA (caída a): $387.59 | Objetivo de VENTA (subida a): $424.31
2026-06-22 14:14:58,003 - INFO - El precio se mantiene dentro del rango. No se requieren acciones.
2026-06-22 14:15:58,189 - INFO - Precio actual de TSLA: $407.05
2026-06-22 14:15:58,189 - INFO - -> Última compra: $407.99 | Compras actuales: 1/10
2026-06-22 14:15:58,190 - INFO - -> Objetivo de COMPRA (caída a): $387.59 | Objetivo de VENTA (subida a): $424.31
2026-06-22 14:15:58,190 - INFO - El precio se mantiene dentro del rango. No se requieren acciones.
2026-06-22 14:16:58,380 - INFO - Precio actual de TSLA: $406.53
2026-06-22 14:16:58,380 - INFO - -> Última compra: $407.99 | Compras actuales: 1/10
2026-06-22 14:16:58,380 - INFO - -> Objetivo de COMPRA (caída a): $387.59 | Objetivo de VENTA (subida a): $424.31
2026-06-22 14:16:58,380 - INFO - El precio se mantiene dentro del rango. No se requieren acciones.
2026-06-22 14:17:58,572 - INFO - Precio actual de TSLA: $406.86
2026-06-22 14:17:58,572 - INFO - -> Última compra: $407.99 | Compras actuales: 1/10
2026-06-22 14:17:58,572 - INFO - -> Objetivo de COMPRA (caída a): $387.59 | Objetivo de VENTA (subida a): $424.31
2026-06-22 14:17:58,573 - INFO - El precio se mantiene dentro del rango. No se requieren acciones.
2026-06-22 14:18:58,759 - INFO - Precio actual de TSLA: $407.67
2026-06-22 14:18:58,759 - INFO - -> Última compra: $407.99 | Compras actuales: 1/10
2026-06-22 14:18:58,760 - INFO - -> Objetivo de COMPRA (caída a): $387.59 | Objetivo de VENTA (subida a): $424.31
2026-06-22 14:18:58,760 - INFO - El precio se mantiene dentro del rango. No se requieren acciones.
2026-06-22 14:19:58,948 - INFO - Precio actual de TSLA: $409.04
2026-06-22 14:19:58,948 - INFO - -> Última compra: $407.99 | Compras actuales: 1/10
2026-06-22 14:19:58,949 - INFO - -> Objetivo de COMPRA (caída a): $387.59 | Objetivo de VENTA (subida a): $424.31
2026-06-22 14:19:58,949 - INFO - El precio se mantiene dentro del rango. No se requieren acciones.
2026-06-22 14:20:59,139 - INFO - Precio actual de TSLA: $409.36
2026-06-22 14:20:59,140 - INFO - -> Última compra: $407.99 | Compras actuales: 1/10
2026-06-22 14:20:59,140 - INFO - -> Objetivo de COMPRA (caída a): $387.59 | Objetivo de VENTA (subida a): $424.31
2026-06-22 14:20:59,141 - INFO - El precio se mantiene dentro del rango. No se requieren acciones.
2026-06-22 14:21:59,321 - INFO - Precio actual de TSLA: $408.44
2026-06-22 14:21:59,321 - INFO - -> Última compra: $407.99 | Compras actuales: 1/10
2026-06-22 14:21:59,322 - INFO - -> Objetivo de COMPRA (caída a): $387.59 | Objetivo de VENTA (subida a): $424.31
2026-06-22 14:21:59,322 - INFO - El precio se mantiene dentro del rango. No se requieren acciones.
2026-06-22 14:22:59,523 - INFO - Precio actual de TSLA: $407.90
2026-06-22 14:22:59,523 - INFO - -> Última compra: $407.99 | Compras actuales: 1/10
2026-06-22 14:22:59,523 - INFO - -> Objetivo de COMPRA (caída a): $387.59 | Objetivo de VENTA (subida a): $424.31
2026-06-22 14:22:59,524 - INFO - El precio se mantiene dentro del rango. No se requieren acciones.
2026-06-22 14:23:59,713 - INFO - Precio actual de TSLA: $407.72
2026-06-22 14:23:59,713 - INFO - -> Última compra: $407.99 | Compras actuales: 1/10
2026-06-22 14:23:59,714 - INFO - -> Objetivo de COMPRA (caída a): $387.59 | Objetivo de VENTA (subida a): $424.31
2026-06-22 14:23:59,714 - INFO - El precio se mantiene dentro del rango. No se requieren acciones.
2026-06-22 14:24:59,901 - INFO - Precio actual de TSLA: $407.81
2026-06-22 14:24:59,901 - INFO - -> Última compra: $407.99 | Compras actuales: 1/10
2026-06-22 14:24:59,902 - INFO - -> Objetivo de COMPRA (caída a): $387.59 | Objetivo de VENTA (subida a): $424.31
2026-06-22 14:24:59,902 - INFO - El precio se mantiene dentro del rango. No se requieren acciones.
2026-06-22 14:26:00,091 - INFO - Precio actual de TSLA: $407.15
2026-06-22 14:26:00,091 - INFO - -> Última compra: $407.99 | Compras actuales: 1/10
2026-06-22 14:26:00,091 - INFO - -> Objetivo de COMPRA (caída a): $387.59 | Objetivo de VENTA (subida a): $424.31
2026-06-22 14:26:00,091 - INFO - El precio se mantiene dentro del rango. No se requieren acciones.
2026-06-22 14:27:00,291 - INFO - Precio actual de TSLA: $407.34
2026-06-22 14:27:00,292 - INFO - -> Última compra: $407.99 | Compras actuales: 1/10
2026-06-22 14:27:00,292 - INFO - -> Objetivo de COMPRA (caída a): $387.59 | Objetivo de VENTA (subida a): $424.31
2026-06-22 14:27:00,292 - INFO - El precio se mantiene dentro del rango. No se requieren acciones.
2026-06-22 14:28:00,478 - INFO - Precio actual de TSLA: $406.97
2026-06-22 14:28:00,480 - INFO - -> Última compra: $407.99 | Compras actuales: 1/10
2026-06-22 14:28:00,480 - INFO - -> Objetivo de COMPRA (caída a): $387.59 | Objetivo de VENTA (subida a): $424.31
2026-06-22 14:28:00,480 - INFO - El precio se mantiene dentro del rango. No se requieren acciones.
2026-06-22 14:29:00,683 - INFO - Precio actual de TSLA: $407.31
2026-06-22 14:29:00,683 - INFO - -> Última compra: $407.99 | Compras actuales: 1/10
2026-06-22 14:29:00,684 - INFO - -> Objetivo de COMPRA (caída a): $387.59 | Objetivo de VENTA (subida a): $424.31
2026-06-22 14:29:00,684 - INFO - El precio se mantiene dentro del rango. No se requieren acciones.
2026-06-22 14:30:00,874 - INFO - Precio actual de TSLA: $407.05
2026-06-22 14:30:00,874 - INFO - -> Última compra: $407.99 | Compras actuales: 1/10
2026-06-22 14:30:00,874 - INFO - -> Objetivo de COMPRA (caída a): $387.59 | Objetivo de VENTA (subida a): $424.31
2026-06-22 14:30:00,874 - INFO - El precio se mantiene dentro del rango. No se requieren acciones.
2026-06-22 14:31:01,060 - INFO - Precio actual de TSLA: $407.34
2026-06-22 14:31:01,061 - INFO - -> Última compra: $407.99 | Compras actuales: 1/10
2026-06-22 14:31:01,061 - INFO - -> Objetivo de COMPRA (caída a): $387.59 | Objetivo de VENTA (subida a): $424.31
2026-06-22 14:31:01,061 - INFO - El precio se mantiene dentro del rango. No se requieren acciones.
2026-06-22 14:32:01,256 - INFO - Precio actual de TSLA: $406.50
2026-06-22 14:32:01,256 - INFO - -> Última compra: $407.99 | Compras actuales: 1/10
2026-06-22 14:32:01,256 - INFO - -> Objetivo de COMPRA (caída a): $387.59 | Objetivo de VENTA (subida a): $424.31
2026-06-22 14:32:01,257 - INFO - El precio se mantiene dentro del rango. No se requieren acciones.
2026-06-22 14:33:01,446 - INFO - Precio actual de TSLA: $406.46
2026-06-22 14:33:01,446 - INFO - -> Última compra: $407.99 | Compras actuales: 1/10
2026-06-22 14:33:01,447 - INFO - -> Objetivo de COMPRA (caída a): $387.59 | Objetivo de VENTA (subida a): $424.31
2026-06-22 14:33:01,447 - INFO - El precio se mantiene dentro del rango. No se requieren acciones.
2026-06-22 14:34:01,627 - INFO - Precio actual de TSLA: $406.62
2026-06-22 14:34:01,627 - INFO - -> Última compra: $407.99 | Compras actuales: 1/10
2026-06-22 14:34:01,627 - INFO - -> Objetivo de COMPRA (caída a): $387.59 | Objetivo de VENTA (subida a): $424.31
2026-06-22 14:34:01,628 - INFO - El precio se mantiene dentro del rango. No se requieren acciones.
2026-06-22 14:35:01,831 - INFO - Precio actual de TSLA: $406.66
2026-06-22 14:35:01,831 - INFO - -> Última compra: $407.99 | Compras actuales: 1/10
2026-06-22 14:35:01,832 - INFO - -> Objetivo de COMPRA (caída a): $387.59 | Objetivo de VENTA (subida a): $424.31
2026-06-22 14:35:01,832 - INFO - El precio se mantiene dentro del rango. No se requieren acciones.
2026-06-22 14:36:02,015 - INFO - Precio actual de TSLA: $406.25
2026-06-22 14:36:02,015 - INFO - -> Última compra: $407.99 | Compras actuales: 1/10
2026-06-22 14:36:02,015 - INFO - -> Objetivo de COMPRA (caída a): $387.59 | Objetivo de VENTA (subida a): $424.31
2026-06-22 14:36:02,016 - INFO - El precio se mantiene dentro del rango. No se requieren acciones.
2026-06-22 14:37:02,196 - INFO - Precio actual de TSLA: $406.00
2026-06-22 14:37:02,198 - INFO - -> Última compra: $407.99 | Compras actuales: 1/10
2026-06-22 14:37:02,198 - INFO - -> Objetivo de COMPRA (caída a): $387.59 | Objetivo de VENTA (subida a): $424.31
2026-06-22 14:37:02,198 - INFO - El precio se mantiene dentro del rango. No se requieren acciones.
2026-06-22 14:38:02,381 - INFO - Precio actual de TSLA: $406.00
2026-06-22 14:38:02,381 - INFO - -> Última compra: $407.99 | Compras actuales: 1/10
2026-06-22 14:38:02,381 - INFO - -> Objetivo de COMPRA (caída a): $387.59 | Objetivo de VENTA (subida a): $424.31
2026-06-22 14:38:02,381 - INFO - El precio se mantiene dentro del rango. No se requieren acciones.
2026-06-22 14:39:02,565 - INFO - Precio actual de TSLA: $405.67
2026-06-22 14:39:02,566 - INFO - -> Última compra: $407.99 | Compras actuales: 1/10
2026-06-22 14:39:02,566 - INFO - -> Objetivo de COMPRA (caída a): $387.59 | Objetivo de VENTA (subida a): $424.31
2026-06-22 14:39:02,566 - INFO - El precio se mantiene dentro del rango. No se requieren acciones.
2026-06-22 14:40:02,760 - INFO - Precio actual de TSLA: $406.04
2026-06-22 14:40:02,761 - INFO - -> Última compra: $407.99 | Compras actuales: 1/10
2026-06-22 14:40:02,761 - INFO - -> Objetivo de COMPRA (caída a): $387.59 | Objetivo de VENTA (subida a): $424.31
2026-06-22 14:40:02,761 - INFO - El precio se mantiene dentro del rango. No se requieren acciones.
2026-06-22 14:41:02,944 - INFO - Precio actual de TSLA: $406.11
2026-06-22 14:41:02,944 - INFO - -> Última compra: $407.99 | Compras actuales: 1/10
2026-06-22 14:41:02,945 - INFO - -> Objetivo de COMPRA (caída a): $387.59 | Objetivo de VENTA (subida a): $424.31
2026-06-22 14:41:02,945 - INFO - El precio se mantiene dentro del rango. No se requieren acciones.
2026-06-22 14:42:03,126 - INFO - Precio actual de TSLA: $406.09
2026-06-22 14:42:03,127 - INFO - -> Última compra: $407.99 | Compras actuales: 1/10
2026-06-22 14:42:03,127 - INFO - -> Objetivo de COMPRA (caída a): $387.59 | Objetivo de VENTA (subida a): $424.31
2026-06-22 14:42:03,127 - INFO - El precio se mantiene dentro del rango. No se requieren acciones.
2026-06-22 14:43:03,306 - INFO - Precio actual de TSLA: $406.52
2026-06-22 14:43:03,307 - INFO - -> Última compra: $407.99 | Compras actuales: 1/10
2026-06-22 14:43:03,307 - INFO - -> Objetivo de COMPRA (caída a): $387.59 | Objetivo de VENTA (subida a): $424.31
2026-06-22 14:43:03,307 - INFO - El precio se mantiene dentro del rango. No se requieren acciones.
2026-06-22 14:44:03,499 - INFO - Precio actual de TSLA: $406.35
2026-06-22 14:44:03,499 - INFO - -> Última compra: $407.99 | Compras actuales: 1/10
2026-06-22 14:44:03,499 - INFO - -> Objetivo de COMPRA (caída a): $387.59 | Objetivo de VENTA (subida a): $424.31
2026-06-22 14:44:03,499 - INFO - El precio se mantiene dentro del rango. No se requieren acciones.
2026-06-22 14:45:03,686 - INFO - Precio actual de TSLA: $406.38
2026-06-22 14:45:03,686 - INFO - -> Última compra: $407.99 | Compras actuales: 1/10
2026-06-22 14:45:03,686 - INFO - -> Objetivo de COMPRA (caída a): $387.59 | Objetivo de VENTA (subida a): $424.31
2026-06-22 14:45:03,686 - INFO - El precio se mantiene dentro del rango. No se requieren acciones.
2026-06-22 14:46:03,871 - INFO - Precio actual de TSLA: $406.82
2026-06-22 14:46:03,871 - INFO - -> Última compra: $407.99 | Compras actuales: 1/10
2026-06-22 14:46:03,872 - INFO - -> Objetivo de COMPRA (caída a): $387.59 | Objetivo de VENTA (subida a): $424.31
2026-06-22 14:46:03,872 - INFO - El precio se mantiene dentro del rango. No se requieren acciones.
2026-06-22 14:47:04,483 - INFO - Precio actual de TSLA: $407.16
2026-06-22 14:47:04,483 - INFO - -> Última compra: $407.99 | Compras actuales: 1/10
2026-06-22 14:47:04,483 - INFO - -> Objetivo de COMPRA (caída a): $387.59 | Objetivo de VENTA (subida a): $424.31
2026-06-22 14:47:04,483 - INFO - El precio se mantiene dentro del rango. No se requieren acciones.
2026-06-22 14:48:04,694 - INFO - Precio actual de TSLA: $407.27
2026-06-22 14:48:04,695 - INFO - -> Última compra: $407.99 | Compras actuales: 1/10
2026-06-22 14:48:04,695 - INFO - -> Objetivo de COMPRA (caída a): $387.59 | Objetivo de VENTA (subida a): $424.31
2026-06-22 14:48:04,695 - INFO - El precio se mantiene dentro del rango. No se requieren acciones.
2026-06-22 14:49:04,884 - INFO - Precio actual de TSLA: $406.70
2026-06-22 14:49:04,884 - INFO - -> Última compra: $407.99 | Compras actuales: 1/10
2026-06-22 14:49:04,885 - INFO - -> Objetivo de COMPRA (caída a): $387.59 | Objetivo de VENTA (subida a): $424.31
2026-06-22 14:49:04,885 - INFO - El precio se mantiene dentro del rango. No se requieren acciones.
2026-06-22 14:50:05,111 - INFO - Precio actual de TSLA: $407.61
2026-06-22 14:50:05,112 - INFO - -> Última compra: $407.99 | Compras actuales: 1/10
2026-06-22 14:50:05,112 - INFO - -> Objetivo de COMPRA (caída a): $387.59 | Objetivo de VENTA (subida a): $424.31
2026-06-22 14:50:05,112 - INFO - El precio se mantiene dentro del rango. No se requieren acciones.
2026-06-22 14:51:05,302 - INFO - Precio actual de TSLA: $407.60
2026-06-22 14:51:05,303 - INFO - -> Última compra: $407.99 | Compras actuales: 1/10
2026-06-22 14:51:05,303 - INFO - -> Objetivo de COMPRA (caída a): $387.59 | Objetivo de VENTA (subida a): $424.31
2026-06-22 14:51:05,303 - INFO - El precio se mantiene dentro del rango. No se requieren acciones.
2026-06-22 14:52:05,494 - INFO - Precio actual de TSLA: $407.53
2026-06-22 14:52:05,495 - INFO - -> Última compra: $407.99 | Compras actuales: 1/10
2026-06-22 14:52:05,495 - INFO - -> Objetivo de COMPRA (caída a): $387.59 | Objetivo de VENTA (subida a): $424.31
2026-06-22 14:52:05,495 - INFO - El precio se mantiene dentro del rango. No se requieren acciones.
2026-06-22 14:53:05,679 - INFO - Precio actual de TSLA: $408.22
2026-06-22 14:53:05,679 - INFO - -> Última compra: $407.99 | Compras actuales: 1/10
2026-06-22 14:53:05,681 - INFO - -> Objetivo de COMPRA (caída a): $387.59 | Objetivo de VENTA (subida a): $424.31
2026-06-22 14:53:05,681 - INFO - El precio se mantiene dentro del rango. No se requieren acciones.
2026-06-22 14:54:05,870 - INFO - Precio actual de TSLA: $408.29
2026-06-22 14:54:05,870 - INFO - -> Última compra: $407.99 | Compras actuales: 1/10
2026-06-22 14:54:05,870 - INFO - -> Objetivo de COMPRA (caída a): $387.59 | Objetivo de VENTA (subida a): $424.31
2026-06-22 14:54:05,870 - INFO - El precio se mantiene dentro del rango. No se requieren acciones.
2026-06-22 14:55:06,100 - INFO - Precio actual de TSLA: $408.62
2026-06-22 14:55:06,100 - INFO - -> Última compra: $407.99 | Compras actuales: 1/10
2026-06-22 14:55:06,101 - INFO - -> Objetivo de COMPRA (caída a): $387.59 | Objetivo de VENTA (subida a): $424.31
2026-06-22 14:55:06,101 - INFO - El precio se mantiene dentro del rango. No se requieren acciones.
2026-06-22 14:56:06,298 - INFO - Precio actual de TSLA: $408.55
2026-06-22 14:56:06,298 - INFO - -> Última compra: $407.99 | Compras actuales: 1/10
2026-06-22 14:56:06,300 - INFO - -> Objetivo de COMPRA (caída a): $387.59 | Objetivo de VENTA (subida a): $424.31
2026-06-22 14:56:06,300 - INFO - El precio se mantiene dentro del rango. No se requieren acciones.
2026-06-22 14:56:54,889 - INFO - Iniciando Bot de Grid Trading para TSLA...
2026-06-22 14:56:55,690 - INFO - Conexión exitosa a Alpaca. Cuenta Demo: #PA3A5X1D0RZS
2026-06-22 14:56:55,690 - INFO - Efectivo Disponible: $90,000.96 | Valor de Portafolio: $100,033.55
2026-06-22 14:56:55,691 - INFO - Estado inicial cargado. Compras activas en la cuadrícula: 1
2026-06-22 14:56:55,691 - INFO -   [1] Compra a $407.99 | Cantidad: 24.510392 acciones | Fecha: 2026-06-22T16:18:57.449345+00:00
2026-06-22 14:56:56,281 - INFO - Precio actual de TSLA: $409.32
2026-06-22 14:56:56,281 - INFO - -> Última compra: $407.99 | Compras actuales: 1/10
2026-06-22 14:56:56,281 - INFO - -> Objetivo de COMPRA (caída a): $387.59 | Objetivo de VENTA (subida a): $424.31
2026-06-22 14:56:56,281 - INFO - El precio se mantiene dentro del rango. No se requieren acciones.
2026-06-22 14:57:06,480 - INFO - Precio actual de TSLA: $409.25
2026-06-22 14:57:06,480 - INFO - -> Última compra: $407.99 | Compras actuales: 1/10
2026-06-22 14:57:06,480 - INFO - -> Objetivo de COMPRA (caída a): $387.59 | Objetivo de VENTA (subida a): $424.31
2026-06-22 14:57:06,480 - INFO - El precio se mantiene dentro del rango. No se requieren acciones.
2026-06-22 14:57:56,464 - INFO - Precio actual de TSLA: $409.29
2026-06-22 14:57:56,464 - INFO - -> Última compra: $407.99 | Compras actuales: 1/10
2026-06-22 14:57:56,464 - INFO - -> Objetivo de COMPRA (caída a): $387.59 | Objetivo de VENTA (subida a): $424.31
2026-06-22 14:57:56,466 - INFO - El precio se mantiene dentro del rango. No se requieren acciones.
2026-06-22 14:58:06,671 - INFO - Precio actual de TSLA: $409.08
2026-06-22 14:58:06,671 - INFO - -> Última compra: $407.99 | Compras actuales: 1/10
2026-06-22 14:58:06,672 - INFO - -> Objetivo de COMPRA (caída a): $387.59 | Objetivo de VENTA (subida a): $424.31
2026-06-22 14:58:06,672 - INFO - El precio se mantiene dentro del rango. No se requieren acciones.
2026-06-22 14:58:56,653 - INFO - Precio actual de TSLA: $408.73
2026-06-22 14:58:56,653 - INFO - -> Última compra: $407.99 | Compras actuales: 1/10
2026-06-22 14:58:56,653 - INFO - -> Objetivo de COMPRA (caída a): $387.59 | Objetivo de VENTA (subida a): $424.31
2026-06-22 14:58:56,654 - INFO - El precio se mantiene dentro del rango. No se requieren acciones.
2026-06-22 14:59:06,855 - INFO - Precio actual de TSLA: $408.41
2026-06-22 14:59:06,856 - INFO - -> Última compra: $407.99 | Compras actuales: 1/10
2026-06-22 14:59:06,857 - INFO - -> Objetivo de COMPRA (caída a): $387.59 | Objetivo de VENTA (subida a): $424.31
2026-06-22 14:59:06,857 - INFO - El precio se mantiene dentro del rango. No se requieren acciones.
2026-06-22 14:59:56,911 - INFO - Precio actual de TSLA: $407.75
2026-06-22 14:59:56,912 - INFO - -> Última compra: $407.99 | Compras actuales: 1/10
2026-06-22 14:59:56,914 - INFO - -> Objetivo de COMPRA (caída a): $387.59 | Objetivo de VENTA (subida a): $424.31
2026-06-22 14:59:56,914 - INFO - El precio se mantiene dentro del rango. No se requieren acciones.
2026-06-22 15:00:07,170 - INFO - Precio actual de TSLA: $407.62
2026-06-22 15:00:07,170 - INFO - -> Última compra: $407.99 | Compras actuales: 1/10
2026-06-22 15:00:07,170 - INFO - -> Objetivo de COMPRA (caída a): $387.59 | Objetivo de VENTA (subida a): $424.31
2026-06-22 15:00:07,171 - INFO - El precio se mantiene dentro del rango. No se requieren acciones.
2026-06-22 15:00:57,178 - INFO - Precio actual de TSLA: $407.87
2026-06-22 15:00:57,178 - INFO - -> Última compra: $407.99 | Compras actuales: 1/10
2026-06-22 15:00:57,179 - INFO - -> Objetivo de COMPRA (caída a): $387.59 | Objetivo de VENTA (subida a): $424.31
2026-06-22 15:00:57,180 - INFO - El precio se mantiene dentro del rango. No se requieren acciones.
2026-06-22 15:01:07,354 - INFO - Precio actual de TSLA: $407.93
2026-06-22 15:01:07,354 - INFO - -> Última compra: $407.99 | Compras actuales: 1/10
2026-06-22 15:01:07,354 - INFO - -> Objetivo de COMPRA (caída a): $387.59 | Objetivo de VENTA (subida a): $424.31
2026-06-22 15:01:07,354 - INFO - El precio se mantiene dentro del rango. No se requieren acciones.
2026-06-22 15:01:57,438 - INFO - Precio actual de TSLA: $407.24
2026-06-22 15:01:57,440 - INFO - -> Última compra: $407.99 | Compras actuales: 1/10
2026-06-22 15:01:57,440 - INFO - -> Objetivo de COMPRA (caída a): $387.59 | Objetivo de VENTA (subida a): $424.31
2026-06-22 15:01:57,441 - INFO - El precio se mantiene dentro del rango. No se requieren acciones.
2026-06-22 15:02:07,633 - INFO - Precio actual de TSLA: $407.31
2026-06-22 15:02:07,633 - INFO - -> Última compra: $407.99 | Compras actuales: 1/10
2026-06-22 15:02:07,633 - INFO - -> Objetivo de COMPRA (caída a): $387.59 | Objetivo de VENTA (subida a): $424.31
2026-06-22 15:02:07,634 - INFO - El precio se mantiene dentro del rango. No se requieren acciones.
2026-06-22 15:02:57,669 - INFO - Precio actual de TSLA: $407.45
2026-06-22 15:02:57,671 - INFO - -> Última compra: $407.99 | Compras actuales: 1/10
2026-06-22 15:02:57,673 - INFO - -> Objetivo de COMPRA (caída a): $387.59 | Objetivo de VENTA (subida a): $424.31
2026-06-22 15:02:57,674 - INFO - El precio se mantiene dentro del rango. No se requieren acciones.
2026-06-22 15:03:07,863 - INFO - Precio actual de TSLA: $407.44
2026-06-22 15:03:07,863 - INFO - -> Última compra: $407.99 | Compras actuales: 1/10
2026-06-22 15:03:07,864 - INFO - -> Objetivo de COMPRA (caída a): $387.59 | Objetivo de VENTA (subida a): $424.31
2026-06-22 15:03:07,864 - INFO - El precio se mantiene dentro del rango. No se requieren acciones.
2026-06-22 15:03:57,866 - INFO - Precio actual de TSLA: $407.31
2026-06-22 15:03:57,866 - INFO - -> Última compra: $407.99 | Compras actuales: 1/10
2026-06-22 15:03:57,867 - INFO - -> Objetivo de COMPRA (caída a): $387.59 | Objetivo de VENTA (subida a): $424.31
2026-06-22 15:03:57,867 - INFO - El precio se mantiene dentro del rango. No se requieren acciones.
2026-06-22 15:04:08,053 - INFO - Precio actual de TSLA: $407.15
2026-06-22 15:04:08,053 - INFO - -> Última compra: $407.99 | Compras actuales: 1/10
2026-06-22 15:04:08,053 - INFO - -> Objetivo de COMPRA (caída a): $387.59 | Objetivo de VENTA (subida a): $424.31
2026-06-22 15:04:08,053 - INFO - El precio se mantiene dentro del rango. No se requieren acciones.
2026-06-22 15:04:58,075 - INFO - Precio actual de TSLA: $407.34
2026-06-22 15:04:58,076 - INFO - -> Última compra: $407.99 | Compras actuales: 1/10
2026-06-22 15:04:58,076 - INFO - -> Objetivo de COMPRA (caída a): $387.59 | Objetivo de VENTA (subida a): $424.31
2026-06-22 15:04:58,077 - INFO - El precio se mantiene dentro del rango. No se requieren acciones.
2026-06-22 15:05:08,234 - INFO - Precio actual de TSLA: $407.49
2026-06-22 15:05:08,234 - INFO - -> Última compra: $407.99 | Compras actuales: 1/10
2026-06-22 15:05:08,234 - INFO - -> Objetivo de COMPRA (caída a): $387.59 | Objetivo de VENTA (subida a): $424.31
2026-06-22 15:05:08,234 - INFO - El precio se mantiene dentro del rango. No se requieren acciones.
2026-06-22 15:05:58,269 - INFO - Precio actual de TSLA: $407.27
2026-06-22 15:05:58,270 - INFO - -> Última compra: $407.99 | Compras actuales: 1/10
2026-06-22 15:05:58,270 - INFO - -> Objetivo de COMPRA (caída a): $387.59 | Objetivo de VENTA (subida a): $424.31
2026-06-22 15:05:58,270 - INFO - El precio se mantiene dentro del rango. No se requieren acciones.
2026-06-22 15:06:08,452 - INFO - Precio actual de TSLA: $407.38
2026-06-22 15:06:08,452 - INFO - -> Última compra: $407.99 | Compras actuales: 1/10
2026-06-22 15:06:08,453 - INFO - -> Objetivo de COMPRA (caída a): $387.59 | Objetivo de VENTA (subida a): $424.31
2026-06-22 15:06:08,453 - INFO - El precio se mantiene dentro del rango. No se requieren acciones.
2026-06-22 15:06:58,459 - INFO - Precio actual de TSLA: $407.47
2026-06-22 15:06:58,460 - INFO - -> Última compra: $407.99 | Compras actuales: 1/10
2026-06-22 15:06:58,460 - INFO - -> Objetivo de COMPRA (caída a): $387.59 | Objetivo de VENTA (subida a): $424.31
2026-06-22 15:06:58,460 - INFO - El precio se mantiene dentro del rango. No se requieren acciones.
2026-06-22 15:07:08,636 - INFO - Precio actual de TSLA: $407.49
2026-06-22 15:07:08,636 - INFO - -> Última compra: $407.99 | Compras actuales: 1/10
2026-06-22 15:07:08,636 - INFO - -> Objetivo de COMPRA (caída a): $387.59 | Objetivo de VENTA (subida a): $424.31
2026-06-22 15:07:08,636 - INFO - El precio se mantiene dentro del rango. No se requieren acciones.
2026-06-22 15:07:58,651 - INFO - Precio actual de TSLA: $407.32
2026-06-22 15:07:58,652 - INFO - -> Última compra: $407.99 | Compras actuales: 1/10
2026-06-22 15:07:58,652 - INFO - -> Objetivo de COMPRA (caída a): $387.59 | Objetivo de VENTA (subida a): $424.31
2026-06-22 15:07:58,652 - INFO - El precio se mantiene dentro del rango. No se requieren acciones.
2026-06-22 15:08:08,826 - INFO - Precio actual de TSLA: $407.40
2026-06-22 15:08:08,826 - INFO - -> Última compra: $407.99 | Compras actuales: 1/10
2026-06-22 15:08:08,826 - INFO - -> Objetivo de COMPRA (caída a): $387.59 | Objetivo de VENTA (subida a): $424.31
2026-06-22 15:08:08,826 - INFO - El precio se mantiene dentro del rango. No se requieren acciones.
2026-06-22 15:08:58,863 - INFO - Precio actual de TSLA: $407.24
2026-06-22 15:08:58,864 - INFO - -> Última compra: $407.99 | Compras actuales: 1/10
2026-06-22 15:08:58,865 - INFO - -> Objetivo de COMPRA (caída a): $387.59 | Objetivo de VENTA (subida a): $424.31
2026-06-22 15:08:58,866 - INFO - El precio se mantiene dentro del rango. No se requieren acciones.
2026-06-22 15:09:09,016 - INFO - Precio actual de TSLA: $407.32
2026-06-22 15:09:09,016 - INFO - -> Última compra: $407.99 | Compras actuales: 1/10
2026-06-22 15:09:09,016 - INFO - -> Objetivo de COMPRA (caída a): $387.59 | Objetivo de VENTA (subida a): $424.31
2026-06-22 15:09:09,016 - INFO - El precio se mantiene dentro del rango. No se requieren acciones.
2026-06-22 15:09:59,059 - INFO - Precio actual de TSLA: $407.22
2026-06-22 15:09:59,059 - INFO - -> Última compra: $407.99 | Compras actuales: 1/10
2026-06-22 15:09:59,060 - INFO - -> Objetivo de COMPRA (caída a): $387.59 | Objetivo de VENTA (subida a): $424.31
2026-06-22 15:09:59,060 - INFO - El precio se mantiene dentro del rango. No se requieren acciones.
2026-06-22 15:10:09,213 - INFO - Precio actual de TSLA: $407.42
2026-06-22 15:10:09,214 - INFO - -> Última compra: $407.99 | Compras actuales: 1/10
2026-06-22 15:10:09,214 - INFO - -> Objetivo de COMPRA (caída a): $387.59 | Objetivo de VENTA (subida a): $424.31
2026-06-22 15:10:09,214 - INFO - El precio se mantiene dentro del rango. No se requieren acciones.
2026-06-22 15:10:59,246 - INFO - Precio actual de TSLA: $407.82
2026-06-22 15:10:59,247 - INFO - -> Última compra: $407.99 | Compras actuales: 1/10
2026-06-22 15:10:59,248 - INFO - -> Objetivo de COMPRA (caída a): $387.59 | Objetivo de VENTA (subida a): $424.31
2026-06-22 15:10:59,248 - INFO - El precio se mantiene dentro del rango. No se requieren acciones.
2026-06-22 15:11:09,417 - INFO - Precio actual de TSLA: $407.90
2026-06-22 15:11:09,418 - INFO - -> Última compra: $407.99 | Compras actuales: 1/10
2026-06-22 15:11:09,418 - INFO - -> Objetivo de COMPRA (caída a): $387.59 | Objetivo de VENTA (subida a): $424.31
2026-06-22 15:11:09,418 - INFO - El precio se mantiene dentro del rango. No se requieren acciones.
2026-06-22 15:11:59,433 - INFO - Precio actual de TSLA: $407.69
2026-06-22 15:11:59,434 - INFO - -> Última compra: $407.99 | Compras actuales: 1/10
2026-06-22 15:11:59,434 - INFO - -> Objetivo de COMPRA (caída a): $387.59 | Objetivo de VENTA (subida a): $424.31
2026-06-22 15:11:59,434 - INFO - El precio se mantiene dentro del rango. No se requieren acciones.
2026-06-22 15:12:09,610 - INFO - Precio actual de TSLA: $407.61
2026-06-22 15:12:09,610 - INFO - -> Última compra: $407.99 | Compras actuales: 1/10
2026-06-22 15:12:09,610 - INFO - -> Objetivo de COMPRA (caída a): $387.59 | Objetivo de VENTA (subida a): $424.31
2026-06-22 15:12:09,611 - INFO - El precio se mantiene dentro del rango. No se requieren acciones.
2026-06-22 15:12:59,668 - INFO - Precio actual de TSLA: $407.80
2026-06-22 15:12:59,669 - INFO - -> Última compra: $407.99 | Compras actuales: 1/10
2026-06-22 15:12:59,670 - INFO - -> Objetivo de COMPRA (caída a): $387.59 | Objetivo de VENTA (subida a): $424.31
2026-06-22 15:12:59,670 - INFO - El precio se mantiene dentro del rango. No se requieren acciones.
2026-06-22 15:13:09,840 - INFO - Precio actual de TSLA: $407.98
2026-06-22 15:13:09,840 - INFO - -> Última compra: $407.99 | Compras actuales: 1/10
2026-06-22 15:13:09,840 - INFO - -> Objetivo de COMPRA (caída a): $387.59 | Objetivo de VENTA (subida a): $424.31
2026-06-22 15:13:09,840 - INFO - El precio se mantiene dentro del rango. No se requieren acciones.
2026-06-22 15:13:59,909 - INFO - Precio actual de TSLA: $408.00
2026-06-22 15:13:59,910 - INFO - -> Última compra: $407.99 | Compras actuales: 1/10
2026-06-22 15:13:59,910 - INFO - -> Objetivo de COMPRA (caída a): $387.59 | Objetivo de VENTA (subida a): $424.31
2026-06-22 15:13:59,910 - INFO - El precio se mantiene dentro del rango. No se requieren acciones.
2026-06-22 15:14:10,037 - INFO - Precio actual de TSLA: $408.06
2026-06-22 15:14:10,038 - INFO - -> Última compra: $407.99 | Compras actuales: 1/10
2026-06-22 15:14:10,038 - INFO - -> Objetivo de COMPRA (caída a): $387.59 | Objetivo de VENTA (subida a): $424.31
2026-06-22 15:14:10,038 - INFO - El precio se mantiene dentro del rango. No se requieren acciones.
2026-06-22 15:15:00,097 - INFO - Precio actual de TSLA: $408.10
2026-06-22 15:15:00,097 - INFO - -> Última compra: $407.99 | Compras actuales: 1/10
2026-06-22 15:15:00,098 - INFO - -> Objetivo de COMPRA (caída a): $387.59 | Objetivo de VENTA (subida a): $424.31
2026-06-22 15:15:00,098 - INFO - El precio se mantiene dentro del rango. No se requieren acciones.
2026-06-22 15:15:10,234 - INFO - Precio actual de TSLA: $408.25
2026-06-22 15:15:10,234 - INFO - -> Última compra: $407.99 | Compras actuales: 1/10
2026-06-22 15:15:10,234 - INFO - -> Objetivo de COMPRA (caída a): $387.59 | Objetivo de VENTA (subida a): $424.31
2026-06-22 15:15:10,234 - INFO - El precio se mantiene dentro del rango. No se requieren acciones.
2026-06-22 15:16:00,297 - INFO - Precio actual de TSLA: $408.33
2026-06-22 15:16:00,297 - INFO - -> Última compra: $407.99 | Compras actuales: 1/10
2026-06-22 15:16:00,297 - INFO - -> Objetivo de COMPRA (caída a): $387.59 | Objetivo de VENTA (subida a): $424.31
2026-06-22 15:16:00,297 - INFO - El precio se mantiene dentro del rango. No se requieren acciones.
2026-06-22 15:16:10,422 - INFO - Precio actual de TSLA: $408.16
2026-06-22 15:16:10,422 - INFO - -> Última compra: $407.99 | Compras actuales: 1/10
2026-06-22 15:16:10,422 - INFO - -> Objetivo de COMPRA (caída a): $387.59 | Objetivo de VENTA (subida a): $424.31
2026-06-22 15:16:10,422 - INFO - El precio se mantiene dentro del rango. No se requieren acciones.
2026-06-22 15:17:00,483 - INFO - Precio actual de TSLA: $408.15
2026-06-22 15:17:00,484 - INFO - -> Última compra: $407.99 | Compras actuales: 1/10
2026-06-22 15:17:00,484 - INFO - -> Objetivo de COMPRA (caída a): $387.59 | Objetivo de VENTA (subida a): $424.31
2026-06-22 15:17:00,484 - INFO - El precio se mantiene dentro del rango. No se requieren acciones.
2026-06-22 15:17:10,614 - INFO - Precio actual de TSLA: $408.10
2026-06-22 15:17:10,615 - INFO - -> Última compra: $407.99 | Compras actuales: 1/10
2026-06-22 15:17:10,615 - INFO - -> Objetivo de COMPRA (caída a): $387.59 | Objetivo de VENTA (subida a): $424.31
2026-06-22 15:17:10,616 - INFO - El precio se mantiene dentro del rango. No se requieren acciones.
2026-06-22 15:18:00,734 - INFO - Precio actual de TSLA: $408.19
2026-06-22 15:18:00,734 - INFO - -> Última compra: $407.99 | Compras actuales: 1/10
2026-06-22 15:18:00,736 - INFO - -> Objetivo de COMPRA (caída a): $387.59 | Objetivo de VENTA (subida a): $424.31
2026-06-22 15:18:00,737 - INFO - El precio se mantiene dentro del rango. No se requieren acciones.
2026-06-22 15:18:10,885 - INFO - Precio actual de TSLA: $408.19
2026-06-22 15:18:10,886 - INFO - -> Última compra: $407.99 | Compras actuales: 1/10
2026-06-22 15:18:10,886 - INFO - -> Objetivo de COMPRA (caída a): $387.59 | Objetivo de VENTA (subida a): $424.31
2026-06-22 15:18:10,886 - INFO - El precio se mantiene dentro del rango. No se requieren acciones.
2026-06-22 15:19:00,973 - INFO - Precio actual de TSLA: $408.18
2026-06-22 15:19:00,974 - INFO - -> Última compra: $407.99 | Compras actuales: 1/10
2026-06-22 15:19:00,974 - INFO - -> Objetivo de COMPRA (caída a): $387.59 | Objetivo de VENTA (subida a): $424.31
2026-06-22 15:19:00,974 - INFO - El precio se mantiene dentro del rango. No se requieren acciones.
2026-06-22 15:19:11,141 - INFO - Precio actual de TSLA: $408.18
2026-06-22 15:19:11,142 - INFO - -> Última compra: $407.99 | Compras actuales: 1/10
2026-06-22 15:19:11,142 - INFO - -> Objetivo de COMPRA (caída a): $387.59 | Objetivo de VENTA (subida a): $424.31
2026-06-22 15:19:11,142 - INFO - El precio se mantiene dentro del rango. No se requieren acciones.
2026-06-22 17:25:21,689 - ERROR - Error al obtener el precio más reciente de TSLA: ('Connection aborted.', RemoteDisconnected('Remote end closed connection without response'))
2026-06-22 17:25:21,689 - WARNING - No se pudo obtener el precio actual. Reintentando en el próximo ciclo...
2026-06-22 17:25:31,849 - ERROR - Error al obtener el precio más reciente de TSLA: ('Connection aborted.', RemoteDisconnected('Remote end closed connection without response'))
2026-06-22 17:25:31,849 - WARNING - No se pudo obtener el precio actual. Reintentando en el próximo ciclo...
2026-06-22 17:26:22,301 - INFO - Precio actual de TSLA: $405.05
2026-06-22 17:26:22,303 - INFO - -> Última compra: $407.99 | Compras actuales: 1/10
2026-06-22 17:26:22,303 - INFO - -> Objetivo de COMPRA (caída a): $387.59 | Objetivo de VENTA (subida a): $424.31
2026-06-22 17:26:22,306 - INFO - El precio se mantiene dentro del rango. No se requieren acciones.
2026-06-22 17:26:32,484 - INFO - Precio actual de TSLA: $405.05
2026-06-22 17:26:32,484 - INFO - -> Última compra: $407.99 | Compras actuales: 1/10
2026-06-22 17:26:32,485 - INFO - -> Objetivo de COMPRA (caída a): $387.59 | Objetivo de VENTA (subida a): $424.31
2026-06-22 17:26:32,485 - INFO - El precio se mantiene dentro del rango. No se requieren acciones.
2026-06-22 17:27:22,495 - INFO - Precio actual de TSLA: $405.05
2026-06-22 17:27:22,496 - INFO - -> Última compra: $407.99 | Compras actuales: 1/10
2026-06-22 17:27:22,497 - INFO - -> Objetivo de COMPRA (caída a): $387.59 | Objetivo de VENTA (subida a): $424.31
2026-06-22 17:27:22,497 - INFO - El precio se mantiene dentro del rango. No se requieren acciones.
2026-06-22 17:27:32,671 - INFO - Precio actual de TSLA: $405.05
2026-06-22 17:27:32,671 - INFO - -> Última compra: $407.99 | Compras actuales: 1/10
2026-06-22 17:27:32,671 - INFO - -> Objetivo de COMPRA (caída a): $387.59 | Objetivo de VENTA (subida a): $424.31
2026-06-22 17:27:32,672 - INFO - El precio se mantiene dentro del rango. No se requieren acciones.
2026-06-22 17:28:22,708 - INFO - Precio actual de TSLA: $405.05
2026-06-22 17:28:22,708 - INFO - -> Última compra: $407.99 | Compras actuales: 1/10
2026-06-22 17:28:22,710 - INFO - -> Objetivo de COMPRA (caída a): $387.59 | Objetivo de VENTA (subida a): $424.31
2026-06-22 17:28:22,711 - INFO - El precio se mantiene dentro del rango. No se requieren acciones.
2026-06-22 17:28:32,854 - INFO - Precio actual de TSLA: $405.05
2026-06-22 17:28:32,855 - INFO - -> Última compra: $407.99 | Compras actuales: 1/10
2026-06-22 17:28:32,855 - INFO - -> Objetivo de COMPRA (caída a): $387.59 | Objetivo de VENTA (subida a): $424.31
2026-06-22 17:28:32,855 - INFO - El precio se mantiene dentro del rango. No se requieren acciones.
2026-06-22 17:29:22,895 - INFO - Precio actual de TSLA: $405.05
2026-06-22 17:29:22,896 - INFO - -> Última compra: $407.99 | Compras actuales: 1/10
2026-06-22 17:29:22,896 - INFO - -> Objetivo de COMPRA (caída a): $387.59 | Objetivo de VENTA (subida a): $424.31
2026-06-22 17:29:22,896 - INFO - El precio se mantiene dentro del rango. No se requieren acciones.
2026-06-22 17:29:33,065 - INFO - Precio actual de TSLA: $405.05
2026-06-22 17:29:33,066 - INFO - -> Última compra: $407.99 | Compras actuales: 1/10
2026-06-22 17:29:33,066 - INFO - -> Objetivo de COMPRA (caída a): $387.59 | Objetivo de VENTA (subida a): $424.31
2026-06-22 17:29:33,066 - INFO - El precio se mantiene dentro del rango. No se requieren acciones.
2026-06-22 17:30:23,083 - INFO - Precio actual de TSLA: $405.05
2026-06-22 17:30:23,083 - INFO - -> Última compra: $407.99 | Compras actuales: 1/10
2026-06-22 17:30:23,084 - INFO - -> Objetivo de COMPRA (caída a): $387.59 | Objetivo de VENTA (subida a): $424.31
2026-06-22 17:30:23,084 - INFO - El precio se mantiene dentro del rango. No se requieren acciones.
2026-06-22 17:30:33,253 - INFO - Precio actual de TSLA: $405.05
2026-06-22 17:30:33,253 - INFO - -> Última compra: $407.99 | Compras actuales: 1/10
2026-06-22 17:30:33,254 - INFO - -> Objetivo de COMPRA (caída a): $387.59 | Objetivo de VENTA (subida a): $424.31
2026-06-22 17:30:33,254 - INFO - El precio se mantiene dentro del rango. No se requieren acciones.
2026-06-22 17:31:23,270 - INFO - Precio actual de TSLA: $405.05
2026-06-22 17:31:23,271 - INFO - -> Última compra: $407.99 | Compras actuales: 1/10
2026-06-22 17:31:23,272 - INFO - -> Objetivo de COMPRA (caída a): $387.59 | Objetivo de VENTA (subida a): $424.31
2026-06-22 17:31:23,273 - INFO - El precio se mantiene dentro del rango. No se requieren acciones.
2026-06-22 17:31:33,438 - INFO - Precio actual de TSLA: $405.05
2026-06-22 17:31:33,439 - INFO - -> Última compra: $407.99 | Compras actuales: 1/10
2026-06-22 17:31:33,439 - INFO - -> Objetivo de COMPRA (caída a): $387.59 | Objetivo de VENTA (subida a): $424.31
2026-06-22 17:31:33,439 - INFO - El precio se mantiene dentro del rango. No se requieren acciones.
2026-06-22 17:32:23,485 - INFO - Precio actual de TSLA: $405.05
2026-06-22 17:32:23,486 - INFO - -> Última compra: $407.99 | Compras actuales: 1/10
2026-06-22 17:32:23,486 - INFO - -> Objetivo de COMPRA (caída a): $387.59 | Objetivo de VENTA (subida a): $424.31
2026-06-22 17:32:23,487 - INFO - El precio se mantiene dentro del rango. No se requieren acciones.
2026-06-22 17:32:33,623 - INFO - Precio actual de TSLA: $405.05
2026-06-22 17:32:33,624 - INFO - -> Última compra: $407.99 | Compras actuales: 1/10
2026-06-22 17:32:33,624 - INFO - -> Objetivo de COMPRA (caída a): $387.59 | Objetivo de VENTA (subida a): $424.31
2026-06-22 17:32:33,624 - INFO - El precio se mantiene dentro del rango. No se requieren acciones.
2026-06-22 17:33:23,683 - INFO - Precio actual de TSLA: $405.05
2026-06-22 17:33:23,684 - INFO - -> Última compra: $407.99 | Compras actuales: 1/10
2026-06-22 17:33:23,686 - INFO - -> Objetivo de COMPRA (caída a): $387.59 | Objetivo de VENTA (subida a): $424.31
2026-06-22 17:33:23,686 - INFO - El precio se mantiene dentro del rango. No se requieren acciones.
2026-06-22 17:33:33,816 - INFO - Precio actual de TSLA: $405.05
2026-06-22 17:33:33,818 - INFO - -> Última compra: $407.99 | Compras actuales: 1/10
2026-06-22 17:33:33,818 - INFO - -> Objetivo de COMPRA (caída a): $387.59 | Objetivo de VENTA (subida a): $424.31
2026-06-22 17:33:33,818 - INFO - El precio se mantiene dentro del rango. No se requieren acciones.
2026-06-22 17:34:23,908 - INFO - Precio actual de TSLA: $405.05
2026-06-22 17:34:23,910 - INFO - -> Última compra: $407.99 | Compras actuales: 1/10
2026-06-22 17:34:23,910 - INFO - -> Objetivo de COMPRA (caída a): $387.59 | Objetivo de VENTA (subida a): $424.31
2026-06-22 17:34:23,910 - INFO - El precio se mantiene dentro del rango. No se requieren acciones.
2026-06-22 17:34:34,004 - INFO - Precio actual de TSLA: $405.05
2026-06-22 17:34:34,005 - INFO - -> Última compra: $407.99 | Compras actuales: 1/10
2026-06-22 17:34:34,005 - INFO - -> Objetivo de COMPRA (caída a): $387.59 | Objetivo de VENTA (subida a): $424.31
2026-06-22 17:34:34,005 - INFO - El precio se mantiene dentro del rango. No se requieren acciones.
2026-06-22 17:35:24,094 - INFO - Precio actual de TSLA: $405.05
2026-06-22 17:35:24,095 - INFO - -> Última compra: $407.99 | Compras actuales: 1/10
2026-06-22 17:35:24,096 - INFO - -> Objetivo de COMPRA (caída a): $387.59 | Objetivo de VENTA (subida a): $424.31
2026-06-22 17:35:24,097 - INFO - El precio se mantiene dentro del rango. No se requieren acciones.
2026-06-22 17:35:34,193 - INFO - Precio actual de TSLA: $405.05
2026-06-22 17:35:34,194 - INFO - -> Última compra: $407.99 | Compras actuales: 1/10
2026-06-22 17:35:34,194 - INFO - -> Objetivo de COMPRA (caída a): $387.59 | Objetivo de VENTA (subida a): $424.31
2026-06-22 17:35:34,194 - INFO - El precio se mantiene dentro del rango. No se requieren acciones.
2026-06-22 17:36:24,279 - INFO - Precio actual de TSLA: $405.05
2026-06-22 17:36:24,280 - INFO - -> Última compra: $407.99 | Compras actuales: 1/10
2026-06-22 17:36:24,282 - INFO - -> Objetivo de COMPRA (caída a): $387.59 | Objetivo de VENTA (subida a): $424.31
2026-06-22 17:36:24,282 - INFO - El precio se mantiene dentro del rango. No se requieren acciones.
2026-06-22 17:36:34,378 - INFO - Precio actual de TSLA: $405.05
2026-06-22 17:36:34,379 - INFO - -> Última compra: $407.99 | Compras actuales: 1/10
2026-06-22 17:36:34,379 - INFO - -> Objetivo de COMPRA (caída a): $387.59 | Objetivo de VENTA (subida a): $424.31
2026-06-22 17:36:34,379 - INFO - El precio se mantiene dentro del rango. No se requieren acciones.
2026-06-22 17:37:24,467 - INFO - Precio actual de TSLA: $405.05
2026-06-22 17:37:24,469 - INFO - -> Última compra: $407.99 | Compras actuales: 1/10
2026-06-22 17:37:24,469 - INFO - -> Objetivo de COMPRA (caída a): $387.59 | Objetivo de VENTA (subida a): $424.31
2026-06-22 17:37:24,471 - INFO - El precio se mantiene dentro del rango. No se requieren acciones.
2026-06-22 17:37:34,566 - INFO - Precio actual de TSLA: $405.05
2026-06-22 17:37:34,567 - INFO - -> Última compra: $407.99 | Compras actuales: 1/10
2026-06-22 17:37:34,567 - INFO - -> Objetivo de COMPRA (caída a): $387.59 | Objetivo de VENTA (subida a): $424.31
2026-06-22 17:37:34,567 - INFO - El precio se mantiene dentro del rango. No se requieren acciones.
2026-06-22 17:38:24,652 - INFO - Precio actual de TSLA: $405.05
2026-06-22 17:38:24,652 - INFO - -> Última compra: $407.99 | Compras actuales: 1/10
2026-06-22 17:38:24,654 - INFO - -> Objetivo de COMPRA (caída a): $387.59 | Objetivo de VENTA (subida a): $424.31
2026-06-22 17:38:24,654 - INFO - El precio se mantiene dentro del rango. No se requieren acciones.
2026-06-22 17:38:34,759 - INFO - Precio actual de TSLA: $405.05
2026-06-22 17:38:34,760 - INFO - -> Última compra: $407.99 | Compras actuales: 1/10
2026-06-22 17:38:34,760 - INFO - -> Objetivo de COMPRA (caída a): $387.59 | Objetivo de VENTA (subida a): $424.31
2026-06-22 17:38:34,760 - INFO - El precio se mantiene dentro del rango. No se requieren acciones.
2026-06-22 17:39:24,865 - INFO - Precio actual de TSLA: $405.05
2026-06-22 17:39:24,866 - INFO - -> Última compra: $407.99 | Compras actuales: 1/10
2026-06-22 17:39:24,867 - INFO - -> Objetivo de COMPRA (caída a): $387.59 | Objetivo de VENTA (subida a): $424.31
2026-06-22 17:39:24,868 - INFO - El precio se mantiene dentro del rango. No se requieren acciones.
2026-06-22 17:39:34,943 - INFO - Precio actual de TSLA: $405.05
2026-06-22 17:39:34,944 - INFO - -> Última compra: $407.99 | Compras actuales: 1/10
2026-06-22 17:39:34,945 - INFO - -> Objetivo de COMPRA (caída a): $387.59 | Objetivo de VENTA (subida a): $424.31
2026-06-22 17:39:34,945 - INFO - El precio se mantiene dentro del rango. No se requieren acciones.
2026-06-22 17:40:25,108 - INFO - Precio actual de TSLA: $405.05
2026-06-22 17:40:25,108 - INFO - -> Última compra: $407.99 | Compras actuales: 1/10
2026-06-22 17:40:25,109 - INFO - -> Objetivo de COMPRA (caída a): $387.59 | Objetivo de VENTA (subida a): $424.31
2026-06-22 17:40:25,110 - INFO - El precio se mantiene dentro del rango. No se requieren acciones.
2026-06-22 17:40:35,128 - INFO - Precio actual de TSLA: $405.05
2026-06-22 17:40:35,129 - INFO - -> Última compra: $407.99 | Compras actuales: 1/10
2026-06-22 17:40:35,129 - INFO - -> Objetivo de COMPRA (caída a): $387.59 | Objetivo de VENTA (subida a): $424.31
2026-06-22 17:40:35,129 - INFO - El precio se mantiene dentro del rango. No se requieren acciones.
2026-06-22 17:41:25,293 - INFO - Precio actual de TSLA: $405.05
2026-06-22 17:41:25,295 - INFO - -> Última compra: $407.99 | Compras actuales: 1/10
2026-06-22 17:41:25,295 - INFO - -> Objetivo de COMPRA (caída a): $387.59 | Objetivo de VENTA (subida a): $424.31
2026-06-22 17:41:25,296 - INFO - El precio se mantiene dentro del rango. No se requieren acciones.
2026-06-22 17:41:35,312 - INFO - Precio actual de TSLA: $405.05
2026-06-22 17:41:35,312 - INFO - -> Última compra: $407.99 | Compras actuales: 1/10
2026-06-22 17:41:35,312 - INFO - -> Objetivo de COMPRA (caída a): $387.59 | Objetivo de VENTA (subida a): $424.31
2026-06-22 17:41:35,312 - INFO - El precio se mantiene dentro del rango. No se requieren acciones.
2026-06-22 17:42:25,487 - INFO - Precio actual de TSLA: $405.05
2026-06-22 17:42:25,488 - INFO - -> Última compra: $407.99 | Compras actuales: 1/10
2026-06-22 17:42:25,488 - INFO - -> Objetivo de COMPRA (caída a): $387.59 | Objetivo de VENTA (subida a): $424.31
2026-06-22 17:42:25,489 - INFO - El precio se mantiene dentro del rango. No se requieren acciones.
2026-06-22 17:42:35,495 - INFO - Precio actual de TSLA: $405.05
2026-06-22 17:42:35,496 - INFO - -> Última compra: $407.99 | Compras actuales: 1/10
2026-06-22 17:42:35,496 - INFO - -> Objetivo de COMPRA (caída a): $387.59 | Objetivo de VENTA (subida a): $424.31
2026-06-22 17:42:35,496 - INFO - El precio se mantiene dentro del rango. No se requieren acciones.
2026-06-22 17:43:25,683 - INFO - Precio actual de TSLA: $405.05
2026-06-22 17:43:25,684 - INFO - -> Última compra: $407.99 | Compras actuales: 1/10
2026-06-22 17:43:25,686 - INFO - -> Objetivo de COMPRA (caída a): $387.59 | Objetivo de VENTA (subida a): $424.31
2026-06-22 17:43:25,686 - INFO - El precio se mantiene dentro del rango. No se requieren acciones.
2026-06-22 17:43:35,692 - INFO - Precio actual de TSLA: $405.05
2026-06-22 17:43:35,692 - INFO - -> Última compra: $407.99 | Compras actuales: 1/10
2026-06-22 17:43:35,692 - INFO - -> Objetivo de COMPRA (caída a): $387.59 | Objetivo de VENTA (subida a): $424.31
2026-06-22 17:43:35,693 - INFO - El precio se mantiene dentro del rango. No se requieren acciones.
2026-06-22 17:44:25,878 - INFO - Precio actual de TSLA: $405.05
2026-06-22 17:44:25,878 - INFO - -> Última compra: $407.99 | Compras actuales: 1/10
2026-06-22 17:44:25,879 - INFO - -> Objetivo de COMPRA (caída a): $387.59 | Objetivo de VENTA (subida a): $424.31
2026-06-22 17:44:25,879 - INFO - El precio se mantiene dentro del rango. No se requieren acciones.
2026-06-22 17:44:35,886 - INFO - Precio actual de TSLA: $405.05
2026-06-22 17:44:35,887 - INFO - -> Última compra: $407.99 | Compras actuales: 1/10
2026-06-22 17:44:35,888 - INFO - -> Objetivo de COMPRA (caída a): $387.59 | Objetivo de VENTA (subida a): $424.31
2026-06-22 17:44:35,888 - INFO - El precio se mantiene dentro del rango. No se requieren acciones.
2026-06-22 17:45:26,078 - INFO - Precio actual de TSLA: $405.05
2026-06-22 17:45:26,078 - INFO - -> Última compra: $407.99 | Compras actuales: 1/10
2026-06-22 17:45:26,079 - INFO - -> Objetivo de COMPRA (caída a): $387.59 | Objetivo de VENTA (subida a): $424.31
2026-06-22 17:45:26,080 - INFO - El precio se mantiene dentro del rango. No se requieren acciones.
2026-06-22 17:45:36,093 - INFO - Precio actual de TSLA: $405.05
2026-06-22 17:45:36,094 - INFO - -> Última compra: $407.99 | Compras actuales: 1/10
2026-06-22 17:45:36,094 - INFO - -> Objetivo de COMPRA (caída a): $387.59 | Objetivo de VENTA (subida a): $424.31
2026-06-22 17:45:36,094 - INFO - El precio se mantiene dentro del rango. No se requieren acciones.
2026-06-22 17:46:26,274 - INFO - Precio actual de TSLA: $405.05
2026-06-22 17:46:26,277 - INFO - -> Última compra: $407.99 | Compras actuales: 1/10
2026-06-22 17:46:26,278 - INFO - -> Objetivo de COMPRA (caída a): $387.59 | Objetivo de VENTA (subida a): $424.31
2026-06-22 17:46:26,279 - INFO - El precio se mantiene dentro del rango. No se requieren acciones.
2026-06-22 17:46:36,290 - INFO - Precio actual de TSLA: $405.05
2026-06-22 17:46:36,290 - INFO - -> Última compra: $407.99 | Compras actuales: 1/10
2026-06-22 17:46:36,291 - INFO - -> Objetivo de COMPRA (caída a): $387.59 | Objetivo de VENTA (subida a): $424.31
2026-06-22 17:46:36,291 - INFO - El precio se mantiene dentro del rango. No se requieren acciones.
2026-06-22 17:47:26,468 - INFO - Precio actual de TSLA: $405.05
2026-06-22 17:47:26,468 - INFO - -> Última compra: $407.99 | Compras actuales: 1/10
2026-06-22 17:47:26,471 - INFO - -> Objetivo de COMPRA (caída a): $387.59 | Objetivo de VENTA (subida a): $424.31
2026-06-22 17:47:26,471 - INFO - El precio se mantiene dentro del rango. No se requieren acciones.
2026-06-22 17:47:36,484 - INFO - Precio actual de TSLA: $405.05
2026-06-22 17:47:36,484 - INFO - -> Última compra: $407.99 | Compras actuales: 1/10
2026-06-22 17:47:36,485 - INFO - -> Objetivo de COMPRA (caída a): $387.59 | Objetivo de VENTA (subida a): $424.31
2026-06-22 17:47:36,485 - INFO - El precio se mantiene dentro del rango. No se requieren acciones.
2026-06-22 17:48:26,672 - INFO - Precio actual de TSLA: $405.05
2026-06-22 17:48:26,674 - INFO - -> Última compra: $407.99 | Compras actuales: 1/10
2026-06-22 17:48:26,676 - INFO - -> Objetivo de COMPRA (caída a): $387.59 | Objetivo de VENTA (subida a): $424.31
2026-06-22 17:48:26,676 - INFO - El precio se mantiene dentro del rango. No se requieren acciones.
2026-06-22 17:48:36,712 - INFO - Precio actual de TSLA: $405.05
2026-06-22 17:48:36,712 - INFO - -> Última compra: $407.99 | Compras actuales: 1/10
2026-06-22 17:48:36,713 - INFO - -> Objetivo de COMPRA (caída a): $387.59 | Objetivo de VENTA (subida a): $424.31
2026-06-22 17:48:36,713 - INFO - El precio se mantiene dentro del rango. No se requieren acciones.
2026-06-22 17:49:26,876 - INFO - Precio actual de TSLA: $405.05
2026-06-22 17:49:26,877 - INFO - -> Última compra: $407.99 | Compras actuales: 1/10
2026-06-22 17:49:26,877 - INFO - -> Objetivo de COMPRA (caída a): $387.59 | Objetivo de VENTA (subida a): $424.31
2026-06-22 17:49:26,877 - INFO - El precio se mantiene dentro del rango. No se requieren acciones.
2026-06-22 17:49:36,910 - INFO - Precio actual de TSLA: $405.05
2026-06-22 17:49:36,910 - INFO - -> Última compra: $407.99 | Compras actuales: 1/10
2026-06-22 17:49:36,911 - INFO - -> Objetivo de COMPRA (caída a): $387.59 | Objetivo de VENTA (subida a): $424.31
2026-06-22 17:49:36,911 - INFO - El precio se mantiene dentro del rango. No se requieren acciones.
2026-06-22 17:50:27,074 - INFO - Precio actual de TSLA: $405.05
2026-06-22 17:50:27,076 - INFO - -> Última compra: $407.99 | Compras actuales: 1/10
2026-06-22 17:50:27,077 - INFO - -> Objetivo de COMPRA (caída a): $387.59 | Objetivo de VENTA (subida a): $424.31
2026-06-22 17:50:27,079 - INFO - El precio se mantiene dentro del rango. No se requieren acciones.
2026-06-22 17:50:37,100 - INFO - Precio actual de TSLA: $405.05
2026-06-22 17:50:37,100 - INFO - -> Última compra: $407.99 | Compras actuales: 1/10
2026-06-22 17:50:37,101 - INFO - -> Objetivo de COMPRA (caída a): $387.59 | Objetivo de VENTA (subida a): $424.31
2026-06-22 17:50:37,101 - INFO - El precio se mantiene dentro del rango. No se requieren acciones.
2026-06-22 17:51:27,278 - INFO - Precio actual de TSLA: $405.05
2026-06-22 17:51:27,278 - INFO - -> Última compra: $407.99 | Compras actuales: 1/10
2026-06-22 17:51:27,279 - INFO - -> Objetivo de COMPRA (caída a): $387.59 | Objetivo de VENTA (subida a): $424.31
2026-06-22 17:51:27,279 - INFO - El precio se mantiene dentro del rango. No se requieren acciones.
2026-06-22 17:51:37,290 - INFO - Precio actual de TSLA: $405.05
2026-06-22 17:51:37,291 - INFO - -> Última compra: $407.99 | Compras actuales: 1/10
2026-06-22 17:51:37,291 - INFO - -> Objetivo de COMPRA (caída a): $387.59 | Objetivo de VENTA (subida a): $424.31
2026-06-22 17:51:37,291 - INFO - El precio se mantiene dentro del rango. No se requieren acciones.
2026-06-22 17:52:27,479 - INFO - Precio actual de TSLA: $405.05
2026-06-22 17:52:27,479 - INFO - -> Última compra: $407.99 | Compras actuales: 1/10
2026-06-22 17:52:27,480 - INFO - -> Objetivo de COMPRA (caída a): $387.59 | Objetivo de VENTA (subida a): $424.31
2026-06-22 17:52:27,481 - INFO - El precio se mantiene dentro del rango. No se requieren acciones.
2026-06-22 17:52:37,488 - INFO - Precio actual de TSLA: $405.05
2026-06-22 17:52:37,488 - INFO - -> Última compra: $407.99 | Compras actuales: 1/10
2026-06-22 17:52:37,488 - INFO - -> Objetivo de COMPRA (caída a): $387.59 | Objetivo de VENTA (subida a): $424.31
2026-06-22 17:52:37,489 - INFO - El precio se mantiene dentro del rango. No se requieren acciones.
2026-06-22 17:53:27,670 - INFO - Precio actual de TSLA: $405.05
2026-06-22 17:53:27,672 - INFO - -> Última compra: $407.99 | Compras actuales: 1/10
2026-06-22 17:53:27,673 - INFO - -> Objetivo de COMPRA (caída a): $387.59 | Objetivo de VENTA (subida a): $424.31
2026-06-22 17:53:27,673 - INFO - El precio se mantiene dentro del rango. No se requieren acciones.
2026-06-22 17:53:37,680 - INFO - Precio actual de TSLA: $405.05
2026-06-22 17:53:37,681 - INFO - -> Última compra: $407.99 | Compras actuales: 1/10
2026-06-22 17:53:37,681 - INFO - -> Objetivo de COMPRA (caída a): $387.59 | Objetivo de VENTA (subida a): $424.31
2026-06-22 17:53:37,681 - INFO - El precio se mantiene dentro del rango. No se requieren acciones.
2026-06-22 17:54:27,867 - INFO - Precio actual de TSLA: $405.05
2026-06-22 17:54:27,869 - INFO - -> Última compra: $407.99 | Compras actuales: 1/10
2026-06-22 17:54:27,871 - INFO - -> Objetivo de COMPRA (caída a): $387.59 | Objetivo de VENTA (subida a): $424.31
2026-06-22 17:54:27,872 - INFO - El precio se mantiene dentro del rango. No se requieren acciones.
2026-06-22 17:54:37,875 - INFO - Precio actual de TSLA: $405.05
2026-06-22 17:54:37,875 - INFO - -> Última compra: $407.99 | Compras actuales: 1/10
2026-06-22 17:54:37,875 - INFO - -> Objetivo de COMPRA (caída a): $387.59 | Objetivo de VENTA (subida a): $424.31
2026-06-22 17:54:37,875 - INFO - El precio se mantiene dentro del rango. No se requieren acciones.
2026-06-22 17:55:28,079 - INFO - Precio actual de TSLA: $405.05
2026-06-22 17:55:28,080 - INFO - -> Última compra: $407.99 | Compras actuales: 1/10
2026-06-22 17:55:28,081 - INFO - -> Objetivo de COMPRA (caída a): $387.59 | Objetivo de VENTA (subida a): $424.31
2026-06-22 17:55:28,081 - INFO - El precio se mantiene dentro del rango. No se requieren acciones.
2026-06-22 17:55:38,064 - INFO - Precio actual de TSLA: $405.05
2026-06-22 17:55:38,065 - INFO - -> Última compra: $407.99 | Compras actuales: 1/10
2026-06-22 17:55:38,065 - INFO - -> Objetivo de COMPRA (caída a): $387.59 | Objetivo de VENTA (subida a): $424.31
2026-06-22 17:55:38,065 - INFO - El precio se mantiene dentro del rango. No se requieren acciones.
2026-06-22 17:56:28,291 - INFO - Precio actual de TSLA: $405.05
2026-06-22 17:56:28,294 - INFO - -> Última compra: $407.99 | Compras actuales: 1/10
2026-06-22 17:56:28,296 - INFO - -> Objetivo de COMPRA (caída a): $387.59 | Objetivo de VENTA (subida a): $424.31
2026-06-22 17:56:28,296 - INFO - El precio se mantiene dentro del rango. No se requieren acciones.
2026-06-22 17:56:38,256 - INFO - Precio actual de TSLA: $405.05
2026-06-22 17:56:38,256 - INFO - -> Última compra: $407.99 | Compras actuales: 1/10
2026-06-22 17:56:38,257 - INFO - -> Objetivo de COMPRA (caída a): $387.59 | Objetivo de VENTA (subida a): $424.31
2026-06-22 17:56:38,257 - INFO - El precio se mantiene dentro del rango. No se requieren acciones.
2026-06-22 17:57:28,490 - INFO - Precio actual de TSLA: $405.05
2026-06-22 17:57:28,490 - INFO - -> Última compra: $407.99 | Compras actuales: 1/10
2026-06-22 17:57:28,491 - INFO - -> Objetivo de COMPRA (caída a): $387.59 | Objetivo de VENTA (subida a): $424.31
2026-06-22 17:57:28,491 - INFO - El precio se mantiene dentro del rango. No se requieren acciones.
2026-06-22 17:57:38,449 - INFO - Precio actual de TSLA: $405.05
2026-06-22 17:57:38,449 - INFO - -> Última compra: $407.99 | Compras actuales: 1/10
2026-06-22 17:57:38,449 - INFO - -> Objetivo de COMPRA (caída a): $387.59 | Objetivo de VENTA (subida a): $424.31
2026-06-22 17:57:38,449 - INFO - El precio se mantiene dentro del rango. No se requieren acciones.
2026-06-22 17:58:28,678 - INFO - Precio actual de TSLA: $405.05
2026-06-22 17:58:28,680 - INFO - -> Última compra: $407.99 | Compras actuales: 1/10
2026-06-22 17:58:28,681 - INFO - -> Objetivo de COMPRA (caída a): $387.59 | Objetivo de VENTA (subida a): $424.31
2026-06-22 17:58:28,681 - INFO - El precio se mantiene dentro del rango. No se requieren acciones.
2026-06-22 17:58:38,630 - INFO - Precio actual de TSLA: $405.05
2026-06-22 17:58:38,630 - INFO - -> Última compra: $407.99 | Compras actuales: 1/10
2026-06-22 17:58:38,630 - INFO - -> Objetivo de COMPRA (caída a): $387.59 | Objetivo de VENTA (subida a): $424.31
2026-06-22 17:58:38,630 - INFO - El precio se mantiene dentro del rango. No se requieren acciones.
2026-06-22 17:59:28,898 - INFO - Precio actual de TSLA: $405.05
2026-06-22 17:59:28,899 - INFO - -> Última compra: $407.99 | Compras actuales: 1/10
2026-06-22 17:59:28,901 - INFO - -> Objetivo de COMPRA (caída a): $387.59 | Objetivo de VENTA (subida a): $424.31
2026-06-22 17:59:28,901 - INFO - El precio se mantiene dentro del rango. No se requieren acciones.
2026-06-22 17:59:38,816 - INFO - Precio actual de TSLA: $405.05
2026-06-22 17:59:38,816 - INFO - -> Última compra: $407.99 | Compras actuales: 1/10
2026-06-22 17:59:38,816 - INFO - -> Objetivo de COMPRA (caída a): $387.59 | Objetivo de VENTA (subida a): $424.31
2026-06-22 17:59:38,816 - INFO - El precio se mantiene dentro del rango. No se requieren acciones.
2026-06-22 18:00:29,090 - INFO - Precio actual de TSLA: $405.05
2026-06-22 18:00:29,091 - INFO - -> Última compra: $407.99 | Compras actuales: 1/10
2026-06-22 18:00:29,091 - INFO - -> Objetivo de COMPRA (caída a): $387.59 | Objetivo de VENTA (subida a): $424.31
2026-06-22 18:00:29,091 - INFO - El precio se mantiene dentro del rango. No se requieren acciones.
2026-06-22 18:00:39,011 - INFO - Precio actual de TSLA: $405.05
2026-06-22 18:00:39,011 - INFO - -> Última compra: $407.99 | Compras actuales: 1/10
2026-06-22 18:00:39,011 - INFO - -> Objetivo de COMPRA (caída a): $387.59 | Objetivo de VENTA (subida a): $424.31
2026-06-22 18:00:39,011 - INFO - El precio se mantiene dentro del rango. No se requieren acciones.
2026-06-22 18:01:29,303 - INFO - Precio actual de TSLA: $405.05
2026-06-22 18:01:29,304 - INFO - -> Última compra: $407.99 | Compras actuales: 1/10
2026-06-22 18:01:29,305 - INFO - -> Objetivo de COMPRA (caída a): $387.59 | Objetivo de VENTA (subida a): $424.31
2026-06-22 18:01:29,306 - INFO - El precio se mantiene dentro del rango. No se requieren acciones.
2026-06-22 18:01:39,212 - INFO - Precio actual de TSLA: $405.05
2026-06-22 18:01:39,212 - INFO - -> Última compra: $407.99 | Compras actuales: 1/10
2026-06-22 18:01:39,212 - INFO - -> Objetivo de COMPRA (caída a): $387.59 | Objetivo de VENTA (subida a): $424.31
2026-06-22 18:01:39,212 - INFO - El precio se mantiene dentro del rango. No se requieren acciones.
2026-06-22 18:02:29,522 - INFO - Precio actual de TSLA: $405.05
2026-06-22 18:02:29,524 - INFO - -> Última compra: $407.99 | Compras actuales: 1/10
2026-06-22 18:02:29,524 - INFO - -> Objetivo de COMPRA (caída a): $387.59 | Objetivo de VENTA (subida a): $424.31
2026-06-22 18:02:29,526 - INFO - El precio se mantiene dentro del rango. No se requieren acciones.
2026-06-22 18:02:39,424 - INFO - Precio actual de TSLA: $405.05
2026-06-22 18:02:39,424 - INFO - -> Última compra: $407.99 | Compras actuales: 1/10
2026-06-22 18:02:39,424 - INFO - -> Objetivo de COMPRA (caída a): $387.59 | Objetivo de VENTA (subida a): $424.31
2026-06-22 18:02:39,424 - INFO - El precio se mantiene dentro del rango. No se requieren acciones.
2026-06-22 18:03:29,718 - INFO - Precio actual de TSLA: $405.05
2026-06-22 18:03:29,718 - INFO - -> Última compra: $407.99 | Compras actuales: 1/10
2026-06-22 18:03:29,720 - INFO - -> Objetivo de COMPRA (caída a): $387.59 | Objetivo de VENTA (subida a): $424.31
2026-06-22 18:03:29,721 - INFO - El precio se mantiene dentro del rango. No se requieren acciones.
2026-06-22 18:03:39,611 - INFO - Precio actual de TSLA: $405.05
2026-06-22 18:03:39,611 - INFO - -> Última compra: $407.99 | Compras actuales: 1/10
2026-06-22 18:03:39,613 - INFO - -> Objetivo de COMPRA (caída a): $387.59 | Objetivo de VENTA (subida a): $424.31
2026-06-22 18:03:39,613 - INFO - El precio se mantiene dentro del rango. No se requieren acciones.
2026-06-22 18:04:29,917 - INFO - Precio actual de TSLA: $405.05
2026-06-22 18:04:29,919 - INFO - -> Última compra: $407.99 | Compras actuales: 1/10
2026-06-22 18:04:29,920 - INFO - -> Objetivo de COMPRA (caída a): $387.59 | Objetivo de VENTA (subida a): $424.31
2026-06-22 18:04:29,921 - INFO - El precio se mantiene dentro del rango. No se requieren acciones.
2026-06-22 18:04:39,816 - INFO - Precio actual de TSLA: $405.05
2026-06-22 18:04:39,816 - INFO - -> Última compra: $407.99 | Compras actuales: 1/10
2026-06-22 18:04:39,816 - INFO - -> Objetivo de COMPRA (caída a): $387.59 | Objetivo de VENTA (subida a): $424.31
2026-06-22 18:04:39,816 - INFO - El precio se mantiene dentro del rango. No se requieren acciones.
2026-06-22 18:05:30,121 - INFO - Precio actual de TSLA: $405.05
2026-06-22 18:05:30,125 - INFO - -> Última compra: $407.99 | Compras actuales: 1/10
2026-06-22 18:05:30,126 - INFO - -> Objetivo de COMPRA (caída a): $387.59 | Objetivo de VENTA (subida a): $424.31
2026-06-22 18:05:30,127 - INFO - El precio se mantiene dentro del rango. No se requieren acciones.
2026-06-22 18:05:40,013 - INFO - Precio actual de TSLA: $405.05
2026-06-22 18:05:40,013 - INFO - -> Última compra: $407.99 | Compras actuales: 1/10
2026-06-22 18:05:40,013 - INFO - -> Objetivo de COMPRA (caída a): $387.59 | Objetivo de VENTA (subida a): $424.31
2026-06-22 18:05:40,013 - INFO - El precio se mantiene dentro del rango. No se requieren acciones.
2026-06-22 18:06:30,318 - INFO - Precio actual de TSLA: $405.05
2026-06-22 18:06:30,320 - INFO - -> Última compra: $407.99 | Compras actuales: 1/10
2026-06-22 18:06:30,320 - INFO - -> Objetivo de COMPRA (caída a): $387.59 | Objetivo de VENTA (subida a): $424.31
2026-06-22 18:06:30,321 - INFO - El precio se mantiene dentro del rango. No se requieren acciones.
2026-06-22 18:06:40,213 - INFO - Precio actual de TSLA: $405.05
2026-06-22 18:06:40,213 - INFO - -> Última compra: $407.99 | Compras actuales: 1/10
2026-06-22 18:06:40,214 - INFO - -> Objetivo de COMPRA (caída a): $387.59 | Objetivo de VENTA (subida a): $424.31
2026-06-22 18:06:40,214 - INFO - El precio se mantiene dentro del rango. No se requieren acciones.
2026-06-22 18:07:30,696 - INFO - Precio actual de TSLA: $405.05
2026-06-22 18:07:30,700 - INFO - -> Última compra: $407.99 | Compras actuales: 1/10
2026-06-22 18:07:30,700 - INFO - -> Objetivo de COMPRA (caída a): $387.59 | Objetivo de VENTA (subida a): $424.31
2026-06-22 18:07:30,701 - INFO - El precio se mantiene dentro del rango. No se requieren acciones.
2026-06-22 18:07:40,648 - INFO - Precio actual de TSLA: $405.05
2026-06-22 18:07:40,648 - INFO - -> Última compra: $407.99 | Compras actuales: 1/10
2026-06-22 18:07:40,648 - INFO - -> Objetivo de COMPRA (caída a): $387.59 | Objetivo de VENTA (subida a): $424.31
2026-06-22 18:07:40,648 - INFO - El precio se mantiene dentro del rango. No se requieren acciones.
2026-06-22 18:08:31,041 - INFO - Precio actual de TSLA: $405.05
2026-06-22 18:08:31,042 - INFO - -> Última compra: $407.99 | Compras actuales: 1/10
2026-06-22 18:08:31,043 - INFO - -> Objetivo de COMPRA (caída a): $387.59 | Objetivo de VENTA (subida a): $424.31
2026-06-22 18:08:31,043 - INFO - El precio se mantiene dentro del rango. No se requieren acciones.
2026-06-22 18:08:40,898 - INFO - Precio actual de TSLA: $405.05
2026-06-22 18:08:40,898 - INFO - -> Última compra: $407.99 | Compras actuales: 1/10
2026-06-22 18:08:40,898 - INFO - -> Objetivo de COMPRA (caída a): $387.59 | Objetivo de VENTA (subida a): $424.31
2026-06-22 18:08:40,898 - INFO - El precio se mantiene dentro del rango. No se requieren acciones.
2026-06-22 18:09:31,363 - INFO - Precio actual de TSLA: $405.05
2026-06-22 18:09:31,366 - INFO - -> Última compra: $407.99 | Compras actuales: 1/10
2026-06-22 18:09:31,367 - INFO - -> Objetivo de COMPRA (caída a): $387.59 | Objetivo de VENTA (subida a): $424.31
2026-06-22 18:09:31,367 - INFO - El precio se mantiene dentro del rango. No se requieren acciones.
2026-06-22 18:09:41,231 - INFO - Precio actual de TSLA: $405.05
2026-06-22 18:09:41,231 - INFO - -> Última compra: $407.99 | Compras actuales: 1/10
2026-06-22 18:09:41,232 - INFO - -> Objetivo de COMPRA (caída a): $387.59 | Objetivo de VENTA (subida a): $424.31
2026-06-22 18:09:41,232 - INFO - El precio se mantiene dentro del rango. No se requieren acciones.
2026-06-22 18:10:31,667 - INFO - Precio actual de TSLA: $405.05
2026-06-22 18:10:31,671 - INFO - -> Última compra: $407.99 | Compras actuales: 1/10
2026-06-22 18:10:31,672 - INFO - -> Objetivo de COMPRA (caída a): $387.59 | Objetivo de VENTA (subida a): $424.31
2026-06-22 18:10:31,673 - INFO - El precio se mantiene dentro del rango. No se requieren acciones.
2026-06-22 18:10:41,474 - INFO - Precio actual de TSLA: $405.05
2026-06-22 18:10:41,475 - INFO - -> Última compra: $407.99 | Compras actuales: 1/10
2026-06-22 18:10:41,475 - INFO - -> Objetivo de COMPRA (caída a): $387.59 | Objetivo de VENTA (subida a): $424.31
2026-06-22 18:10:41,475 - INFO - El precio se mantiene dentro del rango. No se requieren acciones.
2026-06-22 18:11:31,941 - INFO - Precio actual de TSLA: $405.05
2026-06-22 18:11:31,942 - INFO - -> Última compra: $407.99 | Compras actuales: 1/10
2026-06-22 18:11:31,942 - INFO - -> Objetivo de COMPRA (caída a): $387.59 | Objetivo de VENTA (subida a): $424.31
2026-06-22 18:11:31,943 - INFO - El precio se mantiene dentro del rango. No se requieren acciones.
2026-06-22 18:11:41,706 - INFO - Precio actual de TSLA: $405.05
2026-06-22 18:11:41,706 - INFO - -> Última compra: $407.99 | Compras actuales: 1/10
2026-06-22 18:11:41,706 - INFO - -> Objetivo de COMPRA (caída a): $387.59 | Objetivo de VENTA (subida a): $424.31
2026-06-22 18:11:41,707 - INFO - El precio se mantiene dentro del rango. No se requieren acciones.
2026-06-22 18:12:32,224 - INFO - Precio actual de TSLA: $405.05
2026-06-22 18:12:32,224 - INFO - -> Última compra: $407.99 | Compras actuales: 1/10
2026-06-22 18:12:32,225 - INFO - -> Objetivo de COMPRA (caída a): $387.59 | Objetivo de VENTA (subida a): $424.31
2026-06-22 18:12:32,225 - INFO - El precio se mantiene dentro del rango. No se requieren acciones.
2026-06-22 18:12:41,948 - INFO - Precio actual de TSLA: $405.05
2026-06-22 18:12:41,948 - INFO - -> Última compra: $407.99 | Compras actuales: 1/10
2026-06-22 18:12:41,949 - INFO - -> Objetivo de COMPRA (caída a): $387.59 | Objetivo de VENTA (subida a): $424.31
2026-06-22 18:12:41,949 - INFO - El precio se mantiene dentro del rango. No se requieren acciones.
2026-06-22 18:13:32,524 - INFO - Precio actual de TSLA: $405.05
2026-06-22 18:13:32,524 - INFO - -> Última compra: $407.99 | Compras actuales: 1/10
2026-06-22 18:13:32,525 - INFO - -> Objetivo de COMPRA (caída a): $387.59 | Objetivo de VENTA (subida a): $424.31
2026-06-22 18:13:32,525 - INFO - El precio se mantiene dentro del rango. No se requieren acciones.
2026-06-22 18:13:42,237 - INFO - Precio actual de TSLA: $405.05
2026-06-22 18:13:42,237 - INFO - -> Última compra: $407.99 | Compras actuales: 1/10
2026-06-22 18:13:42,239 - INFO - -> Objetivo de COMPRA (caída a): $387.59 | Objetivo de VENTA (subida a): $424.31
2026-06-22 18:13:42,239 - INFO - El precio se mantiene dentro del rango. No se requieren acciones.
2026-06-22 18:14:32,844 - INFO - Precio actual de TSLA: $405.05
2026-06-22 18:14:32,845 - INFO - -> Última compra: $407.99 | Compras actuales: 1/10
2026-06-22 18:14:32,846 - INFO - -> Objetivo de COMPRA (caída a): $387.59 | Objetivo de VENTA (subida a): $424.31
2026-06-22 18:14:32,848 - INFO - El precio se mantiene dentro del rango. No se requieren acciones.
2026-06-22 18:14:42,476 - INFO - Precio actual de TSLA: $405.05
2026-06-22 18:14:42,476 - INFO - -> Última compra: $407.99 | Compras actuales: 1/10
2026-06-22 18:14:42,476 - INFO - -> Objetivo de COMPRA (caída a): $387.59 | Objetivo de VENTA (subida a): $424.31
2026-06-22 18:14:42,476 - INFO - El precio se mantiene dentro del rango. No se requieren acciones.
2026-06-22 18:15:33,060 - INFO - Precio actual de TSLA: $405.05
2026-06-22 18:15:33,060 - INFO - -> Última compra: $407.99 | Compras actuales: 1/10
2026-06-22 18:15:33,061 - INFO - -> Objetivo de COMPRA (caída a): $387.59 | Objetivo de VENTA (subida a): $424.31
2026-06-22 18:15:33,062 - INFO - El precio se mantiene dentro del rango. No se requieren acciones.
2026-06-22 18:15:42,749 - INFO - Precio actual de TSLA: $405.05
2026-06-22 18:15:42,749 - INFO - -> Última compra: $407.99 | Compras actuales: 1/10
2026-06-22 18:15:42,751 - INFO - -> Objetivo de COMPRA (caída a): $387.59 | Objetivo de VENTA (subida a): $424.31
2026-06-22 18:15:42,751 - INFO - El precio se mantiene dentro del rango. No se requieren acciones.
2026-06-22 18:16:33,444 - INFO - Precio actual de TSLA: $405.05
2026-06-22 18:16:33,445 - INFO - -> Última compra: $407.99 | Compras actuales: 1/10
2026-06-22 18:16:33,446 - INFO - -> Objetivo de COMPRA (caída a): $387.59 | Objetivo de VENTA (subida a): $424.31
2026-06-22 18:16:33,446 - INFO - El precio se mantiene dentro del rango. No se requieren acciones.
2026-06-22 18:16:42,982 - INFO - Precio actual de TSLA: $405.05
2026-06-22 18:16:42,982 - INFO - -> Última compra: $407.99 | Compras actuales: 1/10
2026-06-22 18:16:42,982 - INFO - -> Objetivo de COMPRA (caída a): $387.59 | Objetivo de VENTA (subida a): $424.31
2026-06-22 18:16:42,982 - INFO - El precio se mantiene dentro del rango. No se requieren acciones.
2026-06-22 18:17:33,737 - INFO - Precio actual de TSLA: $405.05
2026-06-22 18:17:33,737 - INFO - -> Última compra: $407.99 | Compras actuales: 1/10
2026-06-22 18:17:33,738 - INFO - -> Objetivo de COMPRA (caída a): $387.59 | Objetivo de VENTA (subida a): $424.31
2026-06-22 18:17:33,738 - INFO - El precio se mantiene dentro del rango. No se requieren acciones.
2026-06-22 18:17:43,336 - INFO - Precio actual de TSLA: $405.05
2026-06-22 18:17:43,336 - INFO - -> Última compra: $407.99 | Compras actuales: 1/10
2026-06-22 18:17:43,337 - INFO - -> Objetivo de COMPRA (caída a): $387.59 | Objetivo de VENTA (subida a): $424.31
2026-06-22 18:17:43,337 - INFO - El precio se mantiene dentro del rango. No se requieren acciones.
2026-06-22 18:18:33,981 - INFO - Precio actual de TSLA: $405.05
2026-06-22 18:18:33,982 - INFO - -> Última compra: $407.99 | Compras actuales: 1/10
2026-06-22 18:18:33,982 - INFO - -> Objetivo de COMPRA (caída a): $387.59 | Objetivo de VENTA (subida a): $424.31
2026-06-22 18:18:33,982 - INFO - El precio se mantiene dentro del rango. No se requieren acciones.
2026-06-22 18:18:43,552 - INFO - Precio actual de TSLA: $405.05
2026-06-22 18:18:43,552 - INFO - -> Última compra: $407.99 | Compras actuales: 1/10
2026-06-22 18:18:43,552 - INFO - -> Objetivo de COMPRA (caída a): $387.59 | Objetivo de VENTA (subida a): $424.31
2026-06-22 18:18:43,552 - INFO - El precio se mantiene dentro del rango. No se requieren acciones.
2026-06-22 18:19:34,201 - INFO - Precio actual de TSLA: $405.05
2026-06-22 18:19:34,201 - INFO - -> Última compra: $407.99 | Compras actuales: 1/10
2026-06-22 18:19:34,202 - INFO - -> Objetivo de COMPRA (caída a): $387.59 | Objetivo de VENTA (subida a): $424.31
2026-06-22 18:19:34,202 - INFO - El precio se mantiene dentro del rango. No se requieren acciones.
2026-06-22 18:19:43,812 - INFO - Precio actual de TSLA: $405.05
2026-06-22 18:19:43,814 - INFO - -> Última compra: $407.99 | Compras actuales: 1/10
2026-06-22 18:19:43,814 - INFO - -> Objetivo de COMPRA (caída a): $387.59 | Objetivo de VENTA (subida a): $424.31
2026-06-22 18:19:43,814 - INFO - El precio se mantiene dentro del rango. No se requieren acciones.
2026-06-22 18:20:34,514 - INFO - Precio actual de TSLA: $405.05
2026-06-22 18:20:34,514 - INFO - -> Última compra: $407.99 | Compras actuales: 1/10
2026-06-22 18:20:34,515 - INFO - -> Objetivo de COMPRA (caída a): $387.59 | Objetivo de VENTA (subida a): $424.31
2026-06-22 18:20:34,516 - INFO - El precio se mantiene dentro del rango. No se requieren acciones.
2026-06-22 18:20:44,053 - INFO - Precio actual de TSLA: $405.05
2026-06-22 18:20:44,053 - INFO - -> Última compra: $407.99 | Compras actuales: 1/10
2026-06-22 18:20:44,054 - INFO - -> Objetivo de COMPRA (caída a): $387.59 | Objetivo de VENTA (subida a): $424.31
2026-06-22 18:20:44,055 - INFO - El precio se mantiene dentro del rango. No se requieren acciones.
2026-06-22 18:21:34,765 - INFO - Precio actual de TSLA: $405.05
2026-06-22 18:21:34,765 - INFO - -> Última compra: $407.99 | Compras actuales: 1/10
2026-06-22 18:21:34,766 - INFO - -> Objetivo de COMPRA (caída a): $387.59 | Objetivo de VENTA (subida a): $424.31
2026-06-22 18:21:34,767 - INFO - El precio se mantiene dentro del rango. No se requieren acciones.
2026-06-22 18:21:44,276 - INFO - Precio actual de TSLA: $405.05
2026-06-22 18:21:44,277 - INFO - -> Última compra: $407.99 | Compras actuales: 1/10
2026-06-22 18:21:44,277 - INFO - -> Objetivo de COMPRA (caída a): $387.59 | Objetivo de VENTA (subida a): $424.31
2026-06-22 18:21:44,277 - INFO - El precio se mantiene dentro del rango. No se requieren acciones.
2026-06-22 18:22:35,007 - INFO - Precio actual de TSLA: $405.05
2026-06-22 18:22:35,008 - INFO - -> Última compra: $407.99 | Compras actuales: 1/10
2026-06-22 18:22:35,008 - INFO - -> Objetivo de COMPRA (caída a): $387.59 | Objetivo de VENTA (subida a): $424.31
2026-06-22 18:22:35,008 - INFO - El precio se mantiene dentro del rango. No se requieren acciones.
2026-06-22 18:22:44,540 - INFO - Precio actual de TSLA: $405.05
2026-06-22 18:22:44,540 - INFO - -> Última compra: $407.99 | Compras actuales: 1/10
2026-06-22 18:22:44,540 - INFO - -> Objetivo de COMPRA (caída a): $387.59 | Objetivo de VENTA (subida a): $424.31
2026-06-22 18:22:44,542 - INFO - El precio se mantiene dentro del rango. No se requieren acciones.
2026-06-22 18:23:35,282 - INFO - Precio actual de TSLA: $405.05
2026-06-22 18:23:35,282 - INFO - -> Última compra: $407.99 | Compras actuales: 1/10
2026-06-22 18:23:35,284 - INFO - -> Objetivo de COMPRA (caída a): $387.59 | Objetivo de VENTA (subida a): $424.31
2026-06-22 18:23:35,284 - INFO - El precio se mantiene dentro del rango. No se requieren acciones.
2026-06-22 18:23:44,769 - INFO - Precio actual de TSLA: $405.05
2026-06-22 18:23:44,770 - INFO - -> Última compra: $407.99 | Compras actuales: 1/10
2026-06-22 18:23:44,770 - INFO - -> Objetivo de COMPRA (caída a): $387.59 | Objetivo de VENTA (subida a): $424.31
2026-06-22 18:23:44,770 - INFO - El precio se mantiene dentro del rango. No se requieren acciones.
2026-06-22 18:24:35,536 - INFO - Precio actual de TSLA: $405.05
2026-06-22 18:24:35,538 - INFO - -> Última compra: $407.99 | Compras actuales: 1/10
2026-06-22 18:24:35,538 - INFO - -> Objetivo de COMPRA (caída a): $387.59 | Objetivo de VENTA (subida a): $424.31
2026-06-22 18:24:35,539 - INFO - El precio se mantiene dentro del rango. No se requieren acciones.
2026-06-22 18:24:44,986 - INFO - Precio actual de TSLA: $405.05
2026-06-22 18:24:44,986 - INFO - -> Última compra: $407.99 | Compras actuales: 1/10
2026-06-22 18:24:44,986 - INFO - -> Objetivo de COMPRA (caída a): $387.59 | Objetivo de VENTA (subida a): $424.31
2026-06-22 18:24:44,986 - INFO - El precio se mantiene dentro del rango. No se requieren acciones.
2026-06-22 18:25:35,763 - INFO - Precio actual de TSLA: $405.05
2026-06-22 18:25:35,764 - INFO - -> Última compra: $407.99 | Compras actuales: 1/10
2026-06-22 18:25:35,765 - INFO - -> Objetivo de COMPRA (caída a): $387.59 | Objetivo de VENTA (subida a): $424.31
2026-06-22 18:25:35,765 - INFO - El precio se mantiene dentro del rango. No se requieren acciones.
2026-06-22 18:25:45,243 - INFO - Precio actual de TSLA: $405.05
2026-06-22 18:25:45,244 - INFO - -> Última compra: $407.99 | Compras actuales: 1/10
2026-06-22 18:25:45,244 - INFO - -> Objetivo de COMPRA (caída a): $387.59 | Objetivo de VENTA (subida a): $424.31
2026-06-22 18:25:45,244 - INFO - El precio se mantiene dentro del rango. No se requieren acciones.
2026-06-22 18:26:36,012 - INFO - Precio actual de TSLA: $405.05
2026-06-22 18:26:36,012 - INFO - -> Última compra: $407.99 | Compras actuales: 1/10
2026-06-22 18:26:36,013 - INFO - -> Objetivo de COMPRA (caída a): $387.59 | Objetivo de VENTA (subida a): $424.31
2026-06-22 18:26:36,013 - INFO - El precio se mantiene dentro del rango. No se requieren acciones.
2026-06-22 18:26:45,453 - INFO - Precio actual de TSLA: $405.05
2026-06-22 18:26:45,455 - INFO - -> Última compra: $407.99 | Compras actuales: 1/10
2026-06-22 18:26:45,455 - INFO - -> Objetivo de COMPRA (caída a): $387.59 | Objetivo de VENTA (subida a): $424.31
2026-06-22 18:26:45,455 - INFO - El precio se mantiene dentro del rango. No se requieren acciones.
2026-06-22 18:27:36,877 - INFO - Precio actual de TSLA: $405.05
2026-06-22 18:27:36,877 - INFO - -> Última compra: $407.99 | Compras actuales: 1/10
2026-06-22 18:27:36,878 - INFO - -> Objetivo de COMPRA (caída a): $387.59 | Objetivo de VENTA (subida a): $424.31
2026-06-22 18:27:36,879 - INFO - El precio se mantiene dentro del rango. No se requieren acciones.
2026-06-22 18:27:46,163 - INFO - Precio actual de TSLA: $405.05
2026-06-22 18:27:46,165 - INFO - -> Última compra: $407.99 | Compras actuales: 1/10
2026-06-22 18:27:46,165 - INFO - -> Objetivo de COMPRA (caída a): $387.59 | Objetivo de VENTA (subida a): $424.31
2026-06-22 18:27:46,165 - INFO - El precio se mantiene dentro del rango. No se requieren acciones.
2026-06-22 18:28:37,112 - INFO - Precio actual de TSLA: $405.05
2026-06-22 18:28:37,113 - INFO - -> Última compra: $407.99 | Compras actuales: 1/10
2026-06-22 18:28:37,114 - INFO - -> Objetivo de COMPRA (caída a): $387.59 | Objetivo de VENTA (subida a): $424.31
2026-06-22 18:28:37,114 - INFO - El precio se mantiene dentro del rango. No se requieren acciones.
2026-06-22 18:28:46,406 - INFO - Precio actual de TSLA: $405.05
2026-06-22 18:28:46,406 - INFO - -> Última compra: $407.99 | Compras actuales: 1/10
2026-06-22 18:28:46,407 - INFO - -> Objetivo de COMPRA (caída a): $387.59 | Objetivo de VENTA (subida a): $424.31
2026-06-22 18:28:46,407 - INFO - El precio se mantiene dentro del rango. No se requieren acciones.
2026-06-22 18:29:37,342 - INFO - Precio actual de TSLA: $405.05
2026-06-22 18:29:37,342 - INFO - -> Última compra: $407.99 | Compras actuales: 1/10
2026-06-22 18:29:37,342 - INFO - -> Objetivo de COMPRA (caída a): $387.59 | Objetivo de VENTA (subida a): $424.31
2026-06-22 18:29:37,343 - INFO - El precio se mantiene dentro del rango. No se requieren acciones.
2026-06-22 18:29:46,668 - INFO - Precio actual de TSLA: $405.05
2026-06-22 18:29:46,668 - INFO - -> Última compra: $407.99 | Compras actuales: 1/10
2026-06-22 18:29:46,669 - INFO - -> Objetivo de COMPRA (caída a): $387.59 | Objetivo de VENTA (subida a): $424.31
2026-06-22 18:29:46,669 - INFO - El precio se mantiene dentro del rango. No se requieren acciones.
2026-06-22 18:30:37,579 - INFO - Precio actual de TSLA: $405.05
2026-06-22 18:30:37,581 - INFO - -> Última compra: $407.99 | Compras actuales: 1/10
2026-06-22 18:30:37,581 - INFO - -> Objetivo de COMPRA (caída a): $387.59 | Objetivo de VENTA (subida a): $424.31
2026-06-22 18:30:37,583 - INFO - El precio se mantiene dentro del rango. No se requieren acciones.
2026-06-22 18:30:46,905 - INFO - Precio actual de TSLA: $405.05
2026-06-22 18:30:46,905 - INFO - -> Última compra: $407.99 | Compras actuales: 1/10
2026-06-22 18:30:46,906 - INFO - -> Objetivo de COMPRA (caída a): $387.59 | Objetivo de VENTA (subida a): $424.31
2026-06-22 18:30:46,906 - INFO - El precio se mantiene dentro del rango. No se requieren acciones.
2026-06-22 18:31:37,827 - INFO - Precio actual de TSLA: $405.05
2026-06-22 18:31:37,828 - INFO - -> Última compra: $407.99 | Compras actuales: 1/10
2026-06-22 18:31:37,828 - INFO - -> Objetivo de COMPRA (caída a): $387.59 | Objetivo de VENTA (subida a): $424.31
2026-06-22 18:31:37,829 - INFO - El precio se mantiene dentro del rango. No se requieren acciones.
2026-06-22 18:31:47,096 - INFO - Precio actual de TSLA: $405.05
2026-06-22 18:31:47,096 - INFO - -> Última compra: $407.99 | Compras actuales: 1/10
2026-06-22 18:31:47,097 - INFO - -> Objetivo de COMPRA (caída a): $387.59 | Objetivo de VENTA (subida a): $424.31
2026-06-22 18:31:47,097 - INFO - El precio se mantiene dentro del rango. No se requieren acciones.
2026-06-22 18:32:38,102 - INFO - Precio actual de TSLA: $405.05
2026-06-22 18:32:38,103 - INFO - -> Última compra: $407.99 | Compras actuales: 1/10
2026-06-22 18:32:38,103 - INFO - -> Objetivo de COMPRA (caída a): $387.59 | Objetivo de VENTA (subida a): $424.31
2026-06-22 18:32:38,104 - INFO - El precio se mantiene dentro del rango. No se requieren acciones.
2026-06-22 18:32:47,335 - INFO - Precio actual de TSLA: $405.05
2026-06-22 18:32:47,335 - INFO - -> Última compra: $407.99 | Compras actuales: 1/10
2026-06-22 18:32:47,335 - INFO - -> Objetivo de COMPRA (caída a): $387.59 | Objetivo de VENTA (subida a): $424.31
2026-06-22 18:32:47,335 - INFO - El precio se mantiene dentro del rango. No se requieren acciones.
2026-06-22 18:33:38,321 - INFO - Precio actual de TSLA: $405.05
2026-06-22 18:33:38,321 - INFO - -> Última compra: $407.99 | Compras actuales: 1/10
2026-06-22 18:33:38,324 - INFO - -> Objetivo de COMPRA (caída a): $387.59 | Objetivo de VENTA (subida a): $424.31
2026-06-22 18:33:38,325 - INFO - El precio se mantiene dentro del rango. No se requieren acciones.
2026-06-22 18:33:47,560 - INFO - Precio actual de TSLA: $405.05
2026-06-22 18:33:47,561 - INFO - -> Última compra: $407.99 | Compras actuales: 1/10
2026-06-22 18:33:47,561 - INFO - -> Objetivo de COMPRA (caída a): $387.59 | Objetivo de VENTA (subida a): $424.31
2026-06-22 18:33:47,561 - INFO - El precio se mantiene dentro del rango. No se requieren acciones.
2026-06-22 18:34:38,512 - INFO - Precio actual de TSLA: $405.05
2026-06-22 18:34:38,512 - INFO - -> Última compra: $407.99 | Compras actuales: 1/10
2026-06-22 18:34:38,512 - INFO - -> Objetivo de COMPRA (caída a): $387.59 | Objetivo de VENTA (subida a): $424.31
2026-06-22 18:34:38,513 - INFO - El precio se mantiene dentro del rango. No se requieren acciones.
2026-06-22 18:34:47,831 - INFO - Precio actual de TSLA: $405.05
2026-06-22 18:34:47,831 - INFO - -> Última compra: $407.99 | Compras actuales: 1/10
2026-06-22 18:34:47,831 - INFO - -> Objetivo de COMPRA (caída a): $387.59 | Objetivo de VENTA (subida a): $424.31
2026-06-22 18:34:47,831 - INFO - El precio se mantiene dentro del rango. No se requieren acciones.
2026-06-22 18:35:38,771 - INFO - Precio actual de TSLA: $405.05
2026-06-22 18:35:38,773 - INFO - -> Última compra: $407.99 | Compras actuales: 1/10
2026-06-22 18:35:38,773 - INFO - -> Objetivo de COMPRA (caída a): $387.59 | Objetivo de VENTA (subida a): $424.31
2026-06-22 18:35:38,774 - INFO - El precio se mantiene dentro del rango. No se requieren acciones.
2026-06-22 18:35:48,051 - INFO - Precio actual de TSLA: $405.05
2026-06-22 18:35:48,052 - INFO - -> Última compra: $407.99 | Compras actuales: 1/10
2026-06-22 18:35:48,052 - INFO - -> Objetivo de COMPRA (caída a): $387.59 | Objetivo de VENTA (subida a): $424.31
2026-06-22 18:35:48,052 - INFO - El precio se mantiene dentro del rango. No se requieren acciones.
2026-06-22 18:36:39,041 - INFO - Precio actual de TSLA: $405.05
2026-06-22 18:36:39,042 - INFO - -> Última compra: $407.99 | Compras actuales: 1/10
2026-06-22 18:36:39,044 - INFO - -> Objetivo de COMPRA (caída a): $387.59 | Objetivo de VENTA (subida a): $424.31
2026-06-22 18:36:39,044 - INFO - El precio se mantiene dentro del rango. No se requieren acciones.
2026-06-22 18:36:48,237 - INFO - Precio actual de TSLA: $405.05
2026-06-22 18:36:48,238 - INFO - -> Última compra: $407.99 | Compras actuales: 1/10
2026-06-22 18:36:48,239 - INFO - -> Objetivo de COMPRA (caída a): $387.59 | Objetivo de VENTA (subida a): $424.31
2026-06-22 18:36:48,239 - INFO - El precio se mantiene dentro del rango. No se requieren acciones.
2026-06-22 18:37:39,310 - INFO - Precio actual de TSLA: $405.05
2026-06-22 18:37:39,313 - INFO - -> Última compra: $407.99 | Compras actuales: 1/10
2026-06-22 18:37:39,314 - INFO - -> Objetivo de COMPRA (caída a): $387.59 | Objetivo de VENTA (subida a): $424.31
2026-06-22 18:37:39,314 - INFO - El precio se mantiene dentro del rango. No se requieren acciones.
2026-06-22 18:37:48,505 - INFO - Precio actual de TSLA: $405.05
2026-06-22 18:37:48,505 - INFO - -> Última compra: $407.99 | Compras actuales: 1/10
2026-06-22 18:37:48,505 - INFO - -> Objetivo de COMPRA (caída a): $387.59 | Objetivo de VENTA (subida a): $424.31
2026-06-22 18:37:48,505 - INFO - El precio se mantiene dentro del rango. No se requieren acciones.
2026-06-22 18:38:39,589 - INFO - Precio actual de TSLA: $405.05
2026-06-22 18:38:39,590 - INFO - -> Última compra: $407.99 | Compras actuales: 1/10
2026-06-22 18:38:39,590 - INFO - -> Objetivo de COMPRA (caída a): $387.59 | Objetivo de VENTA (subida a): $424.31
2026-06-22 18:38:39,591 - INFO - El precio se mantiene dentro del rango. No se requieren acciones.
2026-06-22 18:38:48,754 - INFO - Precio actual de TSLA: $405.05
2026-06-22 18:38:48,755 - INFO - -> Última compra: $407.99 | Compras actuales: 1/10
2026-06-22 18:38:48,755 - INFO - -> Objetivo de COMPRA (caída a): $387.59 | Objetivo de VENTA (subida a): $424.31
2026-06-22 18:38:48,755 - INFO - El precio se mantiene dentro del rango. No se requieren acciones.
2026-06-22 18:39:39,777 - INFO - Precio actual de TSLA: $405.05
2026-06-22 18:39:39,778 - INFO - -> Última compra: $407.99 | Compras actuales: 1/10
2026-06-22 18:39:39,779 - INFO - -> Objetivo de COMPRA (caída a): $387.59 | Objetivo de VENTA (subida a): $424.31
2026-06-22 18:39:39,779 - INFO - El precio se mantiene dentro del rango. No se requieren acciones.
2026-06-22 18:39:48,942 - INFO - Precio actual de TSLA: $405.05
2026-06-22 18:39:48,943 - INFO - -> Última compra: $407.99 | Compras actuales: 1/10
2026-06-22 18:39:48,943 - INFO - -> Objetivo de COMPRA (caída a): $387.59 | Objetivo de VENTA (subida a): $424.31
2026-06-22 18:39:48,943 - INFO - El precio se mantiene dentro del rango. No se requieren acciones.
2026-06-22 18:40:39,965 - INFO - Precio actual de TSLA: $405.05
2026-06-22 18:40:39,965 - INFO - -> Última compra: $407.99 | Compras actuales: 1/10
2026-06-22 18:40:39,967 - INFO - -> Objetivo de COMPRA (caída a): $387.59 | Objetivo de VENTA (subida a): $424.31
2026-06-22 18:40:39,967 - INFO - El precio se mantiene dentro del rango. No se requieren acciones.
2026-06-22 18:40:49,130 - INFO - Precio actual de TSLA: $405.05
2026-06-22 18:40:49,130 - INFO - -> Última compra: $407.99 | Compras actuales: 1/10
2026-06-22 18:40:49,131 - INFO - -> Objetivo de COMPRA (caída a): $387.59 | Objetivo de VENTA (subida a): $424.31
2026-06-22 18:40:49,131 - INFO - El precio se mantiene dentro del rango. No se requieren acciones.
2026-06-22 18:41:40,155 - INFO - Precio actual de TSLA: $405.05
2026-06-22 18:41:40,155 - INFO - -> Última compra: $407.99 | Compras actuales: 1/10
2026-06-22 18:41:40,155 - INFO - -> Objetivo de COMPRA (caída a): $387.59 | Objetivo de VENTA (subida a): $424.31
2026-06-22 18:41:40,156 - INFO - El precio se mantiene dentro del rango. No se requieren acciones.
2026-06-22 18:41:49,314 - INFO - Precio actual de TSLA: $405.05
2026-06-22 18:41:49,314 - INFO - -> Última compra: $407.99 | Compras actuales: 1/10
2026-06-22 18:41:49,315 - INFO - -> Objetivo de COMPRA (caída a): $387.59 | Objetivo de VENTA (subida a): $424.31
2026-06-22 18:41:49,315 - INFO - El precio se mantiene dentro del rango. No se requieren acciones.
2026-06-22 18:42:40,354 - INFO - Precio actual de TSLA: $405.05
2026-06-22 18:42:40,354 - INFO - -> Última compra: $407.99 | Compras actuales: 1/10
2026-06-22 18:42:40,355 - INFO - -> Objetivo de COMPRA (caída a): $387.59 | Objetivo de VENTA (subida a): $424.31
2026-06-22 18:42:40,356 - INFO - El precio se mantiene dentro del rango. No se requieren acciones.
2026-06-22 18:42:49,503 - INFO - Precio actual de TSLA: $405.05
2026-06-22 18:42:49,504 - INFO - -> Última compra: $407.99 | Compras actuales: 1/10
2026-06-22 18:42:49,504 - INFO - -> Objetivo de COMPRA (caída a): $387.59 | Objetivo de VENTA (subida a): $424.31
2026-06-22 18:42:49,504 - INFO - El precio se mantiene dentro del rango. No se requieren acciones.
2026-06-22 18:43:40,543 - INFO - Precio actual de TSLA: $405.05
2026-06-22 18:43:40,544 - INFO - -> Última compra: $407.99 | Compras actuales: 1/10
2026-06-22 18:43:40,544 - INFO - -> Objetivo de COMPRA (caída a): $387.59 | Objetivo de VENTA (subida a): $424.31
2026-06-22 18:43:40,546 - INFO - El precio se mantiene dentro del rango. No se requieren acciones.
2026-06-22 18:43:49,688 - INFO - Precio actual de TSLA: $405.05
2026-06-22 18:43:49,688 - INFO - -> Última compra: $407.99 | Compras actuales: 1/10
2026-06-22 18:43:49,688 - INFO - -> Objetivo de COMPRA (caída a): $387.59 | Objetivo de VENTA (subida a): $424.31
2026-06-22 18:43:49,688 - INFO - El precio se mantiene dentro del rango. No se requieren acciones.
2026-06-22 18:44:40,735 - INFO - Precio actual de TSLA: $405.05
2026-06-22 18:44:40,735 - INFO - -> Última compra: $407.99 | Compras actuales: 1/10
2026-06-22 18:44:40,736 - INFO - -> Objetivo de COMPRA (caída a): $387.59 | Objetivo de VENTA (subida a): $424.31
2026-06-22 18:44:40,736 - INFO - El precio se mantiene dentro del rango. No se requieren acciones.
2026-06-22 18:44:49,876 - INFO - Precio actual de TSLA: $405.05
2026-06-22 18:44:49,876 - INFO - -> Última compra: $407.99 | Compras actuales: 1/10
2026-06-22 18:44:49,876 - INFO - -> Objetivo de COMPRA (caída a): $387.59 | Objetivo de VENTA (subida a): $424.31
2026-06-22 18:44:49,876 - INFO - El precio se mantiene dentro del rango. No se requieren acciones.
2026-06-22 18:45:40,925 - INFO - Precio actual de TSLA: $405.05
2026-06-22 18:45:40,927 - INFO - -> Última compra: $407.99 | Compras actuales: 1/10
2026-06-22 18:45:40,927 - INFO - -> Objetivo de COMPRA (caída a): $387.59 | Objetivo de VENTA (subida a): $424.31
2026-06-22 18:45:40,929 - INFO - El precio se mantiene dentro del rango. No se requieren acciones.
2026-06-22 18:45:50,069 - INFO - Precio actual de TSLA: $405.05
2026-06-22 18:45:50,069 - INFO - -> Última compra: $407.99 | Compras actuales: 1/10
2026-06-22 18:45:50,069 - INFO - -> Objetivo de COMPRA (caída a): $387.59 | Objetivo de VENTA (subida a): $424.31
2026-06-22 18:45:50,070 - INFO - El precio se mantiene dentro del rango. No se requieren acciones.
2026-06-22 18:46:41,115 - INFO - Precio actual de TSLA: $405.05
2026-06-22 18:46:41,117 - INFO - -> Última compra: $407.99 | Compras actuales: 1/10
2026-06-22 18:46:41,118 - INFO - -> Objetivo de COMPRA (caída a): $387.59 | Objetivo de VENTA (subida a): $424.31
2026-06-22 18:46:41,118 - INFO - El precio se mantiene dentro del rango. No se requieren acciones.
2026-06-22 18:46:50,273 - INFO - Precio actual de TSLA: $405.05
2026-06-22 18:46:50,273 - INFO - -> Última compra: $407.99 | Compras actuales: 1/10
2026-06-22 18:46:50,274 - INFO - -> Objetivo de COMPRA (caída a): $387.59 | Objetivo de VENTA (subida a): $424.31
2026-06-22 18:46:50,274 - INFO - El precio se mantiene dentro del rango. No se requieren acciones.
2026-06-22 18:47:41,304 - INFO - Precio actual de TSLA: $405.05
2026-06-22 18:47:41,304 - INFO - -> Última compra: $407.99 | Compras actuales: 1/10
2026-06-22 18:47:41,305 - INFO - -> Objetivo de COMPRA (caída a): $387.59 | Objetivo de VENTA (subida a): $424.31
2026-06-22 18:47:41,305 - INFO - El precio se mantiene dentro del rango. No se requieren acciones.
2026-06-22 18:47:50,499 - INFO - Precio actual de TSLA: $405.05
2026-06-22 18:47:50,499 - INFO - -> Última compra: $407.99 | Compras actuales: 1/10
2026-06-22 18:47:50,500 - INFO - -> Objetivo de COMPRA (caída a): $387.59 | Objetivo de VENTA (subida a): $424.31
2026-06-22 18:47:50,500 - INFO - El precio se mantiene dentro del rango. No se requieren acciones.
2026-06-22 18:48:41,489 - INFO - Precio actual de TSLA: $405.05
2026-06-22 18:48:41,491 - INFO - -> Última compra: $407.99 | Compras actuales: 1/10
2026-06-22 18:48:41,491 - INFO - -> Objetivo de COMPRA (caída a): $387.59 | Objetivo de VENTA (subida a): $424.31
2026-06-22 18:48:41,491 - INFO - El precio se mantiene dentro del rango. No se requieren acciones.
2026-06-22 18:48:50,689 - INFO - Precio actual de TSLA: $405.05
2026-06-22 18:48:50,689 - INFO - -> Última compra: $407.99 | Compras actuales: 1/10
2026-06-22 18:48:50,689 - INFO - -> Objetivo de COMPRA (caída a): $387.59 | Objetivo de VENTA (subida a): $424.31
2026-06-22 18:48:50,689 - INFO - El precio se mantiene dentro del rango. No se requieren acciones.
2026-06-22 18:49:41,678 - INFO - Precio actual de TSLA: $405.05
2026-06-22 18:49:41,678 - INFO - -> Última compra: $407.99 | Compras actuales: 1/10
2026-06-22 18:49:41,678 - INFO - -> Objetivo de COMPRA (caída a): $387.59 | Objetivo de VENTA (subida a): $424.31
2026-06-22 18:49:41,679 - INFO - El precio se mantiene dentro del rango. No se requieren acciones.
2026-06-22 18:49:50,886 - INFO - Precio actual de TSLA: $405.05
2026-06-22 18:49:50,886 - INFO - -> Última compra: $407.99 | Compras actuales: 1/10
2026-06-22 18:49:50,887 - INFO - -> Objetivo de COMPRA (caída a): $387.59 | Objetivo de VENTA (subida a): $424.31
2026-06-22 18:49:50,887 - INFO - El precio se mantiene dentro del rango. No se requieren acciones.
2026-06-22 18:50:41,868 - INFO - Precio actual de TSLA: $405.05
2026-06-22 18:50:41,871 - INFO - -> Última compra: $407.99 | Compras actuales: 1/10
2026-06-22 18:50:41,871 - INFO - -> Objetivo de COMPRA (caída a): $387.59 | Objetivo de VENTA (subida a): $424.31
2026-06-22 18:50:41,872 - INFO - El precio se mantiene dentro del rango. No se requieren acciones.
2026-06-22 18:50:51,078 - INFO - Precio actual de TSLA: $405.05
2026-06-22 18:50:51,079 - INFO - -> Última compra: $407.99 | Compras actuales: 1/10
2026-06-22 18:50:51,079 - INFO - -> Objetivo de COMPRA (caída a): $387.59 | Objetivo de VENTA (subida a): $424.31
2026-06-22 18:50:51,079 - INFO - El precio se mantiene dentro del rango. No se requieren acciones.
2026-06-22 18:51:42,064 - INFO - Precio actual de TSLA: $405.05
2026-06-22 18:51:42,065 - INFO - -> Última compra: $407.99 | Compras actuales: 1/10
2026-06-22 18:51:42,065 - INFO - -> Objetivo de COMPRA (caída a): $387.59 | Objetivo de VENTA (subida a): $424.31
2026-06-22 18:51:42,066 - INFO - El precio se mantiene dentro del rango. No se requieren acciones.
2026-06-22 18:51:51,272 - INFO - Precio actual de TSLA: $405.05
2026-06-22 18:51:51,272 - INFO - -> Última compra: $407.99 | Compras actuales: 1/10
2026-06-22 18:51:51,272 - INFO - -> Objetivo de COMPRA (caída a): $387.59 | Objetivo de VENTA (subida a): $424.31
2026-06-22 18:51:51,273 - INFO - El precio se mantiene dentro del rango. No se requieren acciones.
2026-06-22 18:52:42,253 - INFO - Precio actual de TSLA: $405.05
2026-06-22 18:52:42,254 - INFO - -> Última compra: $407.99 | Compras actuales: 1/10
2026-06-22 18:52:42,255 - INFO - -> Objetivo de COMPRA (caída a): $387.59 | Objetivo de VENTA (subida a): $424.31
2026-06-22 18:52:42,255 - INFO - El precio se mantiene dentro del rango. No se requieren acciones.
2026-06-22 18:52:51,459 - INFO - Precio actual de TSLA: $405.05
2026-06-22 18:52:51,461 - INFO - -> Última compra: $407.99 | Compras actuales: 1/10
2026-06-22 18:52:51,461 - INFO - -> Objetivo de COMPRA (caída a): $387.59 | Objetivo de VENTA (subida a): $424.31
2026-06-22 18:52:51,461 - INFO - El precio se mantiene dentro del rango. No se requieren acciones.
2026-06-22 18:53:42,440 - INFO - Precio actual de TSLA: $405.05
2026-06-22 18:53:42,440 - INFO - -> Última compra: $407.99 | Compras actuales: 1/10
2026-06-22 18:53:42,440 - INFO - -> Objetivo de COMPRA (caída a): $387.59 | Objetivo de VENTA (subida a): $424.31
2026-06-22 18:53:42,440 - INFO - El precio se mantiene dentro del rango. No se requieren acciones.
2026-06-22 18:53:51,654 - INFO - Precio actual de TSLA: $405.05
2026-06-22 18:53:51,655 - INFO - -> Última compra: $407.99 | Compras actuales: 1/10
2026-06-22 18:53:51,655 - INFO - -> Objetivo de COMPRA (caída a): $387.59 | Objetivo de VENTA (subida a): $424.31
2026-06-22 18:53:51,655 - INFO - El precio se mantiene dentro del rango. No se requieren acciones.
2026-06-22 18:54:42,628 - INFO - Precio actual de TSLA: $405.05
2026-06-22 18:54:42,629 - INFO - -> Última compra: $407.99 | Compras actuales: 1/10
2026-06-22 18:54:42,630 - INFO - -> Objetivo de COMPRA (caída a): $387.59 | Objetivo de VENTA (subida a): $424.31
2026-06-22 18:54:42,630 - INFO - El precio se mantiene dentro del rango. No se requieren acciones.
2026-06-22 18:54:51,844 - INFO - Precio actual de TSLA: $405.05
2026-06-22 18:54:51,844 - INFO - -> Última compra: $407.99 | Compras actuales: 1/10
2026-06-22 18:54:51,845 - INFO - -> Objetivo de COMPRA (caída a): $387.59 | Objetivo de VENTA (subida a): $424.31
2026-06-22 18:54:51,845 - INFO - El precio se mantiene dentro del rango. No se requieren acciones.
2026-06-22 18:55:42,823 - INFO - Precio actual de TSLA: $405.05
2026-06-22 18:55:42,823 - INFO - -> Última compra: $407.99 | Compras actuales: 1/10
2026-06-22 18:55:42,824 - INFO - -> Objetivo de COMPRA (caída a): $387.59 | Objetivo de VENTA (subida a): $424.31
2026-06-22 18:55:42,824 - INFO - El precio se mantiene dentro del rango. No se requieren acciones.
2026-06-22 18:55:52,035 - INFO - Precio actual de TSLA: $405.05
2026-06-22 18:55:52,035 - INFO - -> Última compra: $407.99 | Compras actuales: 1/10
2026-06-22 18:55:52,035 - INFO - -> Objetivo de COMPRA (caída a): $387.59 | Objetivo de VENTA (subida a): $424.31
2026-06-22 18:55:52,035 - INFO - El precio se mantiene dentro del rango. No se requieren acciones.
2026-06-22 18:56:43,069 - INFO - Precio actual de TSLA: $405.05
2026-06-22 18:56:43,069 - INFO - -> Última compra: $407.99 | Compras actuales: 1/10
2026-06-22 18:56:43,071 - INFO - -> Objetivo de COMPRA (caída a): $387.59 | Objetivo de VENTA (subida a): $424.31
2026-06-22 18:56:43,072 - INFO - El precio se mantiene dentro del rango. No se requieren acciones.
2026-06-22 18:56:52,226 - INFO - Precio actual de TSLA: $405.05
2026-06-22 18:56:52,226 - INFO - -> Última compra: $407.99 | Compras actuales: 1/10
2026-06-22 18:56:52,226 - INFO - -> Objetivo de COMPRA (caída a): $387.59 | Objetivo de VENTA (subida a): $424.31
2026-06-22 18:56:52,228 - INFO - El precio se mantiene dentro del rango. No se requieren acciones.
2026-06-22 18:57:43,262 - INFO - Precio actual de TSLA: $405.05
2026-06-22 18:57:43,262 - INFO - -> Última compra: $407.99 | Compras actuales: 1/10
2026-06-22 18:57:43,263 - INFO - -> Objetivo de COMPRA (caída a): $387.59 | Objetivo de VENTA (subida a): $424.31
2026-06-22 18:57:43,263 - INFO - El precio se mantiene dentro del rango. No se requieren acciones.
2026-06-22 18:57:52,419 - INFO - Precio actual de TSLA: $405.05
2026-06-22 18:57:52,419 - INFO - -> Última compra: $407.99 | Compras actuales: 1/10
2026-06-22 18:57:52,421 - INFO - -> Objetivo de COMPRA (caída a): $387.59 | Objetivo de VENTA (subida a): $424.31
2026-06-22 18:57:52,421 - INFO - El precio se mantiene dentro del rango. No se requieren acciones.
2026-06-22 18:58:43,457 - INFO - Precio actual de TSLA: $405.05
2026-06-22 18:58:43,459 - INFO - -> Última compra: $407.99 | Compras actuales: 1/10
2026-06-22 18:58:43,459 - INFO - -> Objetivo de COMPRA (caída a): $387.59 | Objetivo de VENTA (subida a): $424.31
2026-06-22 18:58:43,459 - INFO - El precio se mantiene dentro del rango. No se requieren acciones.
2026-06-22 18:58:52,611 - INFO - Precio actual de TSLA: $405.05
2026-06-22 18:58:52,612 - INFO - -> Última compra: $407.99 | Compras actuales: 1/10
2026-06-22 18:58:52,612 - INFO - -> Objetivo de COMPRA (caída a): $387.59 | Objetivo de VENTA (subida a): $424.31
2026-06-22 18:58:52,612 - INFO - El precio se mantiene dentro del rango. No se requieren acciones.
2026-06-22 18:59:43,658 - INFO - Precio actual de TSLA: $405.05
2026-06-22 18:59:43,658 - INFO - -> Última compra: $407.99 | Compras actuales: 1/10
2026-06-22 18:59:43,658 - INFO - -> Objetivo de COMPRA (caída a): $387.59 | Objetivo de VENTA (subida a): $424.31
2026-06-22 18:59:43,658 - INFO - El precio se mantiene dentro del rango. No se requieren acciones.
2026-06-22 18:59:52,801 - INFO - Precio actual de TSLA: $405.05
2026-06-22 18:59:52,801 - INFO - -> Última compra: $407.99 | Compras actuales: 1/10
2026-06-22 18:59:52,801 - INFO - -> Objetivo de COMPRA (caída a): $387.59 | Objetivo de VENTA (subida a): $424.31
2026-06-22 18:59:52,801 - INFO - El precio se mantiene dentro del rango. No se requieren acciones.
2026-06-22 19:00:43,846 - INFO - Precio actual de TSLA: $405.05
2026-06-22 19:00:43,846 - INFO - -> Última compra: $407.99 | Compras actuales: 1/10
2026-06-22 19:00:43,846 - INFO - -> Objetivo de COMPRA (caída a): $387.59 | Objetivo de VENTA (subida a): $424.31
2026-06-22 19:00:43,847 - INFO - El precio se mantiene dentro del rango. No se requieren acciones.
2026-06-22 19:00:52,992 - INFO - Precio actual de TSLA: $405.05
2026-06-22 19:00:52,993 - INFO - -> Última compra: $407.99 | Compras actuales: 1/10
2026-06-22 19:00:52,993 - INFO - -> Objetivo de COMPRA (caída a): $387.59 | Objetivo de VENTA (subida a): $424.31
2026-06-22 19:00:52,993 - INFO - El precio se mantiene dentro del rango. No se requieren acciones.
2026-06-22 19:01:44,037 - INFO - Precio actual de TSLA: $405.05
2026-06-22 19:01:44,038 - INFO - -> Última compra: $407.99 | Compras actuales: 1/10
2026-06-22 19:01:44,038 - INFO - -> Objetivo de COMPRA (caída a): $387.59 | Objetivo de VENTA (subida a): $424.31
2026-06-22 19:01:44,039 - INFO - El precio se mantiene dentro del rango. No se requieren acciones.
2026-06-22 19:01:53,183 - INFO - Precio actual de TSLA: $405.05
2026-06-22 19:01:53,183 - INFO - -> Última compra: $407.99 | Compras actuales: 1/10
2026-06-22 19:01:53,183 - INFO - -> Objetivo de COMPRA (caída a): $387.59 | Objetivo de VENTA (subida a): $424.31
2026-06-22 19:01:53,184 - INFO - El precio se mantiene dentro del rango. No se requieren acciones.
2026-06-22 19:02:44,224 - INFO - Precio actual de TSLA: $405.05
2026-06-22 19:02:44,224 - INFO - -> Última compra: $407.99 | Compras actuales: 1/10
2026-06-22 19:02:44,224 - INFO - -> Objetivo de COMPRA (caída a): $387.59 | Objetivo de VENTA (subida a): $424.31
2026-06-22 19:02:44,224 - INFO - El precio se mantiene dentro del rango. No se requieren acciones.
2026-06-22 19:02:53,371 - INFO - Precio actual de TSLA: $405.05
2026-06-22 19:02:53,371 - INFO - -> Última compra: $407.99 | Compras actuales: 1/10
2026-06-22 19:02:53,371 - INFO - -> Objetivo de COMPRA (caída a): $387.59 | Objetivo de VENTA (subida a): $424.31
2026-06-22 19:02:53,371 - INFO - El precio se mantiene dentro del rango. No se requieren acciones.
2026-06-22 19:03:44,408 - INFO - Precio actual de TSLA: $405.05
2026-06-22 19:03:44,409 - INFO - -> Última compra: $407.99 | Compras actuales: 1/10
2026-06-22 19:03:44,409 - INFO - -> Objetivo de COMPRA (caída a): $387.59 | Objetivo de VENTA (subida a): $424.31
2026-06-22 19:03:44,410 - INFO - El precio se mantiene dentro del rango. No se requieren acciones.
2026-06-22 19:03:53,564 - INFO - Precio actual de TSLA: $405.05
2026-06-22 19:03:53,564 - INFO - -> Última compra: $407.99 | Compras actuales: 1/10
2026-06-22 19:03:53,564 - INFO - -> Objetivo de COMPRA (caída a): $387.59 | Objetivo de VENTA (subida a): $424.31
2026-06-22 19:03:53,564 - INFO - El precio se mantiene dentro del rango. No se requieren acciones.
2026-06-22 19:04:44,608 - INFO - Precio actual de TSLA: $405.05
2026-06-22 19:04:44,609 - INFO - -> Última compra: $407.99 | Compras actuales: 1/10
2026-06-22 19:04:44,609 - INFO - -> Objetivo de COMPRA (caída a): $387.59 | Objetivo de VENTA (subida a): $424.31
2026-06-22 19:04:44,611 - INFO - El precio se mantiene dentro del rango. No se requieren acciones.
2026-06-22 19:04:53,756 - INFO - Precio actual de TSLA: $405.05
2026-06-22 19:04:53,758 - INFO - -> Última compra: $407.99 | Compras actuales: 1/10
2026-06-22 19:04:53,759 - INFO - -> Objetivo de COMPRA (caída a): $387.59 | Objetivo de VENTA (subida a): $424.31
2026-06-22 19:04:53,759 - INFO - El precio se mantiene dentro del rango. No se requieren acciones.
2026-06-22 19:05:44,793 - INFO - Precio actual de TSLA: $405.05
2026-06-22 19:05:44,794 - INFO - -> Última compra: $407.99 | Compras actuales: 1/10
2026-06-22 19:05:44,794 - INFO - -> Objetivo de COMPRA (caída a): $387.59 | Objetivo de VENTA (subida a): $424.31
2026-06-22 19:05:44,794 - INFO - El precio se mantiene dentro del rango. No se requieren acciones.
2026-06-22 19:05:53,944 - INFO - Precio actual de TSLA: $405.05
2026-06-22 19:05:53,944 - INFO - -> Última compra: $407.99 | Compras actuales: 1/10
2026-06-22 19:05:53,944 - INFO - -> Objetivo de COMPRA (caída a): $387.59 | Objetivo de VENTA (subida a): $424.31
2026-06-22 19:05:53,945 - INFO - El precio se mantiene dentro del rango. No se requieren acciones.
2026-06-22 19:06:44,984 - INFO - Precio actual de TSLA: $405.05
2026-06-22 19:06:44,984 - INFO - -> Última compra: $407.99 | Compras actuales: 1/10
2026-06-22 19:06:44,985 - INFO - -> Objetivo de COMPRA (caída a): $387.59 | Objetivo de VENTA (subida a): $424.31
2026-06-22 19:06:44,986 - INFO - El precio se mantiene dentro del rango. No se requieren acciones.
2026-06-22 19:06:54,163 - INFO - Precio actual de TSLA: $405.05
2026-06-22 19:06:54,164 - INFO - -> Última compra: $407.99 | Compras actuales: 1/10
2026-06-22 19:06:54,164 - INFO - -> Objetivo de COMPRA (caída a): $387.59 | Objetivo de VENTA (subida a): $424.31
2026-06-22 19:06:54,164 - INFO - El precio se mantiene dentro del rango. No se requieren acciones.
2026-06-22 19:07:45,173 - INFO - Precio actual de TSLA: $405.05
2026-06-22 19:07:45,173 - INFO - -> Última compra: $407.99 | Compras actuales: 1/10
2026-06-22 19:07:45,173 - INFO - -> Objetivo de COMPRA (caída a): $387.59 | Objetivo de VENTA (subida a): $424.31
2026-06-22 19:07:45,173 - INFO - El precio se mantiene dentro del rango. No se requieren acciones.
2026-06-22 19:07:54,376 - INFO - Precio actual de TSLA: $405.05
2026-06-22 19:07:54,377 - INFO - -> Última compra: $407.99 | Compras actuales: 1/10
2026-06-22 19:07:54,377 - INFO - -> Objetivo de COMPRA (caída a): $387.59 | Objetivo de VENTA (subida a): $424.31
2026-06-22 19:07:54,377 - INFO - El precio se mantiene dentro del rango. No se requieren acciones.
2026-06-22 19:08:45,357 - INFO - Precio actual de TSLA: $405.05
2026-06-22 19:08:45,357 - INFO - -> Última compra: $407.99 | Compras actuales: 1/10
2026-06-22 19:08:45,357 - INFO - -> Objetivo de COMPRA (caída a): $387.59 | Objetivo de VENTA (subida a): $424.31
2026-06-22 19:08:45,359 - INFO - El precio se mantiene dentro del rango. No se requieren acciones.
2026-06-22 19:08:54,562 - INFO - Precio actual de TSLA: $405.05
2026-06-22 19:08:54,563 - INFO - -> Última compra: $407.99 | Compras actuales: 1/10
2026-06-22 19:08:54,563 - INFO - -> Objetivo de COMPRA (caída a): $387.59 | Objetivo de VENTA (subida a): $424.31
2026-06-22 19:08:54,563 - INFO - El precio se mantiene dentro del rango. No se requieren acciones.
2026-06-22 19:09:45,550 - INFO - Precio actual de TSLA: $405.05
2026-06-22 19:09:45,551 - INFO - -> Última compra: $407.99 | Compras actuales: 1/10
2026-06-22 19:09:45,551 - INFO - -> Objetivo de COMPRA (caída a): $387.59 | Objetivo de VENTA (subida a): $424.31
2026-06-22 19:09:45,552 - INFO - El precio se mantiene dentro del rango. No se requieren acciones.
2026-06-22 19:09:54,749 - INFO - Precio actual de TSLA: $405.05
2026-06-22 19:09:54,751 - INFO - -> Última compra: $407.99 | Compras actuales: 1/10
2026-06-22 19:09:54,751 - INFO - -> Objetivo de COMPRA (caída a): $387.59 | Objetivo de VENTA (subida a): $424.31
2026-06-22 19:09:54,751 - INFO - El precio se mantiene dentro del rango. No se requieren acciones.
2026-06-22 19:10:45,735 - INFO - Precio actual de TSLA: $405.05
2026-06-22 19:10:45,735 - INFO - -> Última compra: $407.99 | Compras actuales: 1/10
2026-06-22 19:10:45,735 - INFO - -> Objetivo de COMPRA (caída a): $387.59 | Objetivo de VENTA (subida a): $424.31
2026-06-22 19:10:45,736 - INFO - El precio se mantiene dentro del rango. No se requieren acciones.
2026-06-22 19:10:54,944 - INFO - Precio actual de TSLA: $405.05
2026-06-22 19:10:54,944 - INFO - -> Última compra: $407.99 | Compras actuales: 1/10
2026-06-22 19:10:54,944 - INFO - -> Objetivo de COMPRA (caída a): $387.59 | Objetivo de VENTA (subida a): $424.31
2026-06-22 19:10:54,944 - INFO - El precio se mantiene dentro del rango. No se requieren acciones.
2026-06-22 19:11:45,923 - INFO - Precio actual de TSLA: $405.05
2026-06-22 19:11:45,924 - INFO - -> Última compra: $407.99 | Compras actuales: 1/10
2026-06-22 19:11:45,925 - INFO - -> Objetivo de COMPRA (caída a): $387.59 | Objetivo de VENTA (subida a): $424.31
2026-06-22 19:11:45,925 - INFO - El precio se mantiene dentro del rango. No se requieren acciones.
2026-06-22 19:11:55,132 - INFO - Precio actual de TSLA: $405.05
2026-06-22 19:11:55,132 - INFO - -> Última compra: $407.99 | Compras actuales: 1/10
2026-06-22 19:11:55,132 - INFO - -> Objetivo de COMPRA (caída a): $387.59 | Objetivo de VENTA (subida a): $424.31
2026-06-22 19:11:55,133 - INFO - El precio se mantiene dentro del rango. No se requieren acciones.
2026-06-22 19:12:46,108 - INFO - Precio actual de TSLA: $405.05
2026-06-22 19:12:46,109 - INFO - -> Última compra: $407.99 | Compras actuales: 1/10
2026-06-22 19:12:46,109 - INFO - -> Objetivo de COMPRA (caída a): $387.59 | Objetivo de VENTA (subida a): $424.31
2026-06-22 19:12:46,109 - INFO - El precio se mantiene dentro del rango. No se requieren acciones.
2026-06-22 19:12:55,343 - INFO - Precio actual de TSLA: $405.05
2026-06-22 19:12:55,343 - INFO - -> Última compra: $407.99 | Compras actuales: 1/10
2026-06-22 19:12:55,343 - INFO - -> Objetivo de COMPRA (caída a): $387.59 | Objetivo de VENTA (subida a): $424.31
2026-06-22 19:12:55,343 - INFO - El precio se mantiene dentro del rango. No se requieren acciones.
2026-06-22 19:13:46,292 - INFO - Precio actual de TSLA: $405.05
2026-06-22 19:13:46,292 - INFO - -> Última compra: $407.99 | Compras actuales: 1/10
2026-06-22 19:13:46,292 - INFO - -> Objetivo de COMPRA (caída a): $387.59 | Objetivo de VENTA (subida a): $424.31
2026-06-22 19:13:46,294 - INFO - El precio se mantiene dentro del rango. No se requieren acciones.
2026-06-22 19:13:55,537 - INFO - Precio actual de TSLA: $405.05
2026-06-22 19:13:55,537 - INFO - -> Última compra: $407.99 | Compras actuales: 1/10
2026-06-22 19:13:55,537 - INFO - -> Objetivo de COMPRA (caída a): $387.59 | Objetivo de VENTA (subida a): $424.31
2026-06-22 19:13:55,537 - INFO - El precio se mantiene dentro del rango. No se requieren acciones.
2026-06-22 19:14:46,488 - INFO - Precio actual de TSLA: $405.05
2026-06-22 19:14:46,488 - INFO - -> Última compra: $407.99 | Compras actuales: 1/10
2026-06-22 19:14:46,489 - INFO - -> Objetivo de COMPRA (caída a): $387.59 | Objetivo de VENTA (subida a): $424.31
2026-06-22 19:14:46,489 - INFO - El precio se mantiene dentro del rango. No se requieren acciones.
2026-06-22 19:14:55,727 - INFO - Precio actual de TSLA: $405.05
2026-06-22 19:14:55,727 - INFO - -> Última compra: $407.99 | Compras actuales: 1/10
2026-06-22 19:14:55,727 - INFO - -> Objetivo de COMPRA (caída a): $387.59 | Objetivo de VENTA (subida a): $424.31
2026-06-22 19:14:55,727 - INFO - El precio se mantiene dentro del rango. No se requieren acciones.
2026-06-22 19:15:46,677 - INFO - Precio actual de TSLA: $405.05
2026-06-22 19:15:46,677 - INFO - -> Última compra: $407.99 | Compras actuales: 1/10
2026-06-22 19:15:46,679 - INFO - -> Objetivo de COMPRA (caída a): $387.59 | Objetivo de VENTA (subida a): $424.31
2026-06-22 19:15:46,679 - INFO - El precio se mantiene dentro del rango. No se requieren acciones.
2026-06-22 19:15:55,917 - INFO - Precio actual de TSLA: $405.05
2026-06-22 19:15:55,918 - INFO - -> Última compra: $407.99 | Compras actuales: 1/10
2026-06-22 19:15:55,918 - INFO - -> Objetivo de COMPRA (caída a): $387.59 | Objetivo de VENTA (subida a): $424.31
2026-06-22 19:15:55,918 - INFO - El precio se mantiene dentro del rango. No se requieren acciones.
2026-06-22 19:16:46,867 - INFO - Precio actual de TSLA: $405.05
2026-06-22 19:16:46,867 - INFO - -> Última compra: $407.99 | Compras actuales: 1/10
2026-06-22 19:16:46,868 - INFO - -> Objetivo de COMPRA (caída a): $387.59 | Objetivo de VENTA (subida a): $424.31
2026-06-22 19:16:46,868 - INFO - El precio se mantiene dentro del rango. No se requieren acciones.
2026-06-22 19:16:56,111 - INFO - Precio actual de TSLA: $405.05
2026-06-22 19:16:56,111 - INFO - -> Última compra: $407.99 | Compras actuales: 1/10
2026-06-22 19:16:56,112 - INFO - -> Objetivo de COMPRA (caída a): $387.59 | Objetivo de VENTA (subida a): $424.31
2026-06-22 19:16:56,113 - INFO - El precio se mantiene dentro del rango. No se requieren acciones.
2026-06-22 19:17:47,056 - INFO - Precio actual de TSLA: $405.05
2026-06-22 19:17:47,057 - INFO - -> Última compra: $407.99 | Compras actuales: 1/10
2026-06-22 19:17:47,057 - INFO - -> Objetivo de COMPRA (caída a): $387.59 | Objetivo de VENTA (subida a): $424.31
2026-06-22 19:17:47,057 - INFO - El precio se mantiene dentro del rango. No se requieren acciones.
2026-06-22 19:17:56,323 - INFO - Precio actual de TSLA: $405.05
2026-06-22 19:17:56,323 - INFO - -> Última compra: $407.99 | Compras actuales: 1/10
2026-06-22 19:17:56,324 - INFO - -> Objetivo de COMPRA (caída a): $387.59 | Objetivo de VENTA (subida a): $424.31
2026-06-22 19:17:56,324 - INFO - El precio se mantiene dentro del rango. No se requieren acciones.
2026-06-22 19:18:47,249 - INFO - Precio actual de TSLA: $405.05
2026-06-22 19:18:47,250 - INFO - -> Última compra: $407.99 | Compras actuales: 1/10
2026-06-22 19:18:47,252 - INFO - -> Objetivo de COMPRA (caída a): $387.59 | Objetivo de VENTA (subida a): $424.31
2026-06-22 19:18:47,253 - INFO - El precio se mantiene dentro del rango. No se requieren acciones.
2026-06-22 19:18:56,545 - INFO - Precio actual de TSLA: $405.05
2026-06-22 19:18:56,545 - INFO - -> Última compra: $407.99 | Compras actuales: 1/10
2026-06-22 19:18:56,545 - INFO - -> Objetivo de COMPRA (caída a): $387.59 | Objetivo de VENTA (subida a): $424.31
2026-06-22 19:18:56,546 - INFO - El precio se mantiene dentro del rango. No se requieren acciones.
2026-06-22 19:19:47,442 - INFO - Precio actual de TSLA: $405.05
2026-06-22 19:19:47,442 - INFO - -> Última compra: $407.99 | Compras actuales: 1/10
2026-06-22 19:19:47,442 - INFO - -> Objetivo de COMPRA (caída a): $387.59 | Objetivo de VENTA (subida a): $424.31
2026-06-22 19:19:47,443 - INFO - El precio se mantiene dentro del rango. No se requieren acciones.
2026-06-22 19:19:56,780 - INFO - Precio actual de TSLA: $405.05
2026-06-22 19:19:56,780 - INFO - -> Última compra: $407.99 | Compras actuales: 1/10
2026-06-22 19:19:56,780 - INFO - -> Objetivo de COMPRA (caída a): $387.59 | Objetivo de VENTA (subida a): $424.31
2026-06-22 19:19:56,781 - INFO - El precio se mantiene dentro del rango. No se requieren acciones.
2026-06-22 19:20:47,633 - INFO - Precio actual de TSLA: $405.05
2026-06-22 19:20:47,634 - INFO - -> Última compra: $407.99 | Compras actuales: 1/10
2026-06-22 19:20:47,636 - INFO - -> Objetivo de COMPRA (caída a): $387.59 | Objetivo de VENTA (subida a): $424.31
2026-06-22 19:20:47,637 - INFO - El precio se mantiene dentro del rango. No se requieren acciones.
2026-06-22 19:20:56,969 - INFO - Precio actual de TSLA: $405.05
2026-06-22 19:20:56,969 - INFO - -> Última compra: $407.99 | Compras actuales: 1/10
2026-06-22 19:20:56,969 - INFO - -> Objetivo de COMPRA (caída a): $387.59 | Objetivo de VENTA (subida a): $424.31
2026-06-22 19:20:56,970 - INFO - El precio se mantiene dentro del rango. No se requieren acciones.
2026-06-22 19:21:47,830 - INFO - Precio actual de TSLA: $405.05
2026-06-22 19:21:47,831 - INFO - -> Última compra: $407.99 | Compras actuales: 1/10
2026-06-22 19:21:47,832 - INFO - -> Objetivo de COMPRA (caída a): $387.59 | Objetivo de VENTA (subida a): $424.31
2026-06-22 19:21:47,834 - INFO - El precio se mantiene dentro del rango. No se requieren acciones.
2026-06-22 19:21:57,157 - INFO - Precio actual de TSLA: $405.05
2026-06-22 19:21:57,157 - INFO - -> Última compra: $407.99 | Compras actuales: 1/10
2026-06-22 19:21:57,157 - INFO - -> Objetivo de COMPRA (caída a): $387.59 | Objetivo de VENTA (subida a): $424.31
2026-06-22 19:21:57,157 - INFO - El precio se mantiene dentro del rango. No se requieren acciones.
2026-06-22 19:22:48,029 - INFO - Precio actual de TSLA: $405.05
2026-06-22 19:22:48,029 - INFO - -> Última compra: $407.99 | Compras actuales: 1/10
2026-06-22 19:22:48,030 - INFO - -> Objetivo de COMPRA (caída a): $387.59 | Objetivo de VENTA (subida a): $424.31
2026-06-22 19:22:48,030 - INFO - El precio se mantiene dentro del rango. No se requieren acciones.
2026-06-22 19:22:57,345 - INFO - Precio actual de TSLA: $405.05
2026-06-22 19:22:57,346 - INFO - -> Última compra: $407.99 | Compras actuales: 1/10
2026-06-22 19:22:57,346 - INFO - -> Objetivo de COMPRA (caída a): $387.59 | Objetivo de VENTA (subida a): $424.31
2026-06-22 19:22:57,346 - INFO - El precio se mantiene dentro del rango. No se requieren acciones.
2026-06-22 19:23:48,217 - INFO - Precio actual de TSLA: $405.05
2026-06-22 19:23:48,218 - INFO - -> Última compra: $407.99 | Compras actuales: 1/10
2026-06-22 19:23:48,218 - INFO - -> Objetivo de COMPRA (caída a): $387.59 | Objetivo de VENTA (subida a): $424.31
2026-06-22 19:23:48,219 - INFO - El precio se mantiene dentro del rango. No se requieren acciones.
2026-06-22 19:23:57,534 - INFO - Precio actual de TSLA: $405.05
2026-06-22 19:23:57,534 - INFO - -> Última compra: $407.99 | Compras actuales: 1/10
2026-06-22 19:23:57,534 - INFO - -> Objetivo de COMPRA (caída a): $387.59 | Objetivo de VENTA (subida a): $424.31
2026-06-22 19:23:57,534 - INFO - El precio se mantiene dentro del rango. No se requieren acciones.
2026-06-22 19:24:48,413 - INFO - Precio actual de TSLA: $405.05
2026-06-22 19:24:48,414 - INFO - -> Última compra: $407.99 | Compras actuales: 1/10
2026-06-22 19:24:48,414 - INFO - -> Objetivo de COMPRA (caída a): $387.59 | Objetivo de VENTA (subida a): $424.31
2026-06-22 19:24:48,415 - INFO - El precio se mantiene dentro del rango. No se requieren acciones.
2026-06-22 19:24:57,721 - INFO - Precio actual de TSLA: $405.05
2026-06-22 19:24:57,722 - INFO - -> Última compra: $407.99 | Compras actuales: 1/10
2026-06-22 19:24:57,722 - INFO - -> Objetivo de COMPRA (caída a): $387.59 | Objetivo de VENTA (subida a): $424.31
2026-06-22 19:24:57,722 - INFO - El precio se mantiene dentro del rango. No se requieren acciones.
2026-06-22 19:25:48,606 - INFO - Precio actual de TSLA: $405.05
2026-06-22 19:25:48,606 - INFO - -> Última compra: $407.99 | Compras actuales: 1/10
2026-06-22 19:25:48,607 - INFO - -> Objetivo de COMPRA (caída a): $387.59 | Objetivo de VENTA (subida a): $424.31
2026-06-22 19:25:48,608 - INFO - El precio se mantiene dentro del rango. No se requieren acciones.
2026-06-22 19:25:57,898 - INFO - Precio actual de TSLA: $405.05
2026-06-22 19:25:57,898 - INFO - -> Última compra: $407.99 | Compras actuales: 1/10
2026-06-22 19:25:57,899 - INFO - -> Objetivo de COMPRA (caída a): $387.59 | Objetivo de VENTA (subida a): $424.31
2026-06-22 19:25:57,899 - INFO - El precio se mantiene dentro del rango. No se requieren acciones.
2026-06-22 19:26:48,791 - INFO - Precio actual de TSLA: $405.05
2026-06-22 19:26:48,791 - INFO - -> Última compra: $407.99 | Compras actuales: 1/10
2026-06-22 19:26:48,792 - INFO - -> Objetivo de COMPRA (caída a): $387.59 | Objetivo de VENTA (subida a): $424.31
2026-06-22 19:26:48,793 - INFO - El precio se mantiene dentro del rango. No se requieren acciones.
2026-06-22 19:26:58,075 - INFO - Precio actual de TSLA: $405.05
2026-06-22 19:26:58,075 - INFO - -> Última compra: $407.99 | Compras actuales: 1/10
2026-06-22 19:26:58,076 - INFO - -> Objetivo de COMPRA (caída a): $387.59 | Objetivo de VENTA (subida a): $424.31
2026-06-22 19:26:58,076 - INFO - El precio se mantiene dentro del rango. No se requieren acciones.
2026-06-22 19:27:48,977 - INFO - Precio actual de TSLA: $405.05
2026-06-22 19:27:48,977 - INFO - -> Última compra: $407.99 | Compras actuales: 1/10
2026-06-22 19:27:48,979 - INFO - -> Objetivo de COMPRA (caída a): $387.59 | Objetivo de VENTA (subida a): $424.31
2026-06-22 19:27:48,979 - INFO - El precio se mantiene dentro del rango. No se requieren acciones.
2026-06-22 19:27:58,259 - INFO - Precio actual de TSLA: $405.05
2026-06-22 19:27:58,260 - INFO - -> Última compra: $407.99 | Compras actuales: 1/10
2026-06-22 19:27:58,260 - INFO - -> Objetivo de COMPRA (caída a): $387.59 | Objetivo de VENTA (subida a): $424.31
2026-06-22 19:27:58,260 - INFO - El precio se mantiene dentro del rango. No se requieren acciones.
2026-06-22 19:28:49,552 - INFO - Precio actual de TSLA: $405.05
2026-06-22 19:28:49,553 - INFO - -> Última compra: $407.99 | Compras actuales: 1/10
2026-06-22 19:28:49,553 - INFO - -> Objetivo de COMPRA (caída a): $387.59 | Objetivo de VENTA (subida a): $424.31
2026-06-22 19:28:49,553 - INFO - El precio se mantiene dentro del rango. No se requieren acciones.
2026-06-22 19:28:58,845 - INFO - Precio actual de TSLA: $405.05
2026-06-22 19:28:58,845 - INFO - -> Última compra: $407.99 | Compras actuales: 1/10
2026-06-22 19:28:58,845 - INFO - -> Objetivo de COMPRA (caída a): $387.59 | Objetivo de VENTA (subida a): $424.31
2026-06-22 19:28:58,846 - INFO - El precio se mantiene dentro del rango. No se requieren acciones.
2026-06-22 19:29:49,733 - INFO - Precio actual de TSLA: $405.05
2026-06-22 19:29:49,733 - INFO - -> Última compra: $407.99 | Compras actuales: 1/10
2026-06-22 19:29:49,734 - INFO - -> Objetivo de COMPRA (caída a): $387.59 | Objetivo de VENTA (subida a): $424.31
2026-06-22 19:29:49,736 - INFO - El precio se mantiene dentro del rango. No se requieren acciones.
2026-06-22 19:29:59,024 - INFO - Precio actual de TSLA: $405.05
2026-06-22 19:29:59,025 - INFO - -> Última compra: $407.99 | Compras actuales: 1/10
2026-06-22 19:29:59,025 - INFO - -> Objetivo de COMPRA (caída a): $387.59 | Objetivo de VENTA (subida a): $424.31
2026-06-22 19:29:59,025 - INFO - El precio se mantiene dentro del rango. No se requieren acciones.
2026-06-22 19:30:49,913 - INFO - Precio actual de TSLA: $405.05
2026-06-22 19:30:49,913 - INFO - -> Última compra: $407.99 | Compras actuales: 1/10
2026-06-22 19:30:49,913 - INFO - -> Objetivo de COMPRA (caída a): $387.59 | Objetivo de VENTA (subida a): $424.31
2026-06-22 19:30:49,913 - INFO - El precio se mantiene dentro del rango. No se requieren acciones.
2026-06-22 19:30:59,203 - INFO - Precio actual de TSLA: $405.05
2026-06-22 19:30:59,203 - INFO - -> Última compra: $407.99 | Compras actuales: 1/10
2026-06-22 19:30:59,203 - INFO - -> Objetivo de COMPRA (caída a): $387.59 | Objetivo de VENTA (subida a): $424.31
2026-06-22 19:30:59,203 - INFO - El precio se mantiene dentro del rango. No se requieren acciones.
2026-06-22 19:31:50,163 - INFO - Precio actual de TSLA: $405.05
2026-06-22 19:31:50,166 - INFO - -> Última compra: $407.99 | Compras actuales: 1/10
2026-06-22 19:31:50,166 - INFO - -> Objetivo de COMPRA (caída a): $387.59 | Objetivo de VENTA (subida a): $424.31
2026-06-22 19:31:50,167 - INFO - El precio se mantiene dentro del rango. No se requieren acciones.
2026-06-22 19:31:59,581 - INFO - Precio actual de TSLA: $405.05
2026-06-22 19:31:59,581 - INFO - -> Última compra: $407.99 | Compras actuales: 1/10
2026-06-22 19:31:59,581 - INFO - -> Objetivo de COMPRA (caída a): $387.59 | Objetivo de VENTA (subida a): $424.31
2026-06-22 19:31:59,582 - INFO - El precio se mantiene dentro del rango. No se requieren acciones.
2026-06-22 19:32:50,709 - INFO - Precio actual de TSLA: $405.05
2026-06-22 19:32:50,709 - INFO - -> Última compra: $407.99 | Compras actuales: 1/10
2026-06-22 19:32:50,710 - INFO - -> Objetivo de COMPRA (caída a): $387.59 | Objetivo de VENTA (subida a): $424.31
2026-06-22 19:32:50,710 - INFO - El precio se mantiene dentro del rango. No se requieren acciones.
2026-06-22 19:33:00,165 - INFO - Precio actual de TSLA: $405.05
2026-06-22 19:33:00,166 - INFO - -> Última compra: $407.99 | Compras actuales: 1/10
2026-06-22 19:33:00,166 - INFO - -> Objetivo de COMPRA (caída a): $387.59 | Objetivo de VENTA (subida a): $424.31
2026-06-22 19:33:00,166 - INFO - El precio se mantiene dentro del rango. No se requieren acciones.
2026-06-22 19:33:51,400 - INFO - Precio actual de TSLA: $405.05
2026-06-22 19:33:51,401 - INFO - -> Última compra: $407.99 | Compras actuales: 1/10
2026-06-22 19:33:51,403 - INFO - -> Objetivo de COMPRA (caída a): $387.59 | Objetivo de VENTA (subida a): $424.31
2026-06-22 19:33:51,404 - INFO - El precio se mantiene dentro del rango. No se requieren acciones.
2026-06-22 19:34:00,603 - INFO - Precio actual de TSLA: $405.05
2026-06-22 19:34:00,604 - INFO - -> Última compra: $407.99 | Compras actuales: 1/10
2026-06-22 19:34:00,604 - INFO - -> Objetivo de COMPRA (caída a): $387.59 | Objetivo de VENTA (subida a): $424.31
2026-06-22 19:34:00,604 - INFO - El precio se mantiene dentro del rango. No se requieren acciones.
2026-06-22 19:34:51,582 - INFO - Precio actual de TSLA: $405.05
2026-06-22 19:34:51,585 - INFO - -> Última compra: $407.99 | Compras actuales: 1/10
2026-06-22 19:34:51,586 - INFO - -> Objetivo de COMPRA (caída a): $387.59 | Objetivo de VENTA (subida a): $424.31
2026-06-22 19:34:51,586 - INFO - El precio se mantiene dentro del rango. No se requieren acciones.
2026-06-22 19:35:00,789 - INFO - Precio actual de TSLA: $405.05
2026-06-22 19:35:00,789 - INFO - -> Última compra: $407.99 | Compras actuales: 1/10
2026-06-22 19:35:00,789 - INFO - -> Objetivo de COMPRA (caída a): $387.59 | Objetivo de VENTA (subida a): $424.31
2026-06-22 19:35:00,790 - INFO - El precio se mantiene dentro del rango. No se requieren acciones.
2026-06-22 19:35:51,766 - INFO - Precio actual de TSLA: $405.05
2026-06-22 19:35:51,768 - INFO - -> Última compra: $407.99 | Compras actuales: 1/10
2026-06-22 19:35:51,769 - INFO - -> Objetivo de COMPRA (caída a): $387.59 | Objetivo de VENTA (subida a): $424.31
2026-06-22 19:35:51,770 - INFO - El precio se mantiene dentro del rango. No se requieren acciones.
2026-06-22 19:36:00,974 - INFO - Precio actual de TSLA: $405.05
2026-06-22 19:36:00,975 - INFO - -> Última compra: $407.99 | Compras actuales: 1/10
2026-06-22 19:36:00,975 - INFO - -> Objetivo de COMPRA (caída a): $387.59 | Objetivo de VENTA (subida a): $424.31
2026-06-22 19:36:00,975 - INFO - El precio se mantiene dentro del rango. No se requieren acciones.
2026-06-22 19:36:51,948 - INFO - Precio actual de TSLA: $405.05
2026-06-22 19:36:51,948 - INFO - -> Última compra: $407.99 | Compras actuales: 1/10
2026-06-22 19:36:51,949 - INFO - -> Objetivo de COMPRA (caída a): $387.59 | Objetivo de VENTA (subida a): $424.31
2026-06-22 19:36:51,949 - INFO - El precio se mantiene dentro del rango. No se requieren acciones.
2026-06-22 19:37:01,151 - INFO - Precio actual de TSLA: $405.05
2026-06-22 19:37:01,152 - INFO - -> Última compra: $407.99 | Compras actuales: 1/10
2026-06-22 19:37:01,152 - INFO - -> Objetivo de COMPRA (caída a): $387.59 | Objetivo de VENTA (subida a): $424.31
2026-06-22 19:37:01,152 - INFO - El precio se mantiene dentro del rango. No se requieren acciones.
2026-06-22 19:37:52,129 - INFO - Precio actual de TSLA: $405.05
2026-06-22 19:37:52,131 - INFO - -> Última compra: $407.99 | Compras actuales: 1/10
2026-06-22 19:37:52,132 - INFO - -> Objetivo de COMPRA (caída a): $387.59 | Objetivo de VENTA (subida a): $424.31
2026-06-22 19:37:52,134 - INFO - El precio se mantiene dentro del rango. No se requieren acciones.
2026-06-22 19:38:01,341 - INFO - Precio actual de TSLA: $405.05
2026-06-22 19:38:01,341 - INFO - -> Última compra: $407.99 | Compras actuales: 1/10
2026-06-22 19:38:01,341 - INFO - -> Objetivo de COMPRA (caída a): $387.59 | Objetivo de VENTA (subida a): $424.31
2026-06-22 19:38:01,341 - INFO - El precio se mantiene dentro del rango. No se requieren acciones.
2026-06-22 19:38:52,328 - INFO - Precio actual de TSLA: $405.05
2026-06-22 19:38:52,328 - INFO - -> Última compra: $407.99 | Compras actuales: 1/10
2026-06-22 19:38:52,330 - INFO - -> Objetivo de COMPRA (caída a): $387.59 | Objetivo de VENTA (subida a): $424.31
2026-06-22 19:38:52,331 - INFO - El precio se mantiene dentro del rango. No se requieren acciones.
2026-06-22 19:39:01,522 - INFO - Precio actual de TSLA: $405.05
2026-06-22 19:39:01,522 - INFO - -> Última compra: $407.99 | Compras actuales: 1/10
2026-06-22 19:39:01,523 - INFO - -> Objetivo de COMPRA (caída a): $387.59 | Objetivo de VENTA (subida a): $424.31
2026-06-22 19:39:01,523 - INFO - El precio se mantiene dentro del rango. No se requieren acciones.
2026-06-22 19:39:52,811 - INFO - Precio actual de TSLA: $405.05
2026-06-22 19:39:52,811 - INFO - -> Última compra: $407.99 | Compras actuales: 1/10
2026-06-22 19:39:52,812 - INFO - -> Objetivo de COMPRA (caída a): $387.59 | Objetivo de VENTA (subida a): $424.31
2026-06-22 19:39:52,812 - INFO - El precio se mantiene dentro del rango. No se requieren acciones.
2026-06-22 19:40:02,300 - INFO - Precio actual de TSLA: $405.05
2026-06-22 19:40:02,301 - INFO - -> Última compra: $407.99 | Compras actuales: 1/10
2026-06-22 19:40:02,302 - INFO - -> Objetivo de COMPRA (caída a): $387.59 | Objetivo de VENTA (subida a): $424.31
2026-06-22 19:40:02,302 - INFO - El precio se mantiene dentro del rango. No se requieren acciones.
2026-06-22 19:40:52,986 - INFO - Precio actual de TSLA: $405.05
2026-06-22 19:40:52,987 - INFO - -> Última compra: $407.99 | Compras actuales: 1/10
2026-06-22 19:40:52,987 - INFO - -> Objetivo de COMPRA (caída a): $387.59 | Objetivo de VENTA (subida a): $424.31
2026-06-22 19:40:52,987 - INFO - El precio se mantiene dentro del rango. No se requieren acciones.
2026-06-22 19:41:02,773 - INFO - Precio actual de TSLA: $405.05
2026-06-22 19:41:02,773 - INFO - -> Última compra: $407.99 | Compras actuales: 1/10
2026-06-22 19:41:02,774 - INFO - -> Objetivo de COMPRA (caída a): $387.59 | Objetivo de VENTA (subida a): $424.31
2026-06-22 19:41:02,774 - INFO - El precio se mantiene dentro del rango. No se requieren acciones.
2026-06-22 19:41:53,165 - INFO - Precio actual de TSLA: $405.05
2026-06-22 19:41:53,166 - INFO - -> Última compra: $407.99 | Compras actuales: 1/10
2026-06-22 19:41:53,167 - INFO - -> Objetivo de COMPRA (caída a): $387.59 | Objetivo de VENTA (subida a): $424.31
2026-06-22 19:41:53,168 - INFO - El precio se mantiene dentro del rango. No se requieren acciones.
2026-06-22 19:42:02,975 - INFO - Precio actual de TSLA: $405.05
2026-06-22 19:42:02,977 - INFO - -> Última compra: $407.99 | Compras actuales: 1/10
2026-06-22 19:42:02,978 - INFO - -> Objetivo de COMPRA (caída a): $387.59 | Objetivo de VENTA (subida a): $424.31
2026-06-22 19:42:02,978 - INFO - El precio se mantiene dentro del rango. No se requieren acciones.
2026-06-22 19:42:53,344 - INFO - Precio actual de TSLA: $405.05
2026-06-22 19:42:53,345 - INFO - -> Última compra: $407.99 | Compras actuales: 1/10
2026-06-22 19:42:53,346 - INFO - -> Objetivo de COMPRA (caída a): $387.59 | Objetivo de VENTA (subida a): $424.31
2026-06-22 19:42:53,347 - INFO - El precio se mantiene dentro del rango. No se requieren acciones.
2026-06-22 19:43:03,155 - INFO - Precio actual de TSLA: $405.05
2026-06-22 19:43:03,155 - INFO - -> Última compra: $407.99 | Compras actuales: 1/10
2026-06-22 19:43:03,155 - INFO - -> Objetivo de COMPRA (caída a): $387.59 | Objetivo de VENTA (subida a): $424.31
2026-06-22 19:43:03,155 - INFO - El precio se mantiene dentro del rango. No se requieren acciones.
2026-06-22 19:43:53,525 - INFO - Precio actual de TSLA: $405.05
2026-06-22 19:43:53,526 - INFO - -> Última compra: $407.99 | Compras actuales: 1/10
2026-06-22 19:43:53,527 - INFO - -> Objetivo de COMPRA (caída a): $387.59 | Objetivo de VENTA (subida a): $424.31
2026-06-22 19:43:53,527 - INFO - El precio se mantiene dentro del rango. No se requieren acciones.
2026-06-22 19:44:03,328 - INFO - Precio actual de TSLA: $405.05
2026-06-22 19:44:03,328 - INFO - -> Última compra: $407.99 | Compras actuales: 1/10
2026-06-22 19:44:03,328 - INFO - -> Objetivo de COMPRA (caída a): $387.59 | Objetivo de VENTA (subida a): $424.31
2026-06-22 19:44:03,329 - INFO - El precio se mantiene dentro del rango. No se requieren acciones.
2026-06-22 19:44:54,267 - INFO - Precio actual de TSLA: $405.05
2026-06-22 19:44:54,268 - INFO - -> Última compra: $407.99 | Compras actuales: 1/10
2026-06-22 19:44:54,268 - INFO - -> Objetivo de COMPRA (caída a): $387.59 | Objetivo de VENTA (subida a): $424.31
2026-06-22 19:44:54,269 - INFO - El precio se mantiene dentro del rango. No se requieren acciones.
2026-06-22 19:45:03,830 - INFO - Precio actual de TSLA: $405.05
2026-06-22 19:45:03,831 - INFO - -> Última compra: $407.99 | Compras actuales: 1/10
2026-06-22 19:45:03,831 - INFO - -> Objetivo de COMPRA (caída a): $387.59 | Objetivo de VENTA (subida a): $424.31
2026-06-22 19:45:03,831 - INFO - El precio se mantiene dentro del rango. No se requieren acciones.
2026-06-22 19:45:54,447 - INFO - Precio actual de TSLA: $405.05
2026-06-22 19:45:54,450 - INFO - -> Última compra: $407.99 | Compras actuales: 1/10
2026-06-22 19:45:54,451 - INFO - -> Objetivo de COMPRA (caída a): $387.59 | Objetivo de VENTA (subida a): $424.31
2026-06-22 19:45:54,452 - INFO - El precio se mantiene dentro del rango. No se requieren acciones.
2026-06-22 19:46:04,006 - INFO - Precio actual de TSLA: $405.05
2026-06-22 19:46:04,006 - INFO - -> Última compra: $407.99 | Compras actuales: 1/10
2026-06-22 19:46:04,007 - INFO - -> Objetivo de COMPRA (caída a): $387.59 | Objetivo de VENTA (subida a): $424.31
2026-06-22 19:46:04,007 - INFO - El precio se mantiene dentro del rango. No se requieren acciones.
2026-06-22 19:46:54,630 - INFO - Precio actual de TSLA: $405.05
2026-06-22 19:46:54,631 - INFO - -> Última compra: $407.99 | Compras actuales: 1/10
2026-06-22 19:46:54,633 - INFO - -> Objetivo de COMPRA (caída a): $387.59 | Objetivo de VENTA (subida a): $424.31
2026-06-22 19:46:54,633 - INFO - El precio se mantiene dentro del rango. No se requieren acciones.
2026-06-22 19:47:04,183 - INFO - Precio actual de TSLA: $405.05
2026-06-22 19:47:04,183 - INFO - -> Última compra: $407.99 | Compras actuales: 1/10
2026-06-22 19:47:04,183 - INFO - -> Objetivo de COMPRA (caída a): $387.59 | Objetivo de VENTA (subida a): $424.31
2026-06-22 19:47:04,184 - INFO - El precio se mantiene dentro del rango. No se requieren acciones.
2026-06-22 19:47:54,805 - INFO - Precio actual de TSLA: $405.05
2026-06-22 19:47:54,806 - INFO - -> Última compra: $407.99 | Compras actuales: 1/10
2026-06-22 19:47:54,807 - INFO - -> Objetivo de COMPRA (caída a): $387.59 | Objetivo de VENTA (subida a): $424.31
2026-06-22 19:47:54,808 - INFO - El precio se mantiene dentro del rango. No se requieren acciones.
2026-06-22 19:48:04,362 - INFO - Precio actual de TSLA: $405.05
2026-06-22 19:48:04,363 - INFO - -> Última compra: $407.99 | Compras actuales: 1/10
2026-06-22 19:48:04,364 - INFO - -> Objetivo de COMPRA (caída a): $387.59 | Objetivo de VENTA (subida a): $424.31
2026-06-22 19:48:04,364 - INFO - El precio se mantiene dentro del rango. No se requieren acciones.
2026-06-22 19:48:54,984 - INFO - Precio actual de TSLA: $405.05
2026-06-22 19:48:54,985 - INFO - -> Última compra: $407.99 | Compras actuales: 1/10
2026-06-22 19:48:54,987 - INFO - -> Objetivo de COMPRA (caída a): $387.59 | Objetivo de VENTA (subida a): $424.31
2026-06-22 19:48:54,988 - INFO - El precio se mantiene dentro del rango. No se requieren acciones.
2026-06-22 19:49:04,541 - INFO - Precio actual de TSLA: $405.05
2026-06-22 19:49:04,541 - INFO - -> Última compra: $407.99 | Compras actuales: 1/10
2026-06-22 19:49:04,541 - INFO - -> Objetivo de COMPRA (caída a): $387.59 | Objetivo de VENTA (subida a): $424.31
2026-06-22 19:49:04,541 - INFO - El precio se mantiene dentro del rango. No se requieren acciones.
2026-06-22 19:49:55,164 - INFO - Precio actual de TSLA: $405.05
2026-06-22 19:49:55,165 - INFO - -> Última compra: $407.99 | Compras actuales: 1/10
2026-06-22 19:49:55,166 - INFO - -> Objetivo de COMPRA (caída a): $387.59 | Objetivo de VENTA (subida a): $424.31
2026-06-22 19:49:55,167 - INFO - El precio se mantiene dentro del rango. No se requieren acciones.
2026-06-22 19:50:04,719 - INFO - Precio actual de TSLA: $405.05
2026-06-22 19:50:04,719 - INFO - -> Última compra: $407.99 | Compras actuales: 1/10
2026-06-22 19:50:04,720 - INFO - -> Objetivo de COMPRA (caída a): $387.59 | Objetivo de VENTA (subida a): $424.31
2026-06-22 19:50:04,720 - INFO - El precio se mantiene dentro del rango. No se requieren acciones.
2026-06-22 19:50:55,348 - INFO - Precio actual de TSLA: $405.05
2026-06-22 19:50:55,348 - INFO - -> Última compra: $407.99 | Compras actuales: 1/10
2026-06-22 19:50:55,348 - INFO - -> Objetivo de COMPRA (caída a): $387.59 | Objetivo de VENTA (subida a): $424.31
2026-06-22 19:50:55,349 - INFO - El precio se mantiene dentro del rango. No se requieren acciones.
2026-06-22 19:51:04,899 - INFO - Precio actual de TSLA: $405.05
2026-06-22 19:51:04,899 - INFO - -> Última compra: $407.99 | Compras actuales: 1/10
2026-06-22 19:51:04,899 - INFO - -> Objetivo de COMPRA (caída a): $387.59 | Objetivo de VENTA (subida a): $424.31
2026-06-22 19:51:04,899 - INFO - El precio se mantiene dentro del rango. No se requieren acciones.
2026-06-22 19:51:55,525 - INFO - Precio actual de TSLA: $405.05
2026-06-22 19:51:55,526 - INFO - -> Última compra: $407.99 | Compras actuales: 1/10
2026-06-22 19:51:55,526 - INFO - -> Objetivo de COMPRA (caída a): $387.59 | Objetivo de VENTA (subida a): $424.31
2026-06-22 19:51:55,527 - INFO - El precio se mantiene dentro del rango. No se requieren acciones.
2026-06-22 19:52:05,078 - INFO - Precio actual de TSLA: $405.05
2026-06-22 19:52:05,078 - INFO - -> Última compra: $407.99 | Compras actuales: 1/10
2026-06-22 19:52:05,078 - INFO - -> Objetivo de COMPRA (caída a): $387.59 | Objetivo de VENTA (subida a): $424.31
2026-06-22 19:52:05,078 - INFO - El precio se mantiene dentro del rango. No se requieren acciones.
2026-06-22 19:52:55,713 - INFO - Precio actual de TSLA: $405.05
2026-06-22 19:52:55,715 - INFO - -> Última compra: $407.99 | Compras actuales: 1/10
2026-06-22 19:52:55,715 - INFO - -> Objetivo de COMPRA (caída a): $387.59 | Objetivo de VENTA (subida a): $424.31
2026-06-22 19:52:55,717 - INFO - El precio se mantiene dentro del rango. No se requieren acciones.
2026-06-22 19:53:05,252 - INFO - Precio actual de TSLA: $405.05
2026-06-22 19:53:05,252 - INFO - -> Última compra: $407.99 | Compras actuales: 1/10
2026-06-22 19:53:05,253 - INFO - -> Objetivo de COMPRA (caída a): $387.59 | Objetivo de VENTA (subida a): $424.31
2026-06-22 19:53:05,253 - INFO - El precio se mantiene dentro del rango. No se requieren acciones.
2026-06-22 19:53:55,941 - INFO - Precio actual de TSLA: $405.05
2026-06-22 19:53:55,942 - INFO - -> Última compra: $407.99 | Compras actuales: 1/10
2026-06-22 19:53:55,944 - INFO - -> Objetivo de COMPRA (caída a): $387.59 | Objetivo de VENTA (subida a): $424.31
2026-06-22 19:53:55,945 - INFO - El precio se mantiene dentro del rango. No se requieren acciones.
2026-06-22 19:54:05,426 - INFO - Precio actual de TSLA: $405.05
2026-06-22 19:54:05,426 - INFO - -> Última compra: $407.99 | Compras actuales: 1/10
2026-06-22 19:54:05,426 - INFO - -> Objetivo de COMPRA (caída a): $387.59 | Objetivo de VENTA (subida a): $424.31
2026-06-22 19:54:05,426 - INFO - El precio se mantiene dentro del rango. No se requieren acciones.
2026-06-22 19:54:56,149 - INFO - Precio actual de TSLA: $405.05
2026-06-22 19:54:56,149 - INFO - -> Última compra: $407.99 | Compras actuales: 1/10
2026-06-22 19:54:56,152 - INFO - -> Objetivo de COMPRA (caída a): $387.59 | Objetivo de VENTA (subida a): $424.31
2026-06-22 19:54:56,153 - INFO - El precio se mantiene dentro del rango. No se requieren acciones.
2026-06-22 19:55:05,598 - INFO - Precio actual de TSLA: $405.05
2026-06-22 19:55:05,598 - INFO - -> Última compra: $407.99 | Compras actuales: 1/10
2026-06-22 19:55:05,598 - INFO - -> Objetivo de COMPRA (caída a): $387.59 | Objetivo de VENTA (subida a): $424.31
2026-06-22 19:55:05,598 - INFO - El precio se mantiene dentro del rango. No se requieren acciones.
2026-06-22 19:55:56,327 - INFO - Precio actual de TSLA: $405.05
2026-06-22 19:55:56,328 - INFO - -> Última compra: $407.99 | Compras actuales: 1/10
2026-06-22 19:55:56,329 - INFO - -> Objetivo de COMPRA (caída a): $387.59 | Objetivo de VENTA (subida a): $424.31
2026-06-22 19:55:56,329 - INFO - El precio se mantiene dentro del rango. No se requieren acciones.
2026-06-22 19:56:05,785 - INFO - Precio actual de TSLA: $405.05
2026-06-22 19:56:05,785 - INFO - -> Última compra: $407.99 | Compras actuales: 1/10
2026-06-22 19:56:05,785 - INFO - -> Objetivo de COMPRA (caída a): $387.59 | Objetivo de VENTA (subida a): $424.31
2026-06-22 19:56:05,785 - INFO - El precio se mantiene dentro del rango. No se requieren acciones.
2026-06-22 19:56:56,515 - INFO - Precio actual de TSLA: $405.05
2026-06-22 19:56:56,516 - INFO - -> Última compra: $407.99 | Compras actuales: 1/10
2026-06-22 19:56:56,516 - INFO - -> Objetivo de COMPRA (caída a): $387.59 | Objetivo de VENTA (subida a): $424.31
2026-06-22 19:56:56,517 - INFO - El precio se mantiene dentro del rango. No se requieren acciones.
2026-06-22 19:57:05,959 - INFO - Precio actual de TSLA: $405.05
2026-06-22 19:57:05,960 - INFO - -> Última compra: $407.99 | Compras actuales: 1/10
2026-06-22 19:57:05,960 - INFO - -> Objetivo de COMPRA (caída a): $387.59 | Objetivo de VENTA (subida a): $424.31
2026-06-22 19:57:05,960 - INFO - El precio se mantiene dentro del rango. No se requieren acciones.
2026-06-22 19:57:56,707 - INFO - Precio actual de TSLA: $405.05
2026-06-22 19:57:56,707 - INFO - -> Última compra: $407.99 | Compras actuales: 1/10
2026-06-22 19:57:56,708 - INFO - -> Objetivo de COMPRA (caída a): $387.59 | Objetivo de VENTA (subida a): $424.31
2026-06-22 19:57:56,708 - INFO - El precio se mantiene dentro del rango. No se requieren acciones.
2026-06-22 19:58:06,137 - INFO - Precio actual de TSLA: $405.05
2026-06-22 19:58:06,137 - INFO - -> Última compra: $407.99 | Compras actuales: 1/10
2026-06-22 19:58:06,138 - INFO - -> Objetivo de COMPRA (caída a): $387.59 | Objetivo de VENTA (subida a): $424.31
2026-06-22 19:58:06,138 - INFO - El precio se mantiene dentro del rango. No se requieren acciones.
2026-06-22 19:58:56,884 - INFO - Precio actual de TSLA: $405.05
2026-06-22 19:58:56,885 - INFO - -> Última compra: $407.99 | Compras actuales: 1/10
2026-06-22 19:58:56,886 - INFO - -> Objetivo de COMPRA (caída a): $387.59 | Objetivo de VENTA (subida a): $424.31
2026-06-22 19:58:56,888 - INFO - El precio se mantiene dentro del rango. No se requieren acciones.
2026-06-22 19:59:06,315 - INFO - Precio actual de TSLA: $405.05
2026-06-22 19:59:06,315 - INFO - -> Última compra: $407.99 | Compras actuales: 1/10
2026-06-22 19:59:06,315 - INFO - -> Objetivo de COMPRA (caída a): $387.59 | Objetivo de VENTA (subida a): $424.31
2026-06-22 19:59:06,316 - INFO - El precio se mantiene dentro del rango. No se requieren acciones.
2026-06-22 19:59:57,080 - INFO - Precio actual de TSLA: $405.05
2026-06-22 19:59:57,081 - INFO - -> Última compra: $407.99 | Compras actuales: 1/10
2026-06-22 19:59:57,081 - INFO - -> Objetivo de COMPRA (caída a): $387.59 | Objetivo de VENTA (subida a): $424.31
2026-06-22 19:59:57,082 - INFO - El precio se mantiene dentro del rango. No se requieren acciones.
2026-06-22 20:00:06,496 - INFO - Precio actual de TSLA: $405.05
2026-06-22 20:00:06,496 - INFO - -> Última compra: $407.99 | Compras actuales: 1/10
2026-06-22 20:00:06,496 - INFO - -> Objetivo de COMPRA (caída a): $387.59 | Objetivo de VENTA (subida a): $424.31
2026-06-22 20:00:06,497 - INFO - El precio se mantiene dentro del rango. No se requieren acciones.
2026-06-22 20:00:57,255 - INFO - Precio actual de TSLA: $405.05
2026-06-22 20:00:57,256 - INFO - -> Última compra: $407.99 | Compras actuales: 1/10
2026-06-22 20:00:57,256 - INFO - -> Objetivo de COMPRA (caída a): $387.59 | Objetivo de VENTA (subida a): $424.31
2026-06-22 20:00:57,256 - INFO - El precio se mantiene dentro del rango. No se requieren acciones.
2026-06-22 20:01:06,669 - INFO - Precio actual de TSLA: $405.05
2026-06-22 20:01:06,669 - INFO - -> Última compra: $407.99 | Compras actuales: 1/10
2026-06-22 20:01:06,669 - INFO - -> Objetivo de COMPRA (caída a): $387.59 | Objetivo de VENTA (subida a): $424.31
2026-06-22 20:01:06,669 - INFO - El precio se mantiene dentro del rango. No se requieren acciones.
2026-06-22 20:01:57,433 - INFO - Precio actual de TSLA: $405.05
2026-06-22 20:01:57,434 - INFO - -> Última compra: $407.99 | Compras actuales: 1/10
2026-06-22 20:01:57,434 - INFO - -> Objetivo de COMPRA (caída a): $387.59 | Objetivo de VENTA (subida a): $424.31
2026-06-22 20:01:57,436 - INFO - El precio se mantiene dentro del rango. No se requieren acciones.
2026-06-22 20:02:06,846 - INFO - Precio actual de TSLA: $405.05
2026-06-22 20:02:06,846 - INFO - -> Última compra: $407.99 | Compras actuales: 1/10
2026-06-22 20:02:06,846 - INFO - -> Objetivo de COMPRA (caída a): $387.59 | Objetivo de VENTA (subida a): $424.31
2026-06-22 20:02:06,846 - INFO - El precio se mantiene dentro del rango. No se requieren acciones.
2026-06-22 20:02:57,609 - INFO - Precio actual de TSLA: $405.05
2026-06-22 20:02:57,610 - INFO - -> Última compra: $407.99 | Compras actuales: 1/10
2026-06-22 20:02:57,611 - INFO - -> Objetivo de COMPRA (caída a): $387.59 | Objetivo de VENTA (subida a): $424.31
2026-06-22 20:02:57,611 - INFO - El precio se mantiene dentro del rango. No se requieren acciones.
2026-06-22 20:03:07,024 - INFO - Precio actual de TSLA: $405.05
2026-06-22 20:03:07,024 - INFO - -> Última compra: $407.99 | Compras actuales: 1/10
2026-06-22 20:03:07,024 - INFO - -> Objetivo de COMPRA (caída a): $387.59 | Objetivo de VENTA (subida a): $424.31
2026-06-22 20:03:07,024 - INFO - El precio se mantiene dentro del rango. No se requieren acciones.
2026-06-22 20:03:57,785 - INFO - Precio actual de TSLA: $405.05
2026-06-22 20:03:57,786 - INFO - -> Última compra: $407.99 | Compras actuales: 1/10
2026-06-22 20:03:57,786 - INFO - -> Objetivo de COMPRA (caída a): $387.59 | Objetivo de VENTA (subida a): $424.31
2026-06-22 20:03:57,787 - INFO - El precio se mantiene dentro del rango. No se requieren acciones.
2026-06-22 20:04:07,201 - INFO - Precio actual de TSLA: $405.05
2026-06-22 20:04:07,201 - INFO - -> Última compra: $407.99 | Compras actuales: 1/10
2026-06-22 20:04:07,201 - INFO - -> Objetivo de COMPRA (caída a): $387.59 | Objetivo de VENTA (subida a): $424.31
2026-06-22 20:04:07,202 - INFO - El precio se mantiene dentro del rango. No se requieren acciones.
2026-06-22 20:04:57,959 - INFO - Precio actual de TSLA: $405.05
2026-06-22 20:04:57,960 - INFO - -> Última compra: $407.99 | Compras actuales: 1/10
2026-06-22 20:04:57,961 - INFO - -> Objetivo de COMPRA (caída a): $387.59 | Objetivo de VENTA (subida a): $424.31
2026-06-22 20:04:57,962 - INFO - El precio se mantiene dentro del rango. No se requieren acciones.
2026-06-22 20:05:07,374 - INFO - Precio actual de TSLA: $405.05
2026-06-22 20:05:07,374 - INFO - -> Última compra: $407.99 | Compras actuales: 1/10
2026-06-22 20:05:07,375 - INFO - -> Objetivo de COMPRA (caída a): $387.59 | Objetivo de VENTA (subida a): $424.31
2026-06-22 20:05:07,375 - INFO - El precio se mantiene dentro del rango. No se requieren acciones.
2026-06-22 20:05:58,138 - INFO - Precio actual de TSLA: $405.05
2026-06-22 20:05:58,138 - INFO - -> Última compra: $407.99 | Compras actuales: 1/10
2026-06-22 20:05:58,138 - INFO - -> Objetivo de COMPRA (caída a): $387.59 | Objetivo de VENTA (subida a): $424.31
2026-06-22 20:05:58,138 - INFO - El precio se mantiene dentro del rango. No se requieren acciones.
2026-06-22 20:06:07,551 - INFO - Precio actual de TSLA: $405.05
2026-06-22 20:06:07,551 - INFO - -> Última compra: $407.99 | Compras actuales: 1/10
2026-06-22 20:06:07,551 - INFO - -> Objetivo de COMPRA (caída a): $387.59 | Objetivo de VENTA (subida a): $424.31
2026-06-22 20:06:07,551 - INFO - El precio se mantiene dentro del rango. No se requieren acciones.
2026-06-22 20:06:58,316 - INFO - Precio actual de TSLA: $405.05
2026-06-22 20:06:58,316 - INFO - -> Última compra: $407.99 | Compras actuales: 1/10
2026-06-22 20:06:58,317 - INFO - -> Objetivo de COMPRA (caída a): $387.59 | Objetivo de VENTA (subida a): $424.31
2026-06-22 20:06:58,317 - INFO - El precio se mantiene dentro del rango. No se requieren acciones.
2026-06-22 20:07:07,730 - INFO - Precio actual de TSLA: $405.05
2026-06-22 20:07:07,731 - INFO - -> Última compra: $407.99 | Compras actuales: 1/10
2026-06-22 20:07:07,731 - INFO - -> Objetivo de COMPRA (caída a): $387.59 | Objetivo de VENTA (subida a): $424.31
2026-06-22 20:07:07,731 - INFO - El precio se mantiene dentro del rango. No se requieren acciones.
2026-06-22 20:07:58,494 - INFO - Precio actual de TSLA: $405.05
2026-06-22 20:07:58,494 - INFO - -> Última compra: $407.99 | Compras actuales: 1/10
2026-06-22 20:07:58,495 - INFO - -> Objetivo de COMPRA (caída a): $387.59 | Objetivo de VENTA (subida a): $424.31
2026-06-22 20:07:58,495 - INFO - El precio se mantiene dentro del rango. No se requieren acciones.
2026-06-22 20:08:07,914 - INFO - Precio actual de TSLA: $405.05
2026-06-22 20:08:07,914 - INFO - -> Última compra: $407.99 | Compras actuales: 1/10
2026-06-22 20:08:07,915 - INFO - -> Objetivo de COMPRA (caída a): $387.59 | Objetivo de VENTA (subida a): $424.31
2026-06-22 20:08:07,915 - INFO - El precio se mantiene dentro del rango. No se requieren acciones.
2026-06-22 20:08:58,668 - INFO - Precio actual de TSLA: $405.05
2026-06-22 20:08:58,668 - INFO - -> Última compra: $407.99 | Compras actuales: 1/10
2026-06-22 20:08:58,668 - INFO - -> Objetivo de COMPRA (caída a): $387.59 | Objetivo de VENTA (subida a): $424.31
2026-06-22 20:08:58,669 - INFO - El precio se mantiene dentro del rango. No se requieren acciones.
2026-06-22 20:09:08,091 - INFO - Precio actual de TSLA: $405.05
2026-06-22 20:09:08,092 - INFO - -> Última compra: $407.99 | Compras actuales: 1/10
2026-06-22 20:09:08,092 - INFO - -> Objetivo de COMPRA (caída a): $387.59 | Objetivo de VENTA (subida a): $424.31
2026-06-22 20:09:08,092 - INFO - El precio se mantiene dentro del rango. No se requieren acciones.
2026-06-22 20:09:58,845 - INFO - Precio actual de TSLA: $405.05
2026-06-22 20:09:58,846 - INFO - -> Última compra: $407.99 | Compras actuales: 1/10
2026-06-22 20:09:58,846 - INFO - -> Objetivo de COMPRA (caída a): $387.59 | Objetivo de VENTA (subida a): $424.31
2026-06-22 20:09:58,846 - INFO - El precio se mantiene dentro del rango. No se requieren acciones.
2026-06-22 20:10:08,264 - INFO - Precio actual de TSLA: $405.05
2026-06-22 20:10:08,265 - INFO - -> Última compra: $407.99 | Compras actuales: 1/10
2026-06-22 20:10:08,265 - INFO - -> Objetivo de COMPRA (caída a): $387.59 | Objetivo de VENTA (subida a): $424.31
2026-06-22 20:10:08,265 - INFO - El precio se mantiene dentro del rango. No se requieren acciones.
2026-06-22 20:10:59,025 - INFO - Precio actual de TSLA: $405.05
2026-06-22 20:10:59,025 - INFO - -> Última compra: $407.99 | Compras actuales: 1/10
2026-06-22 20:10:59,027 - INFO - -> Objetivo de COMPRA (caída a): $387.59 | Objetivo de VENTA (subida a): $424.31
2026-06-22 20:10:59,028 - INFO - El precio se mantiene dentro del rango. No se requieren acciones.
2026-06-22 20:11:08,441 - INFO - Precio actual de TSLA: $405.05
2026-06-22 20:11:08,441 - INFO - -> Última compra: $407.99 | Compras actuales: 1/10
2026-06-22 20:11:08,441 - INFO - -> Objetivo de COMPRA (caída a): $387.59 | Objetivo de VENTA (subida a): $424.31
2026-06-22 20:11:08,441 - INFO - El precio se mantiene dentro del rango. No se requieren acciones.
2026-06-22 20:11:59,205 - INFO - Precio actual de TSLA: $405.05
2026-06-22 20:11:59,206 - INFO - -> Última compra: $407.99 | Compras actuales: 1/10
2026-06-22 20:11:59,206 - INFO - -> Objetivo de COMPRA (caída a): $387.59 | Objetivo de VENTA (subida a): $424.31
2026-06-22 20:11:59,206 - INFO - El precio se mantiene dentro del rango. No se requieren acciones.
2026-06-22 20:12:08,618 - INFO - Precio actual de TSLA: $405.05
2026-06-22 20:12:08,618 - INFO - -> Última compra: $407.99 | Compras actuales: 1/10
2026-06-22 20:12:08,618 - INFO - -> Objetivo de COMPRA (caída a): $387.59 | Objetivo de VENTA (subida a): $424.31
2026-06-22 20:12:08,618 - INFO - El precio se mantiene dentro del rango. No se requieren acciones.
2026-06-22 20:12:59,383 - INFO - Precio actual de TSLA: $405.05
2026-06-22 20:12:59,384 - INFO - -> Última compra: $407.99 | Compras actuales: 1/10
2026-06-22 20:12:59,384 - INFO - -> Objetivo de COMPRA (caída a): $387.59 | Objetivo de VENTA (subida a): $424.31
2026-06-22 20:12:59,386 - INFO - El precio se mantiene dentro del rango. No se requieren acciones.
2026-06-22 20:13:08,794 - INFO - Precio actual de TSLA: $405.05
2026-06-22 20:13:08,794 - INFO - -> Última compra: $407.99 | Compras actuales: 1/10
2026-06-22 20:13:08,794 - INFO - -> Objetivo de COMPRA (caída a): $387.59 | Objetivo de VENTA (subida a): $424.31
2026-06-22 20:13:08,795 - INFO - El precio se mantiene dentro del rango. No se requieren acciones.
2026-06-22 20:13:59,648 - INFO - Precio actual de TSLA: $405.05
2026-06-22 20:13:59,649 - INFO - -> Última compra: $407.99 | Compras actuales: 1/10
2026-06-22 20:13:59,651 - INFO - -> Objetivo de COMPRA (caída a): $387.59 | Objetivo de VENTA (subida a): $424.31
2026-06-22 20:13:59,651 - INFO - El precio se mantiene dentro del rango. No se requieren acciones.
2026-06-22 20:14:08,970 - INFO - Precio actual de TSLA: $405.05
2026-06-22 20:14:08,970 - INFO - -> Última compra: $407.99 | Compras actuales: 1/10
2026-06-22 20:14:08,971 - INFO - -> Objetivo de COMPRA (caída a): $387.59 | Objetivo de VENTA (subida a): $424.31
2026-06-22 20:14:08,971 - INFO - El precio se mantiene dentro del rango. No se requieren acciones.
2026-06-22 20:14:59,833 - INFO - Precio actual de TSLA: $405.05
2026-06-22 20:14:59,833 - INFO - -> Última compra: $407.99 | Compras actuales: 1/10
2026-06-22 20:14:59,834 - INFO - -> Objetivo de COMPRA (caída a): $387.59 | Objetivo de VENTA (subida a): $424.31
2026-06-22 20:14:59,835 - INFO - El precio se mantiene dentro del rango. No se requieren acciones.
2026-06-22 20:15:09,449 - INFO - Precio actual de TSLA: $405.05
2026-06-22 20:15:09,450 - INFO - -> Última compra: $407.99 | Compras actuales: 1/10
2026-06-22 20:15:09,450 - INFO - -> Objetivo de COMPRA (caída a): $387.59 | Objetivo de VENTA (subida a): $424.31
2026-06-22 20:15:09,450 - INFO - El precio se mantiene dentro del rango. No se requieren acciones.
2026-06-22 20:16:00,012 - INFO - Precio actual de TSLA: $405.05
2026-06-22 20:16:00,012 - INFO - -> Última compra: $407.99 | Compras actuales: 1/10
2026-06-22 20:16:00,013 - INFO - -> Objetivo de COMPRA (caída a): $387.59 | Objetivo de VENTA (subida a): $424.31
2026-06-22 20:16:00,013 - INFO - El precio se mantiene dentro del rango. No se requieren acciones.
2026-06-22 20:16:09,629 - INFO - Precio actual de TSLA: $405.05
2026-06-22 20:16:09,629 - INFO - -> Última compra: $407.99 | Compras actuales: 1/10
2026-06-22 20:16:09,630 - INFO - -> Objetivo de COMPRA (caída a): $387.59 | Objetivo de VENTA (subida a): $424.31
2026-06-22 20:16:09,630 - INFO - El precio se mantiene dentro del rango. No se requieren acciones.
2026-06-22 20:17:00,197 - INFO - Precio actual de TSLA: $405.05
2026-06-22 20:17:00,197 - INFO - -> Última compra: $407.99 | Compras actuales: 1/10
2026-06-22 20:17:00,198 - INFO - -> Objetivo de COMPRA (caída a): $387.59 | Objetivo de VENTA (subida a): $424.31
2026-06-22 20:17:00,198 - INFO - El precio se mantiene dentro del rango. No se requieren acciones.
2026-06-22 20:17:09,802 - INFO - Precio actual de TSLA: $405.05
2026-06-22 20:17:09,802 - INFO - -> Última compra: $407.99 | Compras actuales: 1/10
2026-06-22 20:17:09,802 - INFO - -> Objetivo de COMPRA (caída a): $387.59 | Objetivo de VENTA (subida a): $424.31
2026-06-22 20:17:09,803 - INFO - El precio se mantiene dentro del rango. No se requieren acciones.
2026-06-22 20:18:00,373 - INFO - Precio actual de TSLA: $405.05
2026-06-22 20:18:00,373 - INFO - -> Última compra: $407.99 | Compras actuales: 1/10
2026-06-22 20:18:00,373 - INFO - -> Objetivo de COMPRA (caída a): $387.59 | Objetivo de VENTA (subida a): $424.31
2026-06-22 20:18:00,374 - INFO - El precio se mantiene dentro del rango. No se requieren acciones.
2026-06-22 20:18:09,978 - INFO - Precio actual de TSLA: $405.05
2026-06-22 20:18:09,978 - INFO - -> Última compra: $407.99 | Compras actuales: 1/10
2026-06-22 20:18:09,979 - INFO - -> Objetivo de COMPRA (caída a): $387.59 | Objetivo de VENTA (subida a): $424.31
2026-06-22 20:18:09,979 - INFO - El precio se mantiene dentro del rango. No se requieren acciones.
2026-06-22 20:19:00,551 - INFO - Precio actual de TSLA: $405.05
2026-06-22 20:19:00,551 - INFO - -> Última compra: $407.99 | Compras actuales: 1/10
2026-06-22 20:19:00,557 - INFO - -> Objetivo de COMPRA (caída a): $387.59 | Objetivo de VENTA (subida a): $424.31
2026-06-22 20:19:00,559 - INFO - El precio se mantiene dentro del rango. No se requieren acciones.
2026-06-22 20:19:10,164 - INFO - Precio actual de TSLA: $405.05
2026-06-22 20:19:10,164 - INFO - -> Última compra: $407.99 | Compras actuales: 1/10
2026-06-22 20:19:10,165 - INFO - -> Objetivo de COMPRA (caída a): $387.59 | Objetivo de VENTA (subida a): $424.31
2026-06-22 20:19:10,165 - INFO - El precio se mantiene dentro del rango. No se requieren acciones.
2026-06-22 20:20:00,744 - INFO - Precio actual de TSLA: $405.05
2026-06-22 20:20:00,745 - INFO - -> Última compra: $407.99 | Compras actuales: 1/10
2026-06-22 20:20:00,745 - INFO - -> Objetivo de COMPRA (caída a): $387.59 | Objetivo de VENTA (subida a): $424.31
2026-06-22 20:20:00,747 - INFO - El precio se mantiene dentro del rango. No se requieren acciones.
2026-06-22 20:20:10,444 - INFO - Precio actual de TSLA: $405.05
2026-06-22 20:20:10,444 - INFO - -> Última compra: $407.99 | Compras actuales: 1/10
2026-06-22 20:20:10,444 - INFO - -> Objetivo de COMPRA (caída a): $387.59 | Objetivo de VENTA (subida a): $424.31
2026-06-22 20:20:10,444 - INFO - El precio se mantiene dentro del rango. No se requieren acciones.
2026-06-22 20:21:00,965 - INFO - Precio actual de TSLA: $405.05
2026-06-22 20:21:00,965 - INFO - -> Última compra: $407.99 | Compras actuales: 1/10
2026-06-22 20:21:00,965 - INFO - -> Objetivo de COMPRA (caída a): $387.59 | Objetivo de VENTA (subida a): $424.31
2026-06-22 20:21:00,967 - INFO - El precio se mantiene dentro del rango. No se requieren acciones.
2026-06-22 20:21:10,670 - INFO - Precio actual de TSLA: $405.05
2026-06-22 20:21:10,670 - INFO - -> Última compra: $407.99 | Compras actuales: 1/10
2026-06-22 20:21:10,671 - INFO - -> Objetivo de COMPRA (caída a): $387.59 | Objetivo de VENTA (subida a): $424.31
2026-06-22 20:21:10,671 - INFO - El precio se mantiene dentro del rango. No se requieren acciones.
2026-06-22 20:22:01,183 - INFO - Precio actual de TSLA: $405.05
2026-06-22 20:22:01,186 - INFO - -> Última compra: $407.99 | Compras actuales: 1/10
2026-06-22 20:22:01,187 - INFO - -> Objetivo de COMPRA (caída a): $387.59 | Objetivo de VENTA (subida a): $424.31
2026-06-22 20:22:01,187 - INFO - El precio se mantiene dentro del rango. No se requieren acciones.
2026-06-22 20:22:10,917 - INFO - Precio actual de TSLA: $405.05
2026-06-22 20:22:10,917 - INFO - -> Última compra: $407.99 | Compras actuales: 1/10
2026-06-22 20:22:10,917 - INFO - -> Objetivo de COMPRA (caída a): $387.59 | Objetivo de VENTA (subida a): $424.31
2026-06-22 20:22:10,918 - INFO - El precio se mantiene dentro del rango. No se requieren acciones.
2026-06-22 20:23:01,407 - INFO - Precio actual de TSLA: $405.05
2026-06-22 20:23:01,408 - INFO - -> Última compra: $407.99 | Compras actuales: 1/10
2026-06-22 20:23:01,408 - INFO - -> Objetivo de COMPRA (caída a): $387.59 | Objetivo de VENTA (subida a): $424.31
2026-06-22 20:23:01,409 - INFO - El precio se mantiene dentro del rango. No se requieren acciones.
2026-06-22 20:23:11,148 - INFO - Precio actual de TSLA: $405.05
2026-06-22 20:23:11,148 - INFO - -> Última compra: $407.99 | Compras actuales: 1/10
2026-06-22 20:23:11,148 - INFO - -> Objetivo de COMPRA (caída a): $387.59 | Objetivo de VENTA (subida a): $424.31
2026-06-22 20:23:11,148 - INFO - El precio se mantiene dentro del rango. No se requieren acciones.
2026-06-22 20:24:01,675 - INFO - Precio actual de TSLA: $405.05
2026-06-22 20:24:01,676 - INFO - -> Última compra: $407.99 | Compras actuales: 1/10
2026-06-22 20:24:01,676 - INFO - -> Objetivo de COMPRA (caída a): $387.59 | Objetivo de VENTA (subida a): $424.31
2026-06-22 20:24:01,677 - INFO - El precio se mantiene dentro del rango. No se requieren acciones.
2026-06-22 20:24:11,323 - INFO - Precio actual de TSLA: $405.05
2026-06-22 20:24:11,323 - INFO - -> Última compra: $407.99 | Compras actuales: 1/10
2026-06-22 20:24:11,324 - INFO - -> Objetivo de COMPRA (caída a): $387.59 | Objetivo de VENTA (subida a): $424.31
2026-06-22 20:24:11,325 - INFO - El precio se mantiene dentro del rango. No se requieren acciones.
2026-06-22 20:25:01,865 - INFO - Precio actual de TSLA: $405.05
2026-06-22 20:25:01,866 - INFO - -> Última compra: $407.99 | Compras actuales: 1/10
2026-06-22 20:25:01,866 - INFO - -> Objetivo de COMPRA (caída a): $387.59 | Objetivo de VENTA (subida a): $424.31
2026-06-22 20:25:01,867 - INFO - El precio se mantiene dentro del rango. No se requieren acciones.
2026-06-22 20:25:11,500 - INFO - Precio actual de TSLA: $405.05
2026-06-22 20:25:11,501 - INFO - -> Última compra: $407.99 | Compras actuales: 1/10
2026-06-22 20:25:11,502 - INFO - -> Objetivo de COMPRA (caída a): $387.59 | Objetivo de VENTA (subida a): $424.31
2026-06-22 20:25:11,502 - INFO - El precio se mantiene dentro del rango. No se requieren acciones.
2026-06-22 20:26:02,063 - INFO - Precio actual de TSLA: $405.05
2026-06-22 20:26:02,068 - INFO - -> Última compra: $407.99 | Compras actuales: 1/10
2026-06-22 20:26:02,069 - INFO - -> Objetivo de COMPRA (caída a): $387.59 | Objetivo de VENTA (subida a): $424.31
2026-06-22 20:26:02,070 - INFO - El precio se mantiene dentro del rango. No se requieren acciones.
2026-06-22 20:26:11,673 - INFO - Precio actual de TSLA: $405.05
2026-06-22 20:26:11,673 - INFO - -> Última compra: $407.99 | Compras actuales: 1/10
2026-06-22 20:26:11,674 - INFO - -> Objetivo de COMPRA (caída a): $387.59 | Objetivo de VENTA (subida a): $424.31
2026-06-22 20:26:11,674 - INFO - El precio se mantiene dentro del rango. No se requieren acciones.
2026-06-22 20:27:02,248 - INFO - Precio actual de TSLA: $405.05
2026-06-22 20:27:02,250 - INFO - -> Última compra: $407.99 | Compras actuales: 1/10
2026-06-22 20:27:02,250 - INFO - -> Objetivo de COMPRA (caída a): $387.59 | Objetivo de VENTA (subida a): $424.31
2026-06-22 20:27:02,250 - INFO - El precio se mantiene dentro del rango. No se requieren acciones.
2026-06-22 20:27:11,867 - INFO - Precio actual de TSLA: $405.05
2026-06-22 20:27:11,867 - INFO - -> Última compra: $407.99 | Compras actuales: 1/10
2026-06-22 20:27:11,868 - INFO - -> Objetivo de COMPRA (caída a): $387.59 | Objetivo de VENTA (subida a): $424.31
2026-06-22 20:27:11,868 - INFO - El precio se mantiene dentro del rango. No se requieren acciones.
2026-06-22 20:28:02,429 - INFO - Precio actual de TSLA: $405.05
2026-06-22 20:28:02,429 - INFO - -> Última compra: $407.99 | Compras actuales: 1/10
2026-06-22 20:28:02,429 - INFO - -> Objetivo de COMPRA (caída a): $387.59 | Objetivo de VENTA (subida a): $424.31
2026-06-22 20:28:02,430 - INFO - El precio se mantiene dentro del rango. No se requieren acciones.
2026-06-22 20:28:12,043 - INFO - Precio actual de TSLA: $405.05
2026-06-22 20:28:12,043 - INFO - -> Última compra: $407.99 | Compras actuales: 1/10
2026-06-22 20:28:12,043 - INFO - -> Objetivo de COMPRA (caída a): $387.59 | Objetivo de VENTA (subida a): $424.31
2026-06-22 20:28:12,043 - INFO - El precio se mantiene dentro del rango. No se requieren acciones.
2026-06-22 20:29:02,614 - INFO - Precio actual de TSLA: $405.05
2026-06-22 20:29:02,615 - INFO - -> Última compra: $407.99 | Compras actuales: 1/10
2026-06-22 20:29:02,615 - INFO - -> Objetivo de COMPRA (caída a): $387.59 | Objetivo de VENTA (subida a): $424.31
2026-06-22 20:29:02,615 - INFO - El precio se mantiene dentro del rango. No se requieren acciones.
2026-06-22 20:29:12,218 - INFO - Precio actual de TSLA: $405.05
2026-06-22 20:29:12,218 - INFO - -> Última compra: $407.99 | Compras actuales: 1/10
2026-06-22 20:29:12,218 - INFO - -> Objetivo de COMPRA (caída a): $387.59 | Objetivo de VENTA (subida a): $424.31
2026-06-22 20:29:12,219 - INFO - El precio se mantiene dentro del rango. No se requieren acciones.
2026-06-22 20:30:03,194 - INFO - Precio actual de TSLA: $405.05
2026-06-22 20:30:03,195 - INFO - -> Última compra: $407.99 | Compras actuales: 1/10
2026-06-22 20:30:03,195 - INFO - -> Objetivo de COMPRA (caída a): $387.59 | Objetivo de VENTA (subida a): $424.31
2026-06-22 20:30:03,197 - INFO - El precio se mantiene dentro del rango. No se requieren acciones.
2026-06-22 20:30:12,918 - INFO - Precio actual de TSLA: $405.05
2026-06-22 20:30:12,918 - INFO - -> Última compra: $407.99 | Compras actuales: 1/10
2026-06-22 20:30:12,918 - INFO - -> Objetivo de COMPRA (caída a): $387.59 | Objetivo de VENTA (subida a): $424.31
2026-06-22 20:30:12,918 - INFO - El precio se mantiene dentro del rango. No se requieren acciones.
2026-06-22 20:31:03,373 - INFO - Precio actual de TSLA: $405.05
2026-06-22 20:31:03,373 - INFO - -> Última compra: $407.99 | Compras actuales: 1/10
2026-06-22 20:31:03,374 - INFO - -> Objetivo de COMPRA (caída a): $387.59 | Objetivo de VENTA (subida a): $424.31
2026-06-22 20:31:03,374 - INFO - El precio se mantiene dentro del rango. No se requieren acciones.
2026-06-22 20:31:13,107 - INFO - Precio actual de TSLA: $405.05
2026-06-22 20:31:13,107 - INFO - -> Última compra: $407.99 | Compras actuales: 1/10
2026-06-22 20:31:13,108 - INFO - -> Objetivo de COMPRA (caída a): $387.59 | Objetivo de VENTA (subida a): $424.31
2026-06-22 20:31:13,108 - INFO - El precio se mantiene dentro del rango. No se requieren acciones.
2026-06-22 20:32:03,614 - INFO - Precio actual de TSLA: $405.05
2026-06-22 20:32:03,614 - INFO - -> Última compra: $407.99 | Compras actuales: 1/10
2026-06-22 20:32:03,614 - INFO - -> Objetivo de COMPRA (caída a): $387.59 | Objetivo de VENTA (subida a): $424.31
2026-06-22 20:32:03,614 - INFO - El precio se mantiene dentro del rango. No se requieren acciones.
2026-06-22 20:32:13,631 - INFO - Precio actual de TSLA: $405.05
2026-06-22 20:32:13,632 - INFO - -> Última compra: $407.99 | Compras actuales: 1/10
2026-06-22 20:32:13,632 - INFO - -> Objetivo de COMPRA (caída a): $387.59 | Objetivo de VENTA (subida a): $424.31
2026-06-22 20:32:13,632 - INFO - El precio se mantiene dentro del rango. No se requieren acciones.
2026-06-22 20:33:03,788 - INFO - Precio actual de TSLA: $405.05
2026-06-22 20:33:03,789 - INFO - -> Última compra: $407.99 | Compras actuales: 1/10
2026-06-22 20:33:03,789 - INFO - -> Objetivo de COMPRA (caída a): $387.59 | Objetivo de VENTA (subida a): $424.31
2026-06-22 20:33:03,790 - INFO - El precio se mantiene dentro del rango. No se requieren acciones.
2026-06-22 20:33:13,804 - INFO - Precio actual de TSLA: $405.05
2026-06-22 20:33:13,804 - INFO - -> Última compra: $407.99 | Compras actuales: 1/10
2026-06-22 20:33:13,804 - INFO - -> Objetivo de COMPRA (caída a): $387.59 | Objetivo de VENTA (subida a): $424.31
2026-06-22 20:33:13,805 - INFO - El precio se mantiene dentro del rango. No se requieren acciones.
2026-06-22 20:34:03,993 - INFO - Precio actual de TSLA: $405.05
2026-06-22 20:34:03,993 - INFO - -> Última compra: $407.99 | Compras actuales: 1/10
2026-06-22 20:34:03,993 - INFO - -> Objetivo de COMPRA (caída a): $387.59 | Objetivo de VENTA (subida a): $424.31
2026-06-22 20:34:03,993 - INFO - El precio se mantiene dentro del rango. No se requieren acciones.
2026-06-22 20:34:14,006 - INFO - Precio actual de TSLA: $405.05
2026-06-22 20:34:14,006 - INFO - -> Última compra: $407.99 | Compras actuales: 1/10
2026-06-22 20:34:14,006 - INFO - -> Objetivo de COMPRA (caída a): $387.59 | Objetivo de VENTA (subida a): $424.31
2026-06-22 20:34:14,007 - INFO - El precio se mantiene dentro del rango. No se requieren acciones.
2026-06-22 20:35:04,166 - INFO - Precio actual de TSLA: $405.05
2026-06-22 20:35:04,167 - INFO - -> Última compra: $407.99 | Compras actuales: 1/10
2026-06-22 20:35:04,167 - INFO - -> Objetivo de COMPRA (caída a): $387.59 | Objetivo de VENTA (subida a): $424.31
2026-06-22 20:35:04,167 - INFO - El precio se mantiene dentro del rango. No se requieren acciones.
2026-06-22 20:35:14,182 - INFO - Precio actual de TSLA: $405.05
2026-06-22 20:35:14,182 - INFO - -> Última compra: $407.99 | Compras actuales: 1/10
2026-06-22 20:35:14,182 - INFO - -> Objetivo de COMPRA (caída a): $387.59 | Objetivo de VENTA (subida a): $424.31
2026-06-22 20:35:14,182 - INFO - El precio se mantiene dentro del rango. No se requieren acciones.
2026-06-22 20:36:04,338 - INFO - Precio actual de TSLA: $405.05
2026-06-22 20:36:04,338 - INFO - -> Última compra: $407.99 | Compras actuales: 1/10
2026-06-22 20:36:04,338 - INFO - -> Objetivo de COMPRA (caída a): $387.59 | Objetivo de VENTA (subida a): $424.31
2026-06-22 20:36:04,339 - INFO - El precio se mantiene dentro del rango. No se requieren acciones.
2026-06-22 20:36:14,524 - INFO - Precio actual de TSLA: $405.05
2026-06-22 20:36:14,524 - INFO - -> Última compra: $407.99 | Compras actuales: 1/10
2026-06-22 20:36:14,524 - INFO - -> Objetivo de COMPRA (caída a): $387.59 | Objetivo de VENTA (subida a): $424.31
2026-06-22 20:36:14,525 - INFO - El precio se mantiene dentro del rango. No se requieren acciones.
2026-06-22 20:37:04,510 - INFO - Precio actual de TSLA: $405.05
2026-06-22 20:37:04,511 - INFO - -> Última compra: $407.99 | Compras actuales: 1/10
2026-06-22 20:37:04,511 - INFO - -> Objetivo de COMPRA (caída a): $387.59 | Objetivo de VENTA (subida a): $424.31
2026-06-22 20:37:04,513 - INFO - El precio se mantiene dentro del rango. No se requieren acciones.
2026-06-22 20:37:14,747 - INFO - Precio actual de TSLA: $405.05
2026-06-22 20:37:14,749 - INFO - -> Última compra: $407.99 | Compras actuales: 1/10
2026-06-22 20:37:14,749 - INFO - -> Objetivo de COMPRA (caída a): $387.59 | Objetivo de VENTA (subida a): $424.31
2026-06-22 20:37:14,749 - INFO - El precio se mantiene dentro del rango. No se requieren acciones.
2026-06-22 20:38:04,678 - INFO - Precio actual de TSLA: $405.05
2026-06-22 20:38:04,678 - INFO - -> Última compra: $407.99 | Compras actuales: 1/10
2026-06-22 20:38:04,679 - INFO - -> Objetivo de COMPRA (caída a): $387.59 | Objetivo de VENTA (subida a): $424.31
2026-06-22 20:38:04,679 - INFO - El precio se mantiene dentro del rango. No se requieren acciones.
2026-06-22 20:38:14,914 - INFO - Precio actual de TSLA: $405.05
2026-06-22 20:38:14,914 - INFO - -> Última compra: $407.99 | Compras actuales: 1/10
2026-06-22 20:38:14,914 - INFO - -> Objetivo de COMPRA (caída a): $387.59 | Objetivo de VENTA (subida a): $424.31
2026-06-22 20:38:14,914 - INFO - El precio se mantiene dentro del rango. No se requieren acciones.
2026-06-22 20:39:04,866 - INFO - Precio actual de TSLA: $405.05
2026-06-22 20:39:04,867 - INFO - -> Última compra: $407.99 | Compras actuales: 1/10
2026-06-22 20:39:04,867 - INFO - -> Objetivo de COMPRA (caída a): $387.59 | Objetivo de VENTA (subida a): $424.31
2026-06-22 20:39:04,868 - INFO - El precio se mantiene dentro del rango. No se requieren acciones.
2026-06-22 20:39:15,102 - INFO - Precio actual de TSLA: $405.05
2026-06-22 20:39:15,102 - INFO - -> Última compra: $407.99 | Compras actuales: 1/10
2026-06-22 20:39:15,102 - INFO - -> Objetivo de COMPRA (caída a): $387.59 | Objetivo de VENTA (subida a): $424.31
2026-06-22 20:39:15,102 - INFO - El precio se mantiene dentro del rango. No se requieren acciones.
2026-06-22 20:40:05,039 - INFO - Precio actual de TSLA: $405.05
2026-06-22 20:40:05,039 - INFO - -> Última compra: $407.99 | Compras actuales: 1/10
2026-06-22 20:40:05,040 - INFO - -> Objetivo de COMPRA (caída a): $387.59 | Objetivo de VENTA (subida a): $424.31
2026-06-22 20:40:05,040 - INFO - El precio se mantiene dentro del rango. No se requieren acciones.
2026-06-22 20:40:15,303 - INFO - Precio actual de TSLA: $405.05
2026-06-22 20:40:15,304 - INFO - -> Última compra: $407.99 | Compras actuales: 1/10
2026-06-22 20:40:15,304 - INFO - -> Objetivo de COMPRA (caída a): $387.59 | Objetivo de VENTA (subida a): $424.31
2026-06-22 20:40:15,304 - INFO - El precio se mantiene dentro del rango. No se requieren acciones.
2026-06-22 20:41:05,214 - INFO - Precio actual de TSLA: $405.05
2026-06-22 20:41:05,214 - INFO - -> Última compra: $407.99 | Compras actuales: 1/10
2026-06-22 20:41:05,215 - INFO - -> Objetivo de COMPRA (caída a): $387.59 | Objetivo de VENTA (subida a): $424.31
2026-06-22 20:41:05,215 - INFO - El precio se mantiene dentro del rango. No se requieren acciones.
2026-06-22 20:41:15,618 - INFO - Precio actual de TSLA: $405.05
2026-06-22 20:41:15,618 - INFO - -> Última compra: $407.99 | Compras actuales: 1/10
2026-06-22 20:41:15,618 - INFO - -> Objetivo de COMPRA (caída a): $387.59 | Objetivo de VENTA (subida a): $424.31
2026-06-22 20:41:15,618 - INFO - El precio se mantiene dentro del rango. No se requieren acciones.
2026-06-22 20:42:05,653 - INFO - Precio actual de TSLA: $405.05
2026-06-22 20:42:05,654 - INFO - -> Última compra: $407.99 | Compras actuales: 1/10
2026-06-22 20:42:05,655 - INFO - -> Objetivo de COMPRA (caída a): $387.59 | Objetivo de VENTA (subida a): $424.31
2026-06-22 20:42:05,655 - INFO - El precio se mantiene dentro del rango. No se requieren acciones.
2026-06-22 20:42:15,815 - INFO - Precio actual de TSLA: $405.05
2026-06-22 20:42:15,817 - INFO - -> Última compra: $407.99 | Compras actuales: 1/10
2026-06-22 20:42:15,817 - INFO - -> Objetivo de COMPRA (caída a): $387.59 | Objetivo de VENTA (subida a): $424.31
2026-06-22 20:42:15,817 - INFO - El precio se mantiene dentro del rango. No se requieren acciones.
2026-06-22 20:43:05,886 - INFO - Precio actual de TSLA: $405.05
2026-06-22 20:43:05,887 - INFO - -> Última compra: $407.99 | Compras actuales: 1/10
2026-06-22 20:43:05,889 - INFO - -> Objetivo de COMPRA (caída a): $387.59 | Objetivo de VENTA (subida a): $424.31
2026-06-22 20:43:05,890 - INFO - El precio se mantiene dentro del rango. No se requieren acciones.
2026-06-22 20:43:15,993 - INFO - Precio actual de TSLA: $405.05
2026-06-22 20:43:15,993 - INFO - -> Última compra: $407.99 | Compras actuales: 1/10
2026-06-22 20:43:15,993 - INFO - -> Objetivo de COMPRA (caída a): $387.59 | Objetivo de VENTA (subida a): $424.31
2026-06-22 20:43:15,993 - INFO - El precio se mantiene dentro del rango. No se requieren acciones.
2026-06-22 20:44:06,082 - INFO - Precio actual de TSLA: $405.05
2026-06-22 20:44:06,082 - INFO - -> Última compra: $407.99 | Compras actuales: 1/10
2026-06-22 20:44:06,084 - INFO - -> Objetivo de COMPRA (caída a): $387.59 | Objetivo de VENTA (subida a): $424.31
2026-06-22 20:44:06,085 - INFO - El precio se mantiene dentro del rango. No se requieren acciones.
2026-06-22 20:44:16,232 - INFO - Precio actual de TSLA: $405.05
2026-06-22 20:44:16,232 - INFO - -> Última compra: $407.99 | Compras actuales: 1/10
2026-06-22 20:44:16,232 - INFO - -> Objetivo de COMPRA (caída a): $387.59 | Objetivo de VENTA (subida a): $424.31
2026-06-22 20:44:16,233 - INFO - El precio se mantiene dentro del rango. No se requieren acciones.
2026-06-22 20:45:06,383 - INFO - Precio actual de TSLA: $405.05
2026-06-22 20:45:06,384 - INFO - -> Última compra: $407.99 | Compras actuales: 1/10
2026-06-22 20:45:06,384 - INFO - -> Objetivo de COMPRA (caída a): $387.59 | Objetivo de VENTA (subida a): $424.31
2026-06-22 20:45:06,385 - INFO - El precio se mantiene dentro del rango. No se requieren acciones.
2026-06-22 20:45:16,409 - INFO - Precio actual de TSLA: $405.05
2026-06-22 20:45:16,409 - INFO - -> Última compra: $407.99 | Compras actuales: 1/10
2026-06-22 20:45:16,409 - INFO - -> Objetivo de COMPRA (caída a): $387.59 | Objetivo de VENTA (subida a): $424.31
2026-06-22 20:45:16,409 - INFO - El precio se mantiene dentro del rango. No se requieren acciones.
2026-06-22 20:46:06,595 - INFO - Precio actual de TSLA: $405.05
2026-06-22 20:46:06,596 - INFO - -> Última compra: $407.99 | Compras actuales: 1/10
2026-06-22 20:46:06,596 - INFO - -> Objetivo de COMPRA (caída a): $387.59 | Objetivo de VENTA (subida a): $424.31
2026-06-22 20:46:06,596 - INFO - El precio se mantiene dentro del rango. No se requieren acciones.
2026-06-22 20:46:16,706 - INFO - Precio actual de TSLA: $405.05
2026-06-22 20:46:16,706 - INFO - -> Última compra: $407.99 | Compras actuales: 1/10
2026-06-22 20:46:16,707 - INFO - -> Objetivo de COMPRA (caída a): $387.59 | Objetivo de VENTA (subida a): $424.31
2026-06-22 20:46:16,707 - INFO - El precio se mantiene dentro del rango. No se requieren acciones.
2026-06-22 20:47:06,811 - INFO - Precio actual de TSLA: $405.05
2026-06-22 20:47:06,812 - INFO - -> Última compra: $407.99 | Compras actuales: 1/10
2026-06-22 20:47:06,812 - INFO - -> Objetivo de COMPRA (caída a): $387.59 | Objetivo de VENTA (subida a): $424.31
2026-06-22 20:47:06,813 - INFO - El precio se mantiene dentro del rango. No se requieren acciones.
2026-06-22 20:47:16,874 - INFO - Precio actual de TSLA: $405.05
2026-06-22 20:47:16,874 - INFO - -> Última compra: $407.99 | Compras actuales: 1/10
2026-06-22 20:47:16,875 - INFO - -> Objetivo de COMPRA (caída a): $387.59 | Objetivo de VENTA (subida a): $424.31
2026-06-22 20:47:16,875 - INFO - El precio se mantiene dentro del rango. No se requieren acciones.
2026-06-22 20:48:06,986 - INFO - Precio actual de TSLA: $405.05
2026-06-22 20:48:06,987 - INFO - -> Última compra: $407.99 | Compras actuales: 1/10
2026-06-22 20:48:06,988 - INFO - -> Objetivo de COMPRA (caída a): $387.59 | Objetivo de VENTA (subida a): $424.31
2026-06-22 20:48:06,989 - INFO - El precio se mantiene dentro del rango. No se requieren acciones.
2026-06-22 20:48:17,424 - INFO - Precio actual de TSLA: $405.05
2026-06-22 20:48:17,424 - INFO - -> Última compra: $407.99 | Compras actuales: 1/10
2026-06-22 20:48:17,424 - INFO - -> Objetivo de COMPRA (caída a): $387.59 | Objetivo de VENTA (subida a): $424.31
2026-06-22 20:48:17,424 - INFO - El precio se mantiene dentro del rango. No se requieren acciones.
2026-06-22 20:49:07,174 - INFO - Precio actual de TSLA: $405.05
2026-06-22 20:49:07,174 - INFO - -> Última compra: $407.99 | Compras actuales: 1/10
2026-06-22 20:49:07,176 - INFO - -> Objetivo de COMPRA (caída a): $387.59 | Objetivo de VENTA (subida a): $424.31
2026-06-22 20:49:07,176 - INFO - El precio se mantiene dentro del rango. No se requieren acciones.
2026-06-22 20:49:17,603 - INFO - Precio actual de TSLA: $405.05
2026-06-22 20:49:17,603 - INFO - -> Última compra: $407.99 | Compras actuales: 1/10
2026-06-22 20:49:17,603 - INFO - -> Objetivo de COMPRA (caída a): $387.59 | Objetivo de VENTA (subida a): $424.31
2026-06-22 20:49:17,603 - INFO - El precio se mantiene dentro del rango. No se requieren acciones.
2026-06-22 20:50:07,356 - INFO - Precio actual de TSLA: $405.05
2026-06-22 20:50:07,356 - INFO - -> Última compra: $407.99 | Compras actuales: 1/10
2026-06-22 20:50:07,358 - INFO - -> Objetivo de COMPRA (caída a): $387.59 | Objetivo de VENTA (subida a): $424.31
2026-06-22 20:50:07,358 - INFO - El precio se mantiene dentro del rango. No se requieren acciones.
2026-06-22 20:50:17,960 - INFO - Precio actual de TSLA: $405.05
2026-06-22 20:50:17,961 - INFO - -> Última compra: $407.99 | Compras actuales: 1/10
2026-06-22 20:50:17,961 - INFO - -> Objetivo de COMPRA (caída a): $387.59 | Objetivo de VENTA (subida a): $424.31
2026-06-22 20:50:17,961 - INFO - El precio se mantiene dentro del rango. No se requieren acciones.
2026-06-22 20:51:18,129 - INFO - Precio actual de TSLA: $405.05
2026-06-22 20:51:18,130 - INFO - -> Última compra: $407.99 | Compras actuales: 1/10
2026-06-22 20:51:18,130 - INFO - -> Objetivo de COMPRA (caída a): $387.59 | Objetivo de VENTA (subida a): $424.31
2026-06-22 20:51:18,130 - INFO - El precio se mantiene dentro del rango. No se requieren acciones.
2026-06-22 20:52:18,471 - INFO - Precio actual de TSLA: $405.05
2026-06-22 20:52:18,472 - INFO - -> Última compra: $407.99 | Compras actuales: 1/10
2026-06-22 20:52:18,473 - INFO - -> Objetivo de COMPRA (caída a): $387.59 | Objetivo de VENTA (subida a): $424.31
2026-06-22 20:52:18,473 - INFO - El precio se mantiene dentro del rango. No se requieren acciones.
2026-06-22 20:52:34,560 - INFO - Iniciando Bot de Grid Trading para TSLA...
2026-06-22 20:52:35,484 - INFO - Conexión exitosa a Alpaca. Cuenta Demo: #PA3A5X1D0RZS
2026-06-22 20:52:35,484 - INFO - Efectivo Disponible: $90,000.96 | Valor de Portafolio: $99,888.45
2026-06-22 20:52:35,485 - INFO - Estado inicial cargado. Compras activas en la cuadrícula: 1
2026-06-22 20:52:35,485 - INFO -   [1] Compra a $407.99 | Cantidad: 24.510392 acciones | Fecha: 2026-06-22T16:18:57.449345+00:00
2026-06-22 20:52:36,560 - INFO - Precio actual de TSLA: $405.05
2026-06-22 20:52:36,560 - INFO - -> Última compra: $407.99 | Compras actuales: 1/10
2026-06-22 20:52:36,560 - INFO - -> Objetivo de COMPRA (caída a): $387.59 | Objetivo de VENTA (subida a): $424.31
2026-06-22 20:52:36,560 - INFO - El precio se mantiene dentro del rango. No se requieren acciones.
2026-06-22 20:53:00,451 - INFO - Iniciando Bot de Grid Trading para TSLA...
2026-06-22 20:53:01,409 - INFO - Conexión exitosa a Alpaca. Cuenta Demo: #PA3A5X1D0RZS
2026-06-22 20:53:01,410 - INFO - Efectivo Disponible: $90,000.96 | Valor de Portafolio: $99,886.25
2026-06-22 20:53:01,410 - INFO - Estado inicial cargado. Compras activas en la cuadrícula: 1
2026-06-22 20:53:01,411 - INFO -   [1] Compra a $407.99 | Cantidad: 24.510392 acciones | Fecha: 2026-06-22T16:18:57.449345+00:00
2026-06-22 20:53:02,069 - INFO - Precio actual de TSLA: $405.05
2026-06-22 20:53:02,070 - INFO - -> Última compra: $407.99 | Compras actuales: 1/10
2026-06-22 20:53:02,071 - INFO - -> Objetivo de COMPRA (caída a): $387.59 | Objetivo de VENTA (subida a): $424.31
2026-06-22 20:53:02,072 - INFO - El precio se mantiene dentro del rango. No se requieren acciones.
2026-06-22 20:53:18,687 - INFO - Precio actual de TSLA: $405.05
2026-06-22 20:53:18,687 - INFO - -> Última compra: $407.99 | Compras actuales: 1/10
2026-06-22 20:53:18,687 - INFO - -> Objetivo de COMPRA (caída a): $387.59 | Objetivo de VENTA (subida a): $424.31
2026-06-22 20:53:18,688 - INFO - El precio se mantiene dentro del rango. No se requieren acciones.
2026-06-22 20:54:18,903 - INFO - Precio actual de TSLA: $405.05
2026-06-22 20:54:18,903 - INFO - -> Última compra: $407.99 | Compras actuales: 1/10
2026-06-22 20:54:18,904 - INFO - -> Objetivo de COMPRA (caída a): $387.59 | Objetivo de VENTA (subida a): $424.31
2026-06-22 20:54:18,904 - INFO - El precio se mantiene dentro del rango. No se requieren acciones.
2026-06-22 20:55:19,135 - INFO - Precio actual de TSLA: $405.05
2026-06-22 20:55:19,135 - INFO - -> Última compra: $407.99 | Compras actuales: 1/10
2026-06-22 20:55:19,135 - INFO - -> Objetivo de COMPRA (caída a): $387.59 | Objetivo de VENTA (subida a): $424.31
2026-06-22 20:55:19,135 - INFO - El precio se mantiene dentro del rango. No se requieren acciones.
2026-06-22 20:56:19,422 - INFO - Precio actual de TSLA: $405.05
2026-06-22 20:56:19,422 - INFO - -> Última compra: $407.99 | Compras actuales: 1/10
2026-06-22 20:56:19,422 - INFO - -> Objetivo de COMPRA (caída a): $387.59 | Objetivo de VENTA (subida a): $424.31
2026-06-22 20:56:19,422 - INFO - El precio se mantiene dentro del rango. No se requieren acciones.
2026-06-22 20:57:19,687 - INFO - Precio actual de TSLA: $405.05
2026-06-22 20:57:19,687 - INFO - -> Última compra: $407.99 | Compras actuales: 1/10
2026-06-22 20:57:19,688 - INFO - -> Objetivo de COMPRA (caída a): $387.59 | Objetivo de VENTA (subida a): $424.31
2026-06-22 20:57:19,688 - INFO - El precio se mantiene dentro del rango. No se requieren acciones.
2026-06-22 20:58:19,943 - INFO - Precio actual de TSLA: $405.05
2026-06-22 20:58:19,943 - INFO - -> Última compra: $407.99 | Compras actuales: 1/10
2026-06-22 20:58:19,943 - INFO - -> Objetivo de COMPRA (caída a): $387.59 | Objetivo de VENTA (subida a): $424.31
2026-06-22 20:58:19,943 - INFO - El precio se mantiene dentro del rango. No se requieren acciones.
2026-06-22 20:59:20,118 - INFO - Precio actual de TSLA: $405.05
2026-06-22 20:59:20,118 - INFO - -> Última compra: $407.99 | Compras actuales: 1/10
2026-06-22 20:59:20,119 - INFO - -> Objetivo de COMPRA (caída a): $387.59 | Objetivo de VENTA (subida a): $424.31
2026-06-22 20:59:20,119 - INFO - El precio se mantiene dentro del rango. No se requieren acciones.
2026-06-22 21:00:20,318 - INFO - Precio actual de TSLA: $405.05
2026-06-22 21:00:20,318 - INFO - -> Última compra: $407.99 | Compras actuales: 1/10
2026-06-22 21:00:20,318 - INFO - -> Objetivo de COMPRA (caída a): $387.59 | Objetivo de VENTA (subida a): $424.31
2026-06-22 21:00:20,320 - INFO - El precio se mantiene dentro del rango. No se requieren acciones.
2026-06-22 21:01:20,490 - INFO - Precio actual de TSLA: $405.05
2026-06-22 21:01:20,490 - INFO - -> Última compra: $407.99 | Compras actuales: 1/10
2026-06-22 21:01:20,491 - INFO - -> Objetivo de COMPRA (caída a): $387.59 | Objetivo de VENTA (subida a): $424.31
2026-06-22 21:01:20,492 - INFO - El precio se mantiene dentro del rango. No se requieren acciones.
2026-06-22 21:02:20,661 - INFO - Precio actual de TSLA: $405.05
2026-06-22 21:02:20,662 - INFO - -> Última compra: $407.99 | Compras actuales: 1/10
2026-06-22 21:02:20,662 - INFO - -> Objetivo de COMPRA (caída a): $387.59 | Objetivo de VENTA (subida a): $424.31
2026-06-22 21:02:20,662 - INFO - El precio se mantiene dentro del rango. No se requieren acciones.
2026-06-22 21:03:20,833 - INFO - Precio actual de TSLA: $405.05
2026-06-22 21:03:20,833 - INFO - -> Última compra: $407.99 | Compras actuales: 1/10
2026-06-22 21:03:20,834 - INFO - -> Objetivo de COMPRA (caída a): $387.59 | Objetivo de VENTA (subida a): $424.31
2026-06-22 21:03:20,834 - INFO - El precio se mantiene dentro del rango. No se requieren acciones.
2026-06-22 21:04:21,005 - INFO - Precio actual de TSLA: $405.05
2026-06-22 21:04:21,005 - INFO - -> Última compra: $407.99 | Compras actuales: 1/10
2026-06-22 21:04:21,005 - INFO - -> Objetivo de COMPRA (caída a): $387.59 | Objetivo de VENTA (subida a): $424.31
2026-06-22 21:04:21,005 - INFO - El precio se mantiene dentro del rango. No se requieren acciones.
2026-06-22 21:05:21,216 - INFO - Precio actual de TSLA: $405.05
2026-06-22 21:05:21,216 - INFO - -> Última compra: $407.99 | Compras actuales: 1/10
2026-06-22 21:05:21,216 - INFO - -> Objetivo de COMPRA (caída a): $387.59 | Objetivo de VENTA (subida a): $424.31
2026-06-22 21:05:21,216 - INFO - El precio se mantiene dentro del rango. No se requieren acciones.
2026-06-22 21:06:21,392 - INFO - Precio actual de TSLA: $405.05
2026-06-22 21:06:21,393 - INFO - -> Última compra: $407.99 | Compras actuales: 1/10
2026-06-22 21:06:21,393 - INFO - -> Objetivo de COMPRA (caída a): $387.59 | Objetivo de VENTA (subida a): $424.31
2026-06-22 21:06:21,394 - INFO - El precio se mantiene dentro del rango. No se requieren acciones.
2026-06-22 21:07:21,570 - INFO - Precio actual de TSLA: $405.05
2026-06-22 21:07:21,571 - INFO - -> Última compra: $407.99 | Compras actuales: 1/10
2026-06-22 21:07:21,571 - INFO - -> Objetivo de COMPRA (caída a): $387.59 | Objetivo de VENTA (subida a): $424.31
2026-06-22 21:07:21,571 - INFO - El precio se mantiene dentro del rango. No se requieren acciones.
2026-06-22 21:08:21,832 - INFO - Precio actual de TSLA: $405.05
2026-06-22 21:08:21,832 - INFO - -> Última compra: $407.99 | Compras actuales: 1/10
2026-06-22 21:08:21,832 - INFO - -> Objetivo de COMPRA (caída a): $387.59 | Objetivo de VENTA (subida a): $424.31
2026-06-22 21:08:21,832 - INFO - El precio se mantiene dentro del rango. No se requieren acciones.
2026-06-22 21:09:22,332 - INFO - Precio actual de TSLA: $405.05
2026-06-22 21:09:22,332 - INFO - -> Última compra: $407.99 | Compras actuales: 1/10
2026-06-22 21:09:22,332 - INFO - -> Objetivo de COMPRA (caída a): $387.59 | Objetivo de VENTA (subida a): $424.31
2026-06-22 21:09:22,333 - INFO - El precio se mantiene dentro del rango. No se requieren acciones.
2026-06-22 21:10:22,602 - INFO - Precio actual de TSLA: $405.05
2026-06-22 21:10:22,602 - INFO - -> Última compra: $407.99 | Compras actuales: 1/10
2026-06-22 21:10:22,602 - INFO - -> Objetivo de COMPRA (caída a): $387.59 | Objetivo de VENTA (subida a): $424.31
2026-06-22 21:10:22,602 - INFO - El precio se mantiene dentro del rango. No se requieren acciones.
2026-06-22 21:11:22,895 - INFO - Precio actual de TSLA: $405.05
2026-06-22 21:11:22,895 - INFO - -> Última compra: $407.99 | Compras actuales: 1/10
2026-06-22 21:11:22,896 - INFO - -> Objetivo de COMPRA (caída a): $387.59 | Objetivo de VENTA (subida a): $424.31
2026-06-22 21:11:22,896 - INFO - El precio se mantiene dentro del rango. No se requieren acciones.
2026-06-22 21:12:23,091 - INFO - Precio actual de TSLA: $405.05
2026-06-22 21:12:23,091 - INFO - -> Última compra: $407.99 | Compras actuales: 1/10
2026-06-22 21:12:23,091 - INFO - -> Objetivo de COMPRA (caída a): $387.59 | Objetivo de VENTA (subida a): $424.31
2026-06-22 21:12:23,091 - INFO - El precio se mantiene dentro del rango. No se requieren acciones.
2026-06-22 21:12:37,965 - INFO - Precio actual de TSLA: $405.05
2026-06-22 21:12:37,965 - INFO - -> Última compra: $407.99 | Compras actuales: 1/10
2026-06-22 21:12:37,965 - INFO - -> Objetivo de COMPRA (caída a): $387.59 | Objetivo de VENTA (subida a): $424.31
2026-06-22 21:12:37,965 - INFO - El precio se mantiene dentro del rango. No se requieren acciones.
2026-06-22 21:13:23,268 - INFO - Precio actual de TSLA: $405.05
2026-06-22 21:13:23,268 - INFO - -> Última compra: $407.99 | Compras actuales: 1/10
2026-06-22 21:13:23,268 - INFO - -> Objetivo de COMPRA (caída a): $387.59 | Objetivo de VENTA (subida a): $424.31
2026-06-22 21:13:23,268 - INFO - El precio se mantiene dentro del rango. No se requieren acciones.
2026-06-22 21:14:23,440 - INFO - Precio actual de TSLA: $405.05
2026-06-22 21:14:23,440 - INFO - -> Última compra: $407.99 | Compras actuales: 1/10
2026-06-22 21:14:23,440 - INFO - -> Objetivo de COMPRA (caída a): $387.59 | Objetivo de VENTA (subida a): $424.31
2026-06-22 21:14:23,440 - INFO - El precio se mantiene dentro del rango. No se requieren acciones.
2026-06-22 21:15:23,610 - INFO - Precio actual de TSLA: $405.05
2026-06-22 21:15:23,612 - INFO - -> Última compra: $407.99 | Compras actuales: 1/10
2026-06-22 21:15:23,612 - INFO - -> Objetivo de COMPRA (caída a): $387.59 | Objetivo de VENTA (subida a): $424.31
2026-06-22 21:15:23,612 - INFO - El precio se mantiene dentro del rango. No se requieren acciones.
2026-06-22 21:16:23,792 - INFO - Precio actual de TSLA: $405.05
2026-06-22 21:16:23,792 - INFO - -> Última compra: $407.99 | Compras actuales: 1/10
2026-06-22 21:16:23,792 - INFO - -> Objetivo de COMPRA (caída a): $387.59 | Objetivo de VENTA (subida a): $424.31
2026-06-22 21:16:23,792 - INFO - El precio se mantiene dentro del rango. No se requieren acciones.
2026-06-22 21:17:24,041 - INFO - Precio actual de TSLA: $405.05
2026-06-22 21:17:24,042 - INFO - -> Última compra: $407.99 | Compras actuales: 1/10
2026-06-22 21:17:24,042 - INFO - -> Objetivo de COMPRA (caída a): $387.59 | Objetivo de VENTA (subida a): $424.31
2026-06-22 21:17:24,042 - INFO - El precio se mantiene dentro del rango. No se requieren acciones.
2026-06-22 21:18:24,218 - INFO - Precio actual de TSLA: $405.05
2026-06-22 21:18:24,219 - INFO - -> Última compra: $407.99 | Compras actuales: 1/10
2026-06-22 21:18:24,219 - INFO - -> Objetivo de COMPRA (caída a): $387.59 | Objetivo de VENTA (subida a): $424.31
2026-06-22 21:18:24,219 - INFO - El precio se mantiene dentro del rango. No se requieren acciones.
2026-06-22 21:19:24,392 - INFO - Precio actual de TSLA: $405.05
2026-06-22 21:19:24,392 - INFO - -> Última compra: $407.99 | Compras actuales: 1/10
2026-06-22 21:19:24,392 - INFO - -> Objetivo de COMPRA (caída a): $387.59 | Objetivo de VENTA (subida a): $424.31
2026-06-22 21:19:24,392 - INFO - El precio se mantiene dentro del rango. No se requieren acciones.
2026-06-22 21:20:24,571 - INFO - Precio actual de TSLA: $405.05
2026-06-22 21:20:24,571 - INFO - -> Última compra: $407.99 | Compras actuales: 1/10
2026-06-22 21:20:24,571 - INFO - -> Objetivo de COMPRA (caída a): $387.59 | Objetivo de VENTA (subida a): $424.31
2026-06-22 21:20:24,571 - INFO - El precio se mantiene dentro del rango. No se requieren acciones.
2026-06-22 21:21:24,741 - INFO - Precio actual de TSLA: $405.05
2026-06-22 21:21:24,741 - INFO - -> Última compra: $407.99 | Compras actuales: 1/10
2026-06-22 21:21:24,741 - INFO - -> Objetivo de COMPRA (caída a): $387.59 | Objetivo de VENTA (subida a): $424.31
2026-06-22 21:21:24,741 - INFO - El precio se mantiene dentro del rango. No se requieren acciones.
2026-06-22 21:22:25,218 - INFO - Precio actual de TSLA: $405.05
2026-06-22 21:22:25,218 - INFO - -> Última compra: $407.99 | Compras actuales: 1/10
2026-06-22 21:22:25,218 - INFO - -> Objetivo de COMPRA (caída a): $387.59 | Objetivo de VENTA (subida a): $424.31
2026-06-22 21:22:25,218 - INFO - El precio se mantiene dentro del rango. No se requieren acciones.
2026-06-22 21:23:25,392 - INFO - Precio actual de TSLA: $405.05
2026-06-22 21:23:25,393 - INFO - -> Última compra: $407.99 | Compras actuales: 1/10
2026-06-22 21:23:25,393 - INFO - -> Objetivo de COMPRA (caída a): $387.59 | Objetivo de VENTA (subida a): $424.31
2026-06-22 21:23:25,393 - INFO - El precio se mantiene dentro del rango. No se requieren acciones.
2026-06-22 21:24:25,701 - INFO - Precio actual de TSLA: $405.05
2026-06-22 21:24:25,701 - INFO - -> Última compra: $407.99 | Compras actuales: 1/10
2026-06-22 21:24:25,701 - INFO - -> Objetivo de COMPRA (caída a): $387.59 | Objetivo de VENTA (subida a): $424.31
2026-06-22 21:24:25,701 - INFO - El precio se mantiene dentro del rango. No se requieren acciones.
2026-06-22 21:25:25,886 - INFO - Precio actual de TSLA: $405.05
2026-06-22 21:25:25,886 - INFO - -> Última compra: $407.99 | Compras actuales: 1/10
2026-06-22 21:25:25,886 - INFO - -> Objetivo de COMPRA (caída a): $387.59 | Objetivo de VENTA (subida a): $424.31
2026-06-22 21:25:25,887 - INFO - El precio se mantiene dentro del rango. No se requieren acciones.
2026-06-22 21:26:26,062 - INFO - Precio actual de TSLA: $405.05
2026-06-22 21:26:26,062 - INFO - -> Última compra: $407.99 | Compras actuales: 1/10
2026-06-22 21:26:26,062 - INFO - -> Objetivo de COMPRA (caída a): $387.59 | Objetivo de VENTA (subida a): $424.31
2026-06-22 21:26:26,062 - INFO - El precio se mantiene dentro del rango. No se requieren acciones.
2026-06-22 21:27:26,236 - INFO - Precio actual de TSLA: $405.05
2026-06-22 21:27:26,236 - INFO - -> Última compra: $407.99 | Compras actuales: 1/10
2026-06-22 21:27:26,236 - INFO - -> Objetivo de COMPRA (caída a): $387.59 | Objetivo de VENTA (subida a): $424.31
2026-06-22 21:27:26,236 - INFO - El precio se mantiene dentro del rango. No se requieren acciones.
2026-06-22 21:28:26,417 - INFO - Precio actual de TSLA: $405.05
2026-06-22 21:28:26,417 - INFO - -> Última compra: $407.99 | Compras actuales: 1/10
2026-06-22 21:28:26,418 - INFO - -> Objetivo de COMPRA (caída a): $387.59 | Objetivo de VENTA (subida a): $424.31
2026-06-22 21:28:26,418 - INFO - El precio se mantiene dentro del rango. No se requieren acciones.
2026-06-22 21:29:26,589 - INFO - Precio actual de TSLA: $405.05
2026-06-22 21:29:26,589 - INFO - -> Última compra: $407.99 | Compras actuales: 1/10
2026-06-22 21:29:26,589 - INFO - -> Objetivo de COMPRA (caída a): $387.59 | Objetivo de VENTA (subida a): $424.31
2026-06-22 21:29:26,589 - INFO - El precio se mantiene dentro del rango. No se requieren acciones.
2026-06-22 21:30:26,941 - INFO - Precio actual de TSLA: $405.05
2026-06-22 21:30:26,942 - INFO - -> Última compra: $407.99 | Compras actuales: 1/10
2026-06-22 21:30:26,942 - INFO - -> Objetivo de COMPRA (caída a): $387.59 | Objetivo de VENTA (subida a): $424.31
2026-06-22 21:30:26,942 - INFO - El precio se mantiene dentro del rango. No se requieren acciones.
2026-06-22 21:31:27,541 - INFO - Precio actual de TSLA: $405.05
2026-06-22 21:31:27,541 - INFO - -> Última compra: $407.99 | Compras actuales: 1/10
2026-06-22 21:31:27,541 - INFO - -> Objetivo de COMPRA (caída a): $387.59 | Objetivo de VENTA (subida a): $424.31
2026-06-22 21:31:27,543 - INFO - El precio se mantiene dentro del rango. No se requieren acciones.
2026-06-22 21:32:27,715 - INFO - Precio actual de TSLA: $405.05
2026-06-22 21:32:27,715 - INFO - -> Última compra: $407.99 | Compras actuales: 1/10
2026-06-22 21:32:27,715 - INFO - -> Objetivo de COMPRA (caída a): $387.59 | Objetivo de VENTA (subida a): $424.31
2026-06-22 21:32:27,715 - INFO - El precio se mantiene dentro del rango. No se requieren acciones.
2026-06-22 21:32:38,527 - INFO - Precio actual de TSLA: $405.05
2026-06-22 21:32:38,528 - INFO - -> Última compra: $407.99 | Compras actuales: 1/10
2026-06-22 21:32:38,528 - INFO - -> Objetivo de COMPRA (caída a): $387.59 | Objetivo de VENTA (subida a): $424.31
2026-06-22 21:32:38,528 - INFO - El precio se mantiene dentro del rango. No se requieren acciones.
2026-06-22 21:33:27,949 - INFO - Precio actual de TSLA: $405.05
2026-06-22 21:33:27,950 - INFO - -> Última compra: $407.99 | Compras actuales: 1/10
2026-06-22 21:33:27,950 - INFO - -> Objetivo de COMPRA (caída a): $387.59 | Objetivo de VENTA (subida a): $424.31
2026-06-22 21:33:27,950 - INFO - El precio se mantiene dentro del rango. No se requieren acciones.
2026-06-22 21:34:28,127 - INFO - Precio actual de TSLA: $405.05
2026-06-22 21:34:28,128 - INFO - -> Última compra: $407.99 | Compras actuales: 1/10
2026-06-22 21:34:28,128 - INFO - -> Objetivo de COMPRA (caída a): $387.59 | Objetivo de VENTA (subida a): $424.31
2026-06-22 21:34:28,128 - INFO - El precio se mantiene dentro del rango. No se requieren acciones.
2026-06-22 21:35:28,408 - INFO - Precio actual de TSLA: $405.05
2026-06-22 21:35:28,408 - INFO - -> Última compra: $407.99 | Compras actuales: 1/10
2026-06-22 21:35:28,408 - INFO - -> Objetivo de COMPRA (caída a): $387.59 | Objetivo de VENTA (subida a): $424.31
2026-06-22 21:35:28,409 - INFO - El precio se mantiene dentro del rango. No se requieren acciones.
2026-06-22 21:36:28,584 - INFO - Precio actual de TSLA: $405.05
2026-06-22 21:36:28,585 - INFO - -> Última compra: $407.99 | Compras actuales: 1/10
2026-06-22 21:36:28,585 - INFO - -> Objetivo de COMPRA (caída a): $387.59 | Objetivo de VENTA (subida a): $424.31
2026-06-22 21:36:28,585 - INFO - El precio se mantiene dentro del rango. No se requieren acciones.
2026-06-22 21:37:28,758 - INFO - Precio actual de TSLA: $405.05
2026-06-22 21:37:28,758 - INFO - -> Última compra: $407.99 | Compras actuales: 1/10
2026-06-22 21:37:28,758 - INFO - -> Objetivo de COMPRA (caída a): $387.59 | Objetivo de VENTA (subida a): $424.31
2026-06-22 21:37:28,758 - INFO - El precio se mantiene dentro del rango. No se requieren acciones.
2026-06-22 21:38:28,937 - INFO - Precio actual de TSLA: $405.05
2026-06-22 21:38:28,937 - INFO - -> Última compra: $407.99 | Compras actuales: 1/10
2026-06-22 21:38:28,938 - INFO - -> Objetivo de COMPRA (caída a): $387.59 | Objetivo de VENTA (subida a): $424.31
2026-06-22 21:38:28,938 - INFO - El precio se mantiene dentro del rango. No se requieren acciones.
2026-06-22 21:39:29,114 - INFO - Precio actual de TSLA: $405.05
2026-06-22 21:39:29,115 - INFO - -> Última compra: $407.99 | Compras actuales: 1/10
2026-06-22 21:39:29,115 - INFO - -> Objetivo de COMPRA (caída a): $387.59 | Objetivo de VENTA (subida a): $424.31
2026-06-22 21:39:29,115 - INFO - El precio se mantiene dentro del rango. No se requieren acciones.
2026-06-22 21:40:29,517 - INFO - Precio actual de TSLA: $405.05
2026-06-22 21:40:29,517 - INFO - -> Última compra: $407.99 | Compras actuales: 1/10
2026-06-22 21:40:29,518 - INFO - -> Objetivo de COMPRA (caída a): $387.59 | Objetivo de VENTA (subida a): $424.31
2026-06-22 21:40:29,518 - INFO - El precio se mantiene dentro del rango. No se requieren acciones.
2026-06-22 21:41:29,800 - INFO - Precio actual de TSLA: $405.05
2026-06-22 21:41:29,800 - INFO - -> Última compra: $407.99 | Compras actuales: 1/10
2026-06-22 21:41:29,800 - INFO - -> Objetivo de COMPRA (caída a): $387.59 | Objetivo de VENTA (subida a): $424.31
2026-06-22 21:41:29,800 - INFO - El precio se mantiene dentro del rango. No se requieren acciones.
2026-06-22 21:42:29,985 - INFO - Precio actual de TSLA: $405.05
2026-06-22 21:42:29,985 - INFO - -> Última compra: $407.99 | Compras actuales: 1/10
2026-06-22 21:42:29,986 - INFO - -> Objetivo de COMPRA (caída a): $387.59 | Objetivo de VENTA (subida a): $424.31
2026-06-22 21:42:29,986 - INFO - El precio se mantiene dentro del rango. No se requieren acciones.
2026-06-22 21:43:30,158 - INFO - Precio actual de TSLA: $405.05
2026-06-22 21:43:30,158 - INFO - -> Última compra: $407.99 | Compras actuales: 1/10
2026-06-22 21:43:30,158 - INFO - -> Objetivo de COMPRA (caída a): $387.59 | Objetivo de VENTA (subida a): $424.31
2026-06-22 21:43:30,158 - INFO - El precio se mantiene dentro del rango. No se requieren acciones.
2026-06-22 21:44:30,334 - INFO - Precio actual de TSLA: $405.05
2026-06-22 21:44:30,335 - INFO - -> Última compra: $407.99 | Compras actuales: 1/10
2026-06-22 21:44:30,335 - INFO - -> Objetivo de COMPRA (caída a): $387.59 | Objetivo de VENTA (subida a): $424.31
2026-06-22 21:44:30,336 - INFO - El precio se mantiene dentro del rango. No se requieren acciones.
2026-06-22 21:45:30,509 - INFO - Precio actual de TSLA: $405.05
2026-06-22 21:45:30,509 - INFO - -> Última compra: $407.99 | Compras actuales: 1/10
2026-06-22 21:45:30,510 - INFO - -> Objetivo de COMPRA (caída a): $387.59 | Objetivo de VENTA (subida a): $424.31
2026-06-22 21:45:30,510 - INFO - El precio se mantiene dentro del rango. No se requieren acciones.
2026-06-22 21:46:30,688 - INFO - Precio actual de TSLA: $405.05
2026-06-22 21:46:30,688 - INFO - -> Última compra: $407.99 | Compras actuales: 1/10
2026-06-22 21:46:30,688 - INFO - -> Objetivo de COMPRA (caída a): $387.59 | Objetivo de VENTA (subida a): $424.31
2026-06-22 21:46:30,688 - INFO - El precio se mantiene dentro del rango. No se requieren acciones.
2026-06-22 21:47:30,959 - INFO - Precio actual de TSLA: $405.05
2026-06-22 21:47:30,959 - INFO - -> Última compra: $407.99 | Compras actuales: 1/10
2026-06-22 21:47:30,959 - INFO - -> Objetivo de COMPRA (caída a): $387.59 | Objetivo de VENTA (subida a): $424.31
2026-06-22 21:47:30,959 - INFO - El precio se mantiene dentro del rango. No se requieren acciones.
2026-06-22 21:48:31,136 - INFO - Precio actual de TSLA: $405.05
2026-06-22 21:48:31,136 - INFO - -> Última compra: $407.99 | Compras actuales: 1/10
2026-06-22 21:48:31,137 - INFO - -> Objetivo de COMPRA (caída a): $387.59 | Objetivo de VENTA (subida a): $424.31
2026-06-22 21:48:31,137 - INFO - El precio se mantiene dentro del rango. No se requieren acciones.
2026-06-22 21:49:31,317 - INFO - Precio actual de TSLA: $405.05
2026-06-22 21:49:31,317 - INFO - -> Última compra: $407.99 | Compras actuales: 1/10
2026-06-22 21:49:31,317 - INFO - -> Objetivo de COMPRA (caída a): $387.59 | Objetivo de VENTA (subida a): $424.31
2026-06-22 21:49:31,319 - INFO - El precio se mantiene dentro del rango. No se requieren acciones.
2026-06-22 21:50:31,490 - INFO - Precio actual de TSLA: $405.05
2026-06-22 21:50:31,490 - INFO - -> Última compra: $407.99 | Compras actuales: 1/10
2026-06-22 21:50:31,490 - INFO - -> Objetivo de COMPRA (caída a): $387.59 | Objetivo de VENTA (subida a): $424.31
2026-06-22 21:50:31,490 - INFO - El precio se mantiene dentro del rango. No se requieren acciones.
2026-06-22 21:51:31,667 - INFO - Precio actual de TSLA: $405.05
2026-06-22 21:51:31,668 - INFO - -> Última compra: $407.99 | Compras actuales: 1/10
2026-06-22 21:51:31,668 - INFO - -> Objetivo de COMPRA (caída a): $387.59 | Objetivo de VENTA (subida a): $424.31
2026-06-22 21:51:31,668 - INFO - El precio se mantiene dentro del rango. No se requieren acciones.
2026-06-22 21:52:31,843 - INFO - Precio actual de TSLA: $405.05
2026-06-22 21:52:31,843 - INFO - -> Última compra: $407.99 | Compras actuales: 1/10
2026-06-22 21:52:31,843 - INFO - -> Objetivo de COMPRA (caída a): $387.59 | Objetivo de VENTA (subida a): $424.31
2026-06-22 21:52:31,843 - INFO - El precio se mantiene dentro del rango. No se requieren acciones.
2026-06-22 21:52:39,117 - INFO - Precio actual de TSLA: $405.05
2026-06-22 21:52:39,117 - INFO - -> Última compra: $407.99 | Compras actuales: 1/10
2026-06-22 21:52:39,117 - INFO - -> Objetivo de COMPRA (caída a): $387.59 | Objetivo de VENTA (subida a): $424.31
2026-06-22 21:52:39,117 - INFO - El precio se mantiene dentro del rango. No se requieren acciones.
2026-06-22 21:53:32,019 - INFO - Precio actual de TSLA: $405.05
2026-06-22 21:53:32,019 - INFO - -> Última compra: $407.99 | Compras actuales: 1/10
2026-06-22 21:53:32,019 - INFO - -> Objetivo de COMPRA (caída a): $387.59 | Objetivo de VENTA (subida a): $424.31
2026-06-22 21:53:32,019 - INFO - El precio se mantiene dentro del rango. No se requieren acciones.
2026-06-22 21:54:32,190 - INFO - Precio actual de TSLA: $405.05
2026-06-22 21:54:32,191 - INFO - -> Última compra: $407.99 | Compras actuales: 1/10
2026-06-22 21:54:32,191 - INFO - -> Objetivo de COMPRA (caída a): $387.59 | Objetivo de VENTA (subida a): $424.31
2026-06-22 21:54:32,191 - INFO - El precio se mantiene dentro del rango. No se requieren acciones.
2026-06-22 21:55:32,368 - INFO - Precio actual de TSLA: $405.05
2026-06-22 21:55:32,368 - INFO - -> Última compra: $407.99 | Compras actuales: 1/10
2026-06-22 21:55:32,368 - INFO - -> Objetivo de COMPRA (caída a): $387.59 | Objetivo de VENTA (subida a): $424.31
2026-06-22 21:55:32,369 - INFO - El precio se mantiene dentro del rango. No se requieren acciones.
2026-06-22 21:56:32,543 - INFO - Precio actual de TSLA: $405.05
2026-06-22 21:56:32,543 - INFO - -> Última compra: $407.99 | Compras actuales: 1/10
2026-06-22 21:56:32,543 - INFO - -> Objetivo de COMPRA (caída a): $387.59 | Objetivo de VENTA (subida a): $424.31
2026-06-22 21:56:32,544 - INFO - El precio se mantiene dentro del rango. No se requieren acciones.
2026-06-22 21:57:32,722 - INFO - Precio actual de TSLA: $405.05
2026-06-22 21:57:32,723 - INFO - -> Última compra: $407.99 | Compras actuales: 1/10
2026-06-22 21:57:32,723 - INFO - -> Objetivo de COMPRA (caída a): $387.59 | Objetivo de VENTA (subida a): $424.31
2026-06-22 21:57:32,723 - INFO - El precio se mantiene dentro del rango. No se requieren acciones.
2026-06-22 21:58:32,915 - INFO - Precio actual de TSLA: $405.05
2026-06-22 21:58:32,915 - INFO - -> Última compra: $407.99 | Compras actuales: 1/10
2026-06-22 21:58:32,915 - INFO - -> Objetivo de COMPRA (caída a): $387.59 | Objetivo de VENTA (subida a): $424.31
2026-06-22 21:58:32,915 - INFO - El precio se mantiene dentro del rango. No se requieren acciones.
2026-06-22 21:59:33,125 - INFO - Precio actual de TSLA: $405.05
2026-06-22 21:59:33,126 - INFO - -> Última compra: $407.99 | Compras actuales: 1/10
2026-06-22 21:59:33,126 - INFO - -> Objetivo de COMPRA (caída a): $387.59 | Objetivo de VENTA (subida a): $424.31
2026-06-22 21:59:33,127 - INFO - El precio se mantiene dentro del rango. No se requieren acciones.
2026-06-22 22:00:33,303 - INFO - Precio actual de TSLA: $405.05
2026-06-22 22:00:33,303 - INFO - -> Última compra: $407.99 | Compras actuales: 1/10
2026-06-22 22:00:33,303 - INFO - -> Objetivo de COMPRA (caída a): $387.59 | Objetivo de VENTA (subida a): $424.31
2026-06-22 22:00:33,303 - INFO - El precio se mantiene dentro del rango. No se requieren acciones.
2026-06-22 22:01:33,483 - INFO - Precio actual de TSLA: $405.05
2026-06-22 22:01:33,483 - INFO - -> Última compra: $407.99 | Compras actuales: 1/10
2026-06-22 22:01:33,483 - INFO - -> Objetivo de COMPRA (caída a): $387.59 | Objetivo de VENTA (subida a): $424.31
2026-06-22 22:01:33,483 - INFO - El precio se mantiene dentro del rango. No se requieren acciones.
2026-06-22 22:02:33,660 - INFO - Precio actual de TSLA: $405.05
2026-06-22 22:02:33,660 - INFO - -> Última compra: $407.99 | Compras actuales: 1/10
2026-06-22 22:02:33,660 - INFO - -> Objetivo de COMPRA (caída a): $387.59 | Objetivo de VENTA (subida a): $424.31
2026-06-22 22:02:33,661 - INFO - El precio se mantiene dentro del rango. No se requieren acciones.
2026-06-22 22:03:33,838 - INFO - Precio actual de TSLA: $405.05
2026-06-22 22:03:33,839 - INFO - -> Última compra: $407.99 | Compras actuales: 1/10
2026-06-22 22:03:33,839 - INFO - -> Objetivo de COMPRA (caída a): $387.59 | Objetivo de VENTA (subida a): $424.31
2026-06-22 22:03:33,839 - INFO - El precio se mantiene dentro del rango. No se requieren acciones.
2026-06-22 22:04:34,013 - INFO - Precio actual de TSLA: $405.05
2026-06-22 22:04:34,013 - INFO - -> Última compra: $407.99 | Compras actuales: 1/10
2026-06-22 22:04:34,014 - INFO - -> Objetivo de COMPRA (caída a): $387.59 | Objetivo de VENTA (subida a): $424.31
2026-06-22 22:04:34,014 - INFO - El precio se mantiene dentro del rango. No se requieren acciones.
2026-06-22 22:05:34,192 - INFO - Precio actual de TSLA: $405.05
2026-06-22 22:05:34,192 - INFO - -> Última compra: $407.99 | Compras actuales: 1/10
2026-06-22 22:05:34,192 - INFO - -> Objetivo de COMPRA (caída a): $387.59 | Objetivo de VENTA (subida a): $424.31
2026-06-22 22:05:34,193 - INFO - El precio se mantiene dentro del rango. No se requieren acciones.
2026-06-22 22:06:34,365 - INFO - Precio actual de TSLA: $405.05
2026-06-22 22:06:34,365 - INFO - -> Última compra: $407.99 | Compras actuales: 1/10
2026-06-22 22:06:34,365 - INFO - -> Objetivo de COMPRA (caída a): $387.59 | Objetivo de VENTA (subida a): $424.31
2026-06-22 22:06:34,365 - INFO - El precio se mantiene dentro del rango. No se requieren acciones.
2026-06-22 22:07:34,542 - INFO - Precio actual de TSLA: $405.05
2026-06-22 22:07:34,544 - INFO - -> Última compra: $407.99 | Compras actuales: 1/10
2026-06-22 22:07:34,544 - INFO - -> Objetivo de COMPRA (caída a): $387.59 | Objetivo de VENTA (subida a): $424.31
2026-06-22 22:07:34,544 - INFO - El precio se mantiene dentro del rango. No se requieren acciones.
2026-06-22 22:08:34,721 - INFO - Precio actual de TSLA: $405.05
2026-06-22 22:08:34,721 - INFO - -> Última compra: $407.99 | Compras actuales: 1/10
2026-06-22 22:08:34,721 - INFO - -> Objetivo de COMPRA (caída a): $387.59 | Objetivo de VENTA (subida a): $424.31
2026-06-22 22:08:34,721 - INFO - El precio se mantiene dentro del rango. No se requieren acciones.
2026-06-22 22:09:34,900 - INFO - Precio actual de TSLA: $405.05
2026-06-22 22:09:34,900 - INFO - -> Última compra: $407.99 | Compras actuales: 1/10
2026-06-22 22:09:34,901 - INFO - -> Objetivo de COMPRA (caída a): $387.59 | Objetivo de VENTA (subida a): $424.31
2026-06-22 22:09:34,901 - INFO - El precio se mantiene dentro del rango. No se requieren acciones.
2026-06-22 22:10:35,080 - INFO - Precio actual de TSLA: $405.05
2026-06-22 22:10:35,081 - INFO - -> Última compra: $407.99 | Compras actuales: 1/10
2026-06-22 22:10:35,082 - INFO - -> Objetivo de COMPRA (caída a): $387.59 | Objetivo de VENTA (subida a): $424.31
2026-06-22 22:10:35,082 - INFO - El precio se mantiene dentro del rango. No se requieren acciones.
2026-06-22 22:11:35,256 - INFO - Precio actual de TSLA: $405.05
2026-06-22 22:11:35,257 - INFO - -> Última compra: $407.99 | Compras actuales: 1/10
2026-06-22 22:11:35,257 - INFO - -> Objetivo de COMPRA (caída a): $387.59 | Objetivo de VENTA (subida a): $424.31
2026-06-22 22:11:35,258 - INFO - El precio se mantiene dentro del rango. No se requieren acciones.
2026-06-22 22:12:35,431 - INFO - Precio actual de TSLA: $405.05
2026-06-22 22:12:35,432 - INFO - -> Última compra: $407.99 | Compras actuales: 1/10
2026-06-22 22:12:35,432 - INFO - -> Objetivo de COMPRA (caída a): $387.59 | Objetivo de VENTA (subida a): $424.31
2026-06-22 22:12:35,432 - INFO - El precio se mantiene dentro del rango. No se requieren acciones.
2026-06-22 22:12:39,708 - INFO - Precio actual de TSLA: $405.05
2026-06-22 22:12:39,708 - INFO - -> Última compra: $407.99 | Compras actuales: 1/10
2026-06-22 22:12:39,708 - INFO - -> Objetivo de COMPRA (caída a): $387.59 | Objetivo de VENTA (subida a): $424.31
2026-06-22 22:12:39,708 - INFO - El precio se mantiene dentro del rango. No se requieren acciones.
2026-06-22 22:13:35,611 - INFO - Precio actual de TSLA: $405.05
2026-06-22 22:13:35,611 - INFO - -> Última compra: $407.99 | Compras actuales: 1/10
2026-06-22 22:13:35,612 - INFO - -> Objetivo de COMPRA (caída a): $387.59 | Objetivo de VENTA (subida a): $424.31
2026-06-22 22:13:35,612 - INFO - El precio se mantiene dentro del rango. No se requieren acciones.
2026-06-22 22:14:35,788 - INFO - Precio actual de TSLA: $405.05
2026-06-22 22:14:35,789 - INFO - -> Última compra: $407.99 | Compras actuales: 1/10
2026-06-22 22:14:35,789 - INFO - -> Objetivo de COMPRA (caída a): $387.59 | Objetivo de VENTA (subida a): $424.31
2026-06-22 22:14:35,789 - INFO - El precio se mantiene dentro del rango. No se requieren acciones.
2026-06-22 22:15:35,997 - INFO - Precio actual de TSLA: $405.05
2026-06-22 22:15:35,998 - INFO - -> Última compra: $407.99 | Compras actuales: 1/10
2026-06-22 22:15:35,998 - INFO - -> Objetivo de COMPRA (caída a): $387.59 | Objetivo de VENTA (subida a): $424.31
2026-06-22 22:15:35,998 - INFO - El precio se mantiene dentro del rango. No se requieren acciones.
2026-06-22 22:16:36,188 - INFO - Precio actual de TSLA: $405.05
2026-06-22 22:16:36,188 - INFO - -> Última compra: $407.99 | Compras actuales: 1/10
2026-06-22 22:16:36,190 - INFO - -> Objetivo de COMPRA (caída a): $387.59 | Objetivo de VENTA (subida a): $424.31
2026-06-22 22:16:36,190 - INFO - El precio se mantiene dentro del rango. No se requieren acciones.
2026-06-22 22:17:36,369 - INFO - Precio actual de TSLA: $405.05
2026-06-22 22:17:36,369 - INFO - -> Última compra: $407.99 | Compras actuales: 1/10
2026-06-22 22:17:36,369 - INFO - -> Objetivo de COMPRA (caída a): $387.59 | Objetivo de VENTA (subida a): $424.31
2026-06-22 22:17:36,369 - INFO - El precio se mantiene dentro del rango. No se requieren acciones.
2026-06-22 22:18:36,569 - INFO - Precio actual de TSLA: $405.05
2026-06-22 22:18:36,569 - INFO - -> Última compra: $407.99 | Compras actuales: 1/10
2026-06-22 22:18:36,571 - INFO - -> Objetivo de COMPRA (caída a): $387.59 | Objetivo de VENTA (subida a): $424.31
2026-06-22 22:18:36,571 - INFO - El precio se mantiene dentro del rango. No se requieren acciones.
2026-06-22 22:19:36,782 - INFO - Precio actual de TSLA: $405.05
2026-06-22 22:19:36,783 - INFO - -> Última compra: $407.99 | Compras actuales: 1/10
2026-06-22 22:19:36,783 - INFO - -> Objetivo de COMPRA (caída a): $387.59 | Objetivo de VENTA (subida a): $424.31
2026-06-22 22:19:36,783 - INFO - El precio se mantiene dentro del rango. No se requieren acciones.
2026-06-22 22:20:36,986 - INFO - Precio actual de TSLA: $405.05
2026-06-22 22:20:36,987 - INFO - -> Última compra: $407.99 | Compras actuales: 1/10
2026-06-22 22:20:36,987 - INFO - -> Objetivo de COMPRA (caída a): $387.59 | Objetivo de VENTA (subida a): $424.31
2026-06-22 22:20:36,987 - INFO - El precio se mantiene dentro del rango. No se requieren acciones.
2026-06-22 22:21:37,204 - INFO - Precio actual de TSLA: $405.05
2026-06-22 22:21:37,204 - INFO - -> Última compra: $407.99 | Compras actuales: 1/10
2026-06-22 22:21:37,204 - INFO - -> Objetivo de COMPRA (caída a): $387.59 | Objetivo de VENTA (subida a): $424.31
2026-06-22 22:21:37,205 - INFO - El precio se mantiene dentro del rango. No se requieren acciones.
2026-06-22 22:22:37,377 - INFO - Precio actual de TSLA: $405.05
2026-06-22 22:22:37,377 - INFO - -> Última compra: $407.99 | Compras actuales: 1/10
2026-06-22 22:22:37,378 - INFO - -> Objetivo de COMPRA (caída a): $387.59 | Objetivo de VENTA (subida a): $424.31
2026-06-22 22:22:37,378 - INFO - El precio se mantiene dentro del rango. No se requieren acciones.
2026-06-22 22:23:37,583 - INFO - Precio actual de TSLA: $405.05
2026-06-22 22:23:37,584 - INFO - -> Última compra: $407.99 | Compras actuales: 1/10
2026-06-22 22:23:37,584 - INFO - -> Objetivo de COMPRA (caída a): $387.59 | Objetivo de VENTA (subida a): $424.31
2026-06-22 22:23:37,584 - INFO - El precio se mantiene dentro del rango. No se requieren acciones.
2026-06-22 22:24:37,763 - INFO - Precio actual de TSLA: $405.05
2026-06-22 22:24:37,763 - INFO - -> Última compra: $407.99 | Compras actuales: 1/10
2026-06-22 22:24:37,764 - INFO - -> Objetivo de COMPRA (caída a): $387.59 | Objetivo de VENTA (subida a): $424.31
2026-06-22 22:24:37,764 - INFO - El precio se mantiene dentro del rango. No se requieren acciones.
2026-06-22 22:25:37,936 - INFO - Precio actual de TSLA: $405.05
2026-06-22 22:25:37,936 - INFO - -> Última compra: $407.99 | Compras actuales: 1/10
2026-06-22 22:25:37,936 - INFO - -> Objetivo de COMPRA (caída a): $387.59 | Objetivo de VENTA (subida a): $424.31
2026-06-22 22:25:37,937 - INFO - El precio se mantiene dentro del rango. No se requieren acciones.
2026-06-22 22:26:38,108 - INFO - Precio actual de TSLA: $405.05
2026-06-22 22:26:38,108 - INFO - -> Última compra: $407.99 | Compras actuales: 1/10
2026-06-22 22:26:38,108 - INFO - -> Objetivo de COMPRA (caída a): $387.59 | Objetivo de VENTA (subida a): $424.31
2026-06-22 22:26:38,108 - INFO - El precio se mantiene dentro del rango. No se requieren acciones.
2026-06-22 22:27:38,278 - INFO - Precio actual de TSLA: $405.05
2026-06-22 22:27:38,278 - INFO - -> Última compra: $407.99 | Compras actuales: 1/10
2026-06-22 22:27:38,279 - INFO - -> Objetivo de COMPRA (caída a): $387.59 | Objetivo de VENTA (subida a): $424.31
2026-06-22 22:27:38,279 - INFO - El precio se mantiene dentro del rango. No se requieren acciones.
2026-06-22 22:28:38,450 - INFO - Precio actual de TSLA: $405.05
2026-06-22 22:28:38,451 - INFO - -> Última compra: $407.99 | Compras actuales: 1/10
2026-06-22 22:28:38,451 - INFO - -> Objetivo de COMPRA (caída a): $387.59 | Objetivo de VENTA (subida a): $424.31
2026-06-22 22:28:38,451 - INFO - El precio se mantiene dentro del rango. No se requieren acciones.
2026-06-22 22:29:38,742 - INFO - Precio actual de TSLA: $405.05
2026-06-22 22:29:38,743 - INFO - -> Última compra: $407.99 | Compras actuales: 1/10
2026-06-22 22:29:38,743 - INFO - -> Objetivo de COMPRA (caída a): $387.59 | Objetivo de VENTA (subida a): $424.31
2026-06-22 22:29:38,743 - INFO - El precio se mantiene dentro del rango. No se requieren acciones.
2026-06-22 22:30:38,915 - INFO - Precio actual de TSLA: $405.05
2026-06-22 22:30:38,915 - INFO - -> Última compra: $407.99 | Compras actuales: 1/10
2026-06-22 22:30:38,916 - INFO - -> Objetivo de COMPRA (caída a): $387.59 | Objetivo de VENTA (subida a): $424.31
2026-06-22 22:30:38,916 - INFO - El precio se mantiene dentro del rango. No se requieren acciones.
2026-06-22 22:31:39,095 - INFO - Precio actual de TSLA: $405.05
2026-06-22 22:31:39,096 - INFO - -> Última compra: $407.99 | Compras actuales: 1/10
2026-06-22 22:31:39,096 - INFO - -> Objetivo de COMPRA (caída a): $387.59 | Objetivo de VENTA (subida a): $424.31
2026-06-22 22:31:39,096 - INFO - El precio se mantiene dentro del rango. No se requieren acciones.
2026-06-22 22:32:39,730 - INFO - Precio actual de TSLA: $405.05
2026-06-22 22:32:39,731 - INFO - -> Última compra: $407.99 | Compras actuales: 1/10
2026-06-22 22:32:39,731 - INFO - -> Objetivo de COMPRA (caída a): $387.59 | Objetivo de VENTA (subida a): $424.31
2026-06-22 22:32:39,731 - INFO - El precio se mantiene dentro del rango. No se requieren acciones.
2026-06-22 22:32:40,334 - INFO - Precio actual de TSLA: $405.05
2026-06-22 22:32:40,334 - INFO - -> Última compra: $407.99 | Compras actuales: 1/10
2026-06-22 22:32:40,334 - INFO - -> Objetivo de COMPRA (caída a): $387.59 | Objetivo de VENTA (subida a): $424.31
2026-06-22 22:32:40,334 - INFO - El precio se mantiene dentro del rango. No se requieren acciones.
2026-06-22 22:37:16,510 - INFO - Precio actual de TSLA: $405.05
2026-06-22 22:37:16,511 - INFO - -> Última compra: $407.99 | Compras actuales: 1/10
2026-06-22 22:37:16,511 - INFO - -> Objetivo de COMPRA (caída a): $387.59 | Objetivo de VENTA (subida a): $424.31
2026-06-22 22:37:16,511 - INFO - El precio se mantiene dentro del rango. No se requieren acciones.
2026-06-22 22:38:16,682 - INFO - Precio actual de TSLA: $405.05
2026-06-22 22:38:16,684 - INFO - -> Última compra: $407.99 | Compras actuales: 1/10
2026-06-22 22:38:16,684 - INFO - -> Objetivo de COMPRA (caída a): $387.59 | Objetivo de VENTA (subida a): $424.31
2026-06-22 22:38:16,684 - INFO - El precio se mantiene dentro del rango. No se requieren acciones.
2026-06-22 22:39:18,299 - INFO - Precio actual de TSLA: $405.05
2026-06-22 22:39:18,299 - INFO - -> Última compra: $407.99 | Compras actuales: 1/10
2026-06-22 22:39:18,299 - INFO - -> Objetivo de COMPRA (caída a): $387.59 | Objetivo de VENTA (subida a): $424.31
2026-06-22 22:39:18,299 - INFO - El precio se mantiene dentro del rango. No se requieren acciones.
2026-06-22 22:40:18,472 - INFO - Precio actual de TSLA: $405.05
2026-06-22 22:40:18,472 - INFO - -> Última compra: $407.99 | Compras actuales: 1/10
2026-06-22 22:40:18,472 - INFO - -> Objetivo de COMPRA (caída a): $387.59 | Objetivo de VENTA (subida a): $424.31
2026-06-22 22:40:18,472 - INFO - El precio se mantiene dentro del rango. No se requieren acciones.
2026-06-22 22:41:18,643 - INFO - Precio actual de TSLA: $405.05
2026-06-22 22:41:18,644 - INFO - -> Última compra: $407.99 | Compras actuales: 1/10
2026-06-22 22:41:18,644 - INFO - -> Objetivo de COMPRA (caída a): $387.59 | Objetivo de VENTA (subida a): $424.31
2026-06-22 22:41:18,644 - INFO - El precio se mantiene dentro del rango. No se requieren acciones.
2026-06-22 22:42:18,817 - INFO - Precio actual de TSLA: $405.05
2026-06-22 22:42:18,817 - INFO - -> Última compra: $407.99 | Compras actuales: 1/10
2026-06-22 22:42:18,818 - INFO - -> Objetivo de COMPRA (caída a): $387.59 | Objetivo de VENTA (subida a): $424.31
2026-06-22 22:42:18,818 - INFO - El precio se mantiene dentro del rango. No se requieren acciones.
2026-06-22 22:43:19,059 - INFO - Precio actual de TSLA: $405.05
2026-06-22 22:43:19,059 - INFO - -> Última compra: $407.99 | Compras actuales: 1/10
2026-06-22 22:43:19,060 - INFO - -> Objetivo de COMPRA (caída a): $387.59 | Objetivo de VENTA (subida a): $424.31
2026-06-22 22:43:19,060 - INFO - El precio se mantiene dentro del rango. No se requieren acciones.
2026-06-22 22:44:19,236 - INFO - Precio actual de TSLA: $405.05
2026-06-22 22:44:19,237 - INFO - -> Última compra: $407.99 | Compras actuales: 1/10
2026-06-22 22:44:19,237 - INFO - -> Objetivo de COMPRA (caída a): $387.59 | Objetivo de VENTA (subida a): $424.31
2026-06-22 22:44:19,237 - INFO - El precio se mantiene dentro del rango. No se requieren acciones.
2026-06-22 22:45:19,426 - INFO - Precio actual de TSLA: $405.05
2026-06-22 22:45:19,426 - INFO - -> Última compra: $407.99 | Compras actuales: 1/10
2026-06-22 22:45:19,426 - INFO - -> Objetivo de COMPRA (caída a): $387.59 | Objetivo de VENTA (subida a): $424.31
2026-06-22 22:45:19,426 - INFO - El precio se mantiene dentro del rango. No se requieren acciones.
2026-06-22 22:46:19,597 - INFO - Precio actual de TSLA: $405.05
2026-06-22 22:46:19,597 - INFO - -> Última compra: $407.99 | Compras actuales: 1/10
2026-06-22 22:46:19,598 - INFO - -> Objetivo de COMPRA (caída a): $387.59 | Objetivo de VENTA (subida a): $424.31
2026-06-22 22:46:19,598 - INFO - El precio se mantiene dentro del rango. No se requieren acciones.
2026-06-22 22:47:19,774 - INFO - Precio actual de TSLA: $405.05
2026-06-22 22:47:19,774 - INFO - -> Última compra: $407.99 | Compras actuales: 1/10
2026-06-22 22:47:19,774 - INFO - -> Objetivo de COMPRA (caída a): $387.59 | Objetivo de VENTA (subida a): $424.31
2026-06-22 22:47:19,774 - INFO - El precio se mantiene dentro del rango. No se requieren acciones.
2026-06-22 22:48:19,946 - INFO - Precio actual de TSLA: $405.05
2026-06-22 22:48:19,946 - INFO - -> Última compra: $407.99 | Compras actuales: 1/10
2026-06-22 22:48:19,946 - INFO - -> Objetivo de COMPRA (caída a): $387.59 | Objetivo de VENTA (subida a): $424.31
2026-06-22 22:48:19,946 - INFO - El precio se mantiene dentro del rango. No se requieren acciones.
2026-06-22 22:49:20,122 - INFO - Precio actual de TSLA: $405.05
2026-06-22 22:49:20,122 - INFO - -> Última compra: $407.99 | Compras actuales: 1/10
2026-06-22 22:49:20,122 - INFO - -> Objetivo de COMPRA (caída a): $387.59 | Objetivo de VENTA (subida a): $424.31
2026-06-22 22:49:20,122 - INFO - El precio se mantiene dentro del rango. No se requieren acciones.
2026-06-22 22:50:20,296 - INFO - Precio actual de TSLA: $405.05
2026-06-22 22:50:20,296 - INFO - -> Última compra: $407.99 | Compras actuales: 1/10
2026-06-22 22:50:20,296 - INFO - -> Objetivo de COMPRA (caída a): $387.59 | Objetivo de VENTA (subida a): $424.31
2026-06-22 22:50:20,296 - INFO - El precio se mantiene dentro del rango. No se requieren acciones.
2026-06-22 22:51:20,478 - INFO - Precio actual de TSLA: $405.05
2026-06-22 22:51:20,478 - INFO - -> Última compra: $407.99 | Compras actuales: 1/10
2026-06-22 22:51:20,478 - INFO - -> Objetivo de COMPRA (caída a): $387.59 | Objetivo de VENTA (subida a): $424.31
2026-06-22 22:51:20,478 - INFO - El precio se mantiene dentro del rango. No se requieren acciones.
2026-06-22 22:52:20,657 - INFO - Precio actual de TSLA: $405.05
2026-06-22 22:52:20,658 - INFO - -> Última compra: $407.99 | Compras actuales: 1/10
2026-06-22 22:52:20,659 - INFO - -> Objetivo de COMPRA (caída a): $387.59 | Objetivo de VENTA (subida a): $424.31
2026-06-22 22:52:20,659 - INFO - El precio se mantiene dentro del rango. No se requieren acciones.
2026-06-22 22:53:20,838 - INFO - Precio actual de TSLA: $405.05
2026-06-22 22:53:20,839 - INFO - -> Última compra: $407.99 | Compras actuales: 1/10
2026-06-22 22:53:20,840 - INFO - -> Objetivo de COMPRA (caída a): $387.59 | Objetivo de VENTA (subida a): $424.31
2026-06-22 22:53:20,840 - INFO - El precio se mantiene dentro del rango. No se requieren acciones.
2026-06-22 22:54:21,016 - INFO - Precio actual de TSLA: $405.05
2026-06-22 22:54:21,016 - INFO - -> Última compra: $407.99 | Compras actuales: 1/10
2026-06-22 22:54:21,016 - INFO - -> Objetivo de COMPRA (caída a): $387.59 | Objetivo de VENTA (subida a): $424.31
2026-06-22 22:54:21,016 - INFO - El precio se mantiene dentro del rango. No se requieren acciones.
2026-06-22 22:55:21,383 - INFO - Precio actual de TSLA: $405.05
2026-06-22 22:55:21,383 - INFO - -> Última compra: $407.99 | Compras actuales: 1/10
2026-06-22 22:55:21,383 - INFO - -> Objetivo de COMPRA (caída a): $387.59 | Objetivo de VENTA (subida a): $424.31
2026-06-22 22:55:21,383 - INFO - El precio se mantiene dentro del rango. No se requieren acciones.
2026-06-22 22:56:17,845 - INFO - Precio actual de TSLA: $405.05
2026-06-22 22:56:17,845 - INFO - -> Última compra: $407.99 | Compras actuales: 1/10
2026-06-22 22:56:17,845 - INFO - -> Objetivo de COMPRA (caída a): $387.59 | Objetivo de VENTA (subida a): $424.31
2026-06-22 22:56:17,845 - INFO - El precio se mantiene dentro del rango. No se requieren acciones.
2026-06-22 22:56:21,760 - INFO - Precio actual de TSLA: $405.05
2026-06-22 22:56:21,760 - INFO - -> Última compra: $407.99 | Compras actuales: 1/10
2026-06-22 22:56:21,760 - INFO - -> Objetivo de COMPRA (caída a): $387.59 | Objetivo de VENTA (subida a): $424.31
2026-06-22 22:56:21,760 - INFO - El precio se mantiene dentro del rango. No se requieren acciones.
2026-06-22 22:57:21,963 - INFO - Precio actual de TSLA: $405.05
2026-06-22 22:57:21,964 - INFO - -> Última compra: $407.99 | Compras actuales: 1/10
2026-06-22 22:57:21,964 - INFO - -> Objetivo de COMPRA (caída a): $387.59 | Objetivo de VENTA (subida a): $424.31
2026-06-22 22:57:21,965 - INFO - El precio se mantiene dentro del rango. No se requieren acciones.
2026-06-22 22:58:22,671 - INFO - Precio actual de TSLA: $405.05
2026-06-22 22:58:22,671 - INFO - -> Última compra: $407.99 | Compras actuales: 1/10
2026-06-22 22:58:22,672 - INFO - -> Objetivo de COMPRA (caída a): $387.59 | Objetivo de VENTA (subida a): $424.31
2026-06-22 22:58:22,672 - INFO - El precio se mantiene dentro del rango. No se requieren acciones.
2026-06-22 22:59:22,848 - INFO - Precio actual de TSLA: $405.05
2026-06-22 22:59:22,849 - INFO - -> Última compra: $407.99 | Compras actuales: 1/10
2026-06-22 22:59:22,849 - INFO - -> Objetivo de COMPRA (caída a): $387.59 | Objetivo de VENTA (subida a): $424.31
2026-06-22 22:59:22,849 - INFO - El precio se mantiene dentro del rango. No se requieren acciones.
2026-06-22 23:00:23,031 - INFO - Precio actual de TSLA: $405.05
2026-06-22 23:00:23,031 - INFO - -> Última compra: $407.99 | Compras actuales: 1/10
2026-06-22 23:00:23,032 - INFO - -> Objetivo de COMPRA (caída a): $387.59 | Objetivo de VENTA (subida a): $424.31
2026-06-22 23:00:23,032 - INFO - El precio se mantiene dentro del rango. No se requieren acciones.
2026-06-22 23:01:23,208 - INFO - Precio actual de TSLA: $405.05
2026-06-22 23:01:23,208 - INFO - -> Última compra: $407.99 | Compras actuales: 1/10
2026-06-22 23:01:23,208 - INFO - -> Objetivo de COMPRA (caída a): $387.59 | Objetivo de VENTA (subida a): $424.31
2026-06-22 23:01:23,208 - INFO - El precio se mantiene dentro del rango. No se requieren acciones.
2026-06-22 23:02:23,496 - INFO - Precio actual de TSLA: $405.05
2026-06-22 23:02:23,496 - INFO - -> Última compra: $407.99 | Compras actuales: 1/10
2026-06-22 23:02:23,496 - INFO - -> Objetivo de COMPRA (caída a): $387.59 | Objetivo de VENTA (subida a): $424.31
2026-06-22 23:02:23,497 - INFO - El precio se mantiene dentro del rango. No se requieren acciones.
2026-06-22 23:03:23,974 - INFO - Precio actual de TSLA: $405.05
2026-06-22 23:03:23,974 - INFO - -> Última compra: $407.99 | Compras actuales: 1/10
2026-06-22 23:03:23,975 - INFO - -> Objetivo de COMPRA (caída a): $387.59 | Objetivo de VENTA (subida a): $424.31
2026-06-22 23:03:23,975 - INFO - El precio se mantiene dentro del rango. No se requieren acciones.
2026-06-22 23:04:24,152 - INFO - Precio actual de TSLA: $405.05
2026-06-22 23:04:24,152 - INFO - -> Última compra: $407.99 | Compras actuales: 1/10
2026-06-22 23:04:24,152 - INFO - -> Objetivo de COMPRA (caída a): $387.59 | Objetivo de VENTA (subida a): $424.31
2026-06-22 23:04:24,152 - INFO - El precio se mantiene dentro del rango. No se requieren acciones.
2026-06-22 23:05:24,327 - INFO - Precio actual de TSLA: $405.05
2026-06-22 23:05:24,328 - INFO - -> Última compra: $407.99 | Compras actuales: 1/10
2026-06-22 23:05:24,328 - INFO - -> Objetivo de COMPRA (caída a): $387.59 | Objetivo de VENTA (subida a): $424.31
2026-06-22 23:05:24,328 - INFO - El precio se mantiene dentro del rango. No se requieren acciones.
2026-06-22 23:06:24,501 - INFO - Precio actual de TSLA: $405.05
2026-06-22 23:06:24,501 - INFO - -> Última compra: $407.99 | Compras actuales: 1/10
2026-06-22 23:06:24,502 - INFO - -> Objetivo de COMPRA (caída a): $387.59 | Objetivo de VENTA (subida a): $424.31
2026-06-22 23:06:24,502 - INFO - El precio se mantiene dentro del rango. No se requieren acciones.
2026-06-22 23:07:24,672 - INFO - Precio actual de TSLA: $405.05
2026-06-22 23:07:24,672 - INFO - -> Última compra: $407.99 | Compras actuales: 1/10
2026-06-22 23:07:24,674 - INFO - -> Objetivo de COMPRA (caída a): $387.59 | Objetivo de VENTA (subida a): $424.31
2026-06-22 23:07:24,674 - INFO - El precio se mantiene dentro del rango. No se requieren acciones.
2026-06-22 23:08:24,852 - INFO - Precio actual de TSLA: $405.05
2026-06-22 23:08:24,852 - INFO - -> Última compra: $407.99 | Compras actuales: 1/10
2026-06-22 23:08:24,852 - INFO - -> Objetivo de COMPRA (caída a): $387.59 | Objetivo de VENTA (subida a): $424.31
2026-06-22 23:08:24,853 - INFO - El precio se mantiene dentro del rango. No se requieren acciones.
2026-06-22 23:09:25,029 - INFO - Precio actual de TSLA: $405.05
2026-06-22 23:09:25,029 - INFO - -> Última compra: $407.99 | Compras actuales: 1/10
2026-06-22 23:09:25,029 - INFO - -> Objetivo de COMPRA (caída a): $387.59 | Objetivo de VENTA (subida a): $424.31
2026-06-22 23:09:25,030 - INFO - El precio se mantiene dentro del rango. No se requieren acciones.
2026-06-22 23:10:25,217 - INFO - Precio actual de TSLA: $405.05
2026-06-22 23:10:25,218 - INFO - -> Última compra: $407.99 | Compras actuales: 1/10
2026-06-22 23:10:25,218 - INFO - -> Objetivo de COMPRA (caída a): $387.59 | Objetivo de VENTA (subida a): $424.31
2026-06-22 23:10:25,219 - INFO - El precio se mantiene dentro del rango. No se requieren acciones.
2026-06-22 23:11:25,393 - INFO - Precio actual de TSLA: $405.05
2026-06-22 23:11:25,393 - INFO - -> Última compra: $407.99 | Compras actuales: 1/10
2026-06-22 23:11:25,393 - INFO - -> Objetivo de COMPRA (caída a): $387.59 | Objetivo de VENTA (subida a): $424.31
2026-06-22 23:11:25,393 - INFO - El precio se mantiene dentro del rango. No se requieren acciones.
2026-06-22 23:12:25,910 - INFO - Precio actual de TSLA: $405.05
2026-06-22 23:12:25,911 - INFO - -> Última compra: $407.99 | Compras actuales: 1/10
2026-06-22 23:12:25,911 - INFO - -> Objetivo de COMPRA (caída a): $387.59 | Objetivo de VENTA (subida a): $424.31
2026-06-22 23:12:25,911 - INFO - El precio se mantiene dentro del rango. No se requieren acciones.
2026-06-22 23:13:26,087 - INFO - Precio actual de TSLA: $405.05
2026-06-22 23:13:26,087 - INFO - -> Última compra: $407.99 | Compras actuales: 1/10
2026-06-22 23:13:26,088 - INFO - -> Objetivo de COMPRA (caída a): $387.59 | Objetivo de VENTA (subida a): $424.31
2026-06-22 23:13:26,088 - INFO - El precio se mantiene dentro del rango. No se requieren acciones.
2026-06-22 23:14:26,491 - INFO - Precio actual de TSLA: $405.05
2026-06-22 23:14:26,492 - INFO - -> Última compra: $407.99 | Compras actuales: 1/10
2026-06-22 23:14:26,492 - INFO - -> Objetivo de COMPRA (caída a): $387.59 | Objetivo de VENTA (subida a): $424.31
2026-06-22 23:14:26,492 - INFO - El precio se mantiene dentro del rango. No se requieren acciones.
2026-06-22 23:15:26,674 - INFO - Precio actual de TSLA: $405.05
2026-06-22 23:15:26,675 - INFO - -> Última compra: $407.99 | Compras actuales: 1/10
2026-06-22 23:15:26,675 - INFO - -> Objetivo de COMPRA (caída a): $387.59 | Objetivo de VENTA (subida a): $424.31
2026-06-22 23:15:26,675 - INFO - El precio se mantiene dentro del rango. No se requieren acciones.
2026-06-22 23:16:18,600 - INFO - Precio actual de TSLA: $405.05
2026-06-22 23:16:18,600 - INFO - -> Última compra: $407.99 | Compras actuales: 1/10
2026-06-22 23:16:18,601 - INFO - -> Objetivo de COMPRA (caída a): $387.59 | Objetivo de VENTA (subida a): $424.31
2026-06-22 23:16:18,601 - INFO - El precio se mantiene dentro del rango. No se requieren acciones.
2026-06-22 23:16:26,849 - INFO - Precio actual de TSLA: $405.05
2026-06-22 23:16:26,850 - INFO - -> Última compra: $407.99 | Compras actuales: 1/10
2026-06-22 23:16:26,850 - INFO - -> Objetivo de COMPRA (caída a): $387.59 | Objetivo de VENTA (subida a): $424.31
2026-06-22 23:16:26,850 - INFO - El precio se mantiene dentro del rango. No se requieren acciones.
2026-06-22 23:17:27,025 - INFO - Precio actual de TSLA: $405.05
2026-06-22 23:17:27,025 - INFO - -> Última compra: $407.99 | Compras actuales: 1/10
2026-06-22 23:17:27,025 - INFO - -> Objetivo de COMPRA (caída a): $387.59 | Objetivo de VENTA (subida a): $424.31
2026-06-22 23:17:27,025 - INFO - El precio se mantiene dentro del rango. No se requieren acciones.
2026-06-22 23:18:27,198 - INFO - Precio actual de TSLA: $405.05
2026-06-22 23:18:27,199 - INFO - -> Última compra: $407.99 | Compras actuales: 1/10
2026-06-22 23:18:27,199 - INFO - -> Objetivo de COMPRA (caída a): $387.59 | Objetivo de VENTA (subida a): $424.31
2026-06-22 23:18:27,199 - INFO - El precio se mantiene dentro del rango. No se requieren acciones.
2026-06-22 23:19:27,372 - INFO - Precio actual de TSLA: $405.05
2026-06-22 23:19:27,372 - INFO - -> Última compra: $407.99 | Compras actuales: 1/10
2026-06-22 23:19:27,372 - INFO - -> Objetivo de COMPRA (caída a): $387.59 | Objetivo de VENTA (subida a): $424.31
2026-06-22 23:19:27,372 - INFO - El precio se mantiene dentro del rango. No se requieren acciones.
2026-06-22 23:20:27,548 - INFO - Precio actual de TSLA: $405.05
2026-06-22 23:20:27,548 - INFO - -> Última compra: $407.99 | Compras actuales: 1/10
2026-06-22 23:20:27,549 - INFO - -> Objetivo de COMPRA (caída a): $387.59 | Objetivo de VENTA (subida a): $424.31
2026-06-22 23:20:27,549 - INFO - El precio se mantiene dentro del rango. No se requieren acciones.
2026-06-22 23:21:27,800 - INFO - Precio actual de TSLA: $405.05
2026-06-22 23:21:27,800 - INFO - -> Última compra: $407.99 | Compras actuales: 1/10
2026-06-22 23:21:27,800 - INFO - -> Objetivo de COMPRA (caída a): $387.59 | Objetivo de VENTA (subida a): $424.31
2026-06-22 23:21:27,800 - INFO - El precio se mantiene dentro del rango. No se requieren acciones.
2026-06-22 23:22:28,012 - INFO - Precio actual de TSLA: $405.05
2026-06-22 23:22:28,012 - INFO - -> Última compra: $407.99 | Compras actuales: 1/10
2026-06-22 23:22:28,012 - INFO - -> Objetivo de COMPRA (caída a): $387.59 | Objetivo de VENTA (subida a): $424.31
2026-06-22 23:22:28,013 - INFO - El precio se mantiene dentro del rango. No se requieren acciones.
2026-06-22 23:23:28,225 - INFO - Precio actual de TSLA: $405.05
2026-06-22 23:23:28,226 - INFO - -> Última compra: $407.99 | Compras actuales: 1/10
2026-06-22 23:23:28,226 - INFO - -> Objetivo de COMPRA (caída a): $387.59 | Objetivo de VENTA (subida a): $424.31
2026-06-22 23:23:28,226 - INFO - El precio se mantiene dentro del rango. No se requieren acciones.
2026-06-22 23:24:28,424 - INFO - Precio actual de TSLA: $405.05
2026-06-22 23:24:28,424 - INFO - -> Última compra: $407.99 | Compras actuales: 1/10
2026-06-22 23:24:28,425 - INFO - -> Objetivo de COMPRA (caída a): $387.59 | Objetivo de VENTA (subida a): $424.31
2026-06-22 23:24:28,425 - INFO - El precio se mantiene dentro del rango. No se requieren acciones.
2026-06-22 23:25:28,616 - INFO - Precio actual de TSLA: $405.05
2026-06-22 23:25:28,617 - INFO - -> Última compra: $407.99 | Compras actuales: 1/10
2026-06-22 23:25:28,617 - INFO - -> Objetivo de COMPRA (caída a): $387.59 | Objetivo de VENTA (subida a): $424.31
2026-06-22 23:25:28,617 - INFO - El precio se mantiene dentro del rango. No se requieren acciones.
2026-06-22 23:26:28,796 - INFO - Precio actual de TSLA: $405.05
2026-06-22 23:26:28,797 - INFO - -> Última compra: $407.99 | Compras actuales: 1/10
2026-06-22 23:26:28,797 - INFO - -> Objetivo de COMPRA (caída a): $387.59 | Objetivo de VENTA (subida a): $424.31
2026-06-22 23:26:28,797 - INFO - El precio se mantiene dentro del rango. No se requieren acciones.
2026-06-22 23:27:28,981 - INFO - Precio actual de TSLA: $405.05
2026-06-22 23:27:28,982 - INFO - -> Última compra: $407.99 | Compras actuales: 1/10
2026-06-22 23:27:28,982 - INFO - -> Objetivo de COMPRA (caída a): $387.59 | Objetivo de VENTA (subida a): $424.31
2026-06-22 23:27:28,982 - INFO - El precio se mantiene dentro del rango. No se requieren acciones.
2026-06-22 23:28:29,157 - INFO - Precio actual de TSLA: $405.05
2026-06-22 23:28:29,157 - INFO - -> Última compra: $407.99 | Compras actuales: 1/10
2026-06-22 23:28:29,157 - INFO - -> Objetivo de COMPRA (caída a): $387.59 | Objetivo de VENTA (subida a): $424.31
2026-06-22 23:28:29,157 - INFO - El precio se mantiene dentro del rango. No se requieren acciones.
2026-06-22 23:29:29,334 - INFO - Precio actual de TSLA: $405.05
2026-06-22 23:29:29,334 - INFO - -> Última compra: $407.99 | Compras actuales: 1/10
2026-06-22 23:29:29,335 - INFO - -> Objetivo de COMPRA (caída a): $387.59 | Objetivo de VENTA (subida a): $424.31
2026-06-22 23:29:29,335 - INFO - El precio se mantiene dentro del rango. No se requieren acciones.
2026-06-22 23:30:29,510 - INFO - Precio actual de TSLA: $405.05
2026-06-22 23:30:29,510 - INFO - -> Última compra: $407.99 | Compras actuales: 1/10
2026-06-22 23:30:29,511 - INFO - -> Objetivo de COMPRA (caída a): $387.59 | Objetivo de VENTA (subida a): $424.31
2026-06-22 23:30:29,511 - INFO - El precio se mantiene dentro del rango. No se requieren acciones.
2026-06-22 23:31:29,684 - INFO - Precio actual de TSLA: $405.05
2026-06-22 23:31:29,685 - INFO - -> Última compra: $407.99 | Compras actuales: 1/10
2026-06-22 23:31:29,685 - INFO - -> Objetivo de COMPRA (caída a): $387.59 | Objetivo de VENTA (subida a): $424.31
2026-06-22 23:31:29,685 - INFO - El precio se mantiene dentro del rango. No se requieren acciones.
2026-06-22 23:32:29,860 - INFO - Precio actual de TSLA: $405.05
2026-06-22 23:32:29,860 - INFO - -> Última compra: $407.99 | Compras actuales: 1/10
2026-06-22 23:32:29,860 - INFO - -> Objetivo de COMPRA (caída a): $387.59 | Objetivo de VENTA (subida a): $424.31
2026-06-22 23:32:29,861 - INFO - El precio se mantiene dentro del rango. No se requieren acciones.
2026-06-22 23:33:30,032 - INFO - Precio actual de TSLA: $405.05
2026-06-22 23:33:30,032 - INFO - -> Última compra: $407.99 | Compras actuales: 1/10
2026-06-22 23:33:30,033 - INFO - -> Objetivo de COMPRA (caída a): $387.59 | Objetivo de VENTA (subida a): $424.31
2026-06-22 23:33:30,033 - INFO - El precio se mantiene dentro del rango. No se requieren acciones.
2026-06-22 23:34:30,203 - INFO - Precio actual de TSLA: $405.05
2026-06-22 23:34:30,203 - INFO - -> Última compra: $407.99 | Compras actuales: 1/10
2026-06-22 23:34:30,203 - INFO - -> Objetivo de COMPRA (caída a): $387.59 | Objetivo de VENTA (subida a): $424.31
2026-06-22 23:34:30,205 - INFO - El precio se mantiene dentro del rango. No se requieren acciones.
2026-06-22 23:35:30,382 - INFO - Precio actual de TSLA: $405.05
2026-06-22 23:35:30,382 - INFO - -> Última compra: $407.99 | Compras actuales: 1/10
2026-06-22 23:35:30,382 - INFO - -> Objetivo de COMPRA (caída a): $387.59 | Objetivo de VENTA (subida a): $424.31
2026-06-22 23:35:30,383 - INFO - El precio se mantiene dentro del rango. No se requieren acciones.
2026-06-22 23:36:19,181 - INFO - Precio actual de TSLA: $405.05
2026-06-22 23:36:19,181 - INFO - -> Última compra: $407.99 | Compras actuales: 1/10
2026-06-22 23:36:19,181 - INFO - -> Objetivo de COMPRA (caída a): $387.59 | Objetivo de VENTA (subida a): $424.31
2026-06-22 23:36:19,181 - INFO - El precio se mantiene dentro del rango. No se requieren acciones.
2026-06-22 23:36:30,554 - INFO - Precio actual de TSLA: $405.05
2026-06-22 23:36:30,554 - INFO - -> Última compra: $407.99 | Compras actuales: 1/10
2026-06-22 23:36:30,556 - INFO - -> Objetivo de COMPRA (caída a): $387.59 | Objetivo de VENTA (subida a): $424.31
2026-06-22 23:36:30,556 - INFO - El precio se mantiene dentro del rango. No se requieren acciones.
2026-06-22 23:37:30,736 - INFO - Precio actual de TSLA: $405.05
2026-06-22 23:37:30,736 - INFO - -> Última compra: $407.99 | Compras actuales: 1/10
2026-06-22 23:37:30,736 - INFO - -> Objetivo de COMPRA (caída a): $387.59 | Objetivo de VENTA (subida a): $424.31
2026-06-22 23:37:30,736 - INFO - El precio se mantiene dentro del rango. No se requieren acciones.
2026-06-22 23:38:31,329 - INFO - Precio actual de TSLA: $405.05
2026-06-22 23:38:31,330 - INFO - -> Última compra: $407.99 | Compras actuales: 1/10
2026-06-22 23:38:31,330 - INFO - -> Objetivo de COMPRA (caída a): $387.59 | Objetivo de VENTA (subida a): $424.31
2026-06-22 23:38:31,330 - INFO - El precio se mantiene dentro del rango. No se requieren acciones.
2026-06-22 23:39:31,512 - INFO - Precio actual de TSLA: $405.05
2026-06-22 23:39:31,513 - INFO - -> Última compra: $407.99 | Compras actuales: 1/10
2026-06-22 23:39:31,513 - INFO - -> Objetivo de COMPRA (caída a): $387.59 | Objetivo de VENTA (subida a): $424.31
2026-06-22 23:39:31,513 - INFO - El precio se mantiene dentro del rango. No se requieren acciones.
2026-06-22 23:40:31,687 - INFO - Precio actual de TSLA: $405.05
2026-06-22 23:40:31,687 - INFO - -> Última compra: $407.99 | Compras actuales: 1/10
2026-06-22 23:40:31,687 - INFO - -> Objetivo de COMPRA (caída a): $387.59 | Objetivo de VENTA (subida a): $424.31
2026-06-22 23:40:31,687 - INFO - El precio se mantiene dentro del rango. No se requieren acciones.
2026-06-22 23:41:31,862 - INFO - Precio actual de TSLA: $405.05
2026-06-22 23:41:31,863 - INFO - -> Última compra: $407.99 | Compras actuales: 1/10
2026-06-22 23:41:31,863 - INFO - -> Objetivo de COMPRA (caída a): $387.59 | Objetivo de VENTA (subida a): $424.31
2026-06-22 23:41:31,863 - INFO - El precio se mantiene dentro del rango. No se requieren acciones.
2026-06-22 23:42:32,036 - INFO - Precio actual de TSLA: $405.05
2026-06-22 23:42:32,037 - INFO - -> Última compra: $407.99 | Compras actuales: 1/10
2026-06-22 23:42:32,037 - INFO - -> Objetivo de COMPRA (caída a): $387.59 | Objetivo de VENTA (subida a): $424.31
2026-06-22 23:42:32,037 - INFO - El precio se mantiene dentro del rango. No se requieren acciones.
2026-06-22 23:43:32,210 - INFO - Precio actual de TSLA: $405.05
2026-06-22 23:43:32,211 - INFO - -> Última compra: $407.99 | Compras actuales: 1/10
2026-06-22 23:43:32,211 - INFO - -> Objetivo de COMPRA (caída a): $387.59 | Objetivo de VENTA (subida a): $424.31
2026-06-22 23:43:32,211 - INFO - El precio se mantiene dentro del rango. No se requieren acciones.
2026-06-22 23:44:32,386 - INFO - Precio actual de TSLA: $405.05
2026-06-22 23:44:32,386 - INFO - -> Última compra: $407.99 | Compras actuales: 1/10
2026-06-22 23:44:32,387 - INFO - -> Objetivo de COMPRA (caída a): $387.59 | Objetivo de VENTA (subida a): $424.31
2026-06-22 23:44:32,387 - INFO - El precio se mantiene dentro del rango. No se requieren acciones.
2026-06-22 23:45:32,571 - INFO - Precio actual de TSLA: $405.05
2026-06-22 23:45:32,572 - INFO - -> Última compra: $407.99 | Compras actuales: 1/10
2026-06-22 23:45:32,572 - INFO - -> Objetivo de COMPRA (caída a): $387.59 | Objetivo de VENTA (subida a): $424.31
2026-06-22 23:45:32,572 - INFO - El precio se mantiene dentro del rango. No se requieren acciones.
2026-06-22 23:46:32,744 - INFO - Precio actual de TSLA: $405.05
2026-06-22 23:46:32,745 - INFO - -> Última compra: $407.99 | Compras actuales: 1/10
2026-06-22 23:46:32,745 - INFO - -> Objetivo de COMPRA (caída a): $387.59 | Objetivo de VENTA (subida a): $424.31
2026-06-22 23:46:32,745 - INFO - El precio se mantiene dentro del rango. No se requieren acciones.
2026-06-22 23:47:32,928 - INFO - Precio actual de TSLA: $405.05
2026-06-22 23:47:32,928 - INFO - -> Última compra: $407.99 | Compras actuales: 1/10
2026-06-22 23:47:32,928 - INFO - -> Objetivo de COMPRA (caída a): $387.59 | Objetivo de VENTA (subida a): $424.31
2026-06-22 23:47:32,929 - INFO - El precio se mantiene dentro del rango. No se requieren acciones.
2026-06-22 23:48:33,104 - INFO - Precio actual de TSLA: $405.05
2026-06-22 23:48:33,104 - INFO - -> Última compra: $407.99 | Compras actuales: 1/10
2026-06-22 23:48:33,104 - INFO - -> Objetivo de COMPRA (caída a): $387.59 | Objetivo de VENTA (subida a): $424.31
2026-06-22 23:48:33,105 - INFO - El precio se mantiene dentro del rango. No se requieren acciones.
2026-06-22 23:49:33,276 - INFO - Precio actual de TSLA: $405.05
2026-06-22 23:49:33,276 - INFO - -> Última compra: $407.99 | Compras actuales: 1/10
2026-06-22 23:49:33,276 - INFO - -> Objetivo de COMPRA (caída a): $387.59 | Objetivo de VENTA (subida a): $424.31
2026-06-22 23:49:33,277 - INFO - El precio se mantiene dentro del rango. No se requieren acciones.
2026-06-22 23:50:33,445 - INFO - Precio actual de TSLA: $405.05
2026-06-22 23:50:33,446 - INFO - -> Última compra: $407.99 | Compras actuales: 1/10
2026-06-22 23:50:33,446 - INFO - -> Objetivo de COMPRA (caída a): $387.59 | Objetivo de VENTA (subida a): $424.31
2026-06-22 23:50:33,446 - INFO - El precio se mantiene dentro del rango. No se requieren acciones.
2026-06-22 23:51:33,623 - INFO - Precio actual de TSLA: $405.05
2026-06-22 23:51:33,624 - INFO - -> Última compra: $407.99 | Compras actuales: 1/10
2026-06-22 23:51:33,624 - INFO - -> Objetivo de COMPRA (caída a): $387.59 | Objetivo de VENTA (subida a): $424.31
2026-06-22 23:51:33,624 - INFO - El precio se mantiene dentro del rango. No se requieren acciones.
2026-06-22 23:52:33,794 - INFO - Precio actual de TSLA: $405.05
2026-06-22 23:52:33,795 - INFO - -> Última compra: $407.99 | Compras actuales: 1/10
2026-06-22 23:52:33,795 - INFO - -> Objetivo de COMPRA (caída a): $387.59 | Objetivo de VENTA (subida a): $424.31
2026-06-22 23:52:33,795 - INFO - El precio se mantiene dentro del rango. No se requieren acciones.
2026-06-22 23:53:34,009 - INFO - Precio actual de TSLA: $405.05
2026-06-22 23:53:34,009 - INFO - -> Última compra: $407.99 | Compras actuales: 1/10
2026-06-22 23:53:34,010 - INFO - -> Objetivo de COMPRA (caída a): $387.59 | Objetivo de VENTA (subida a): $424.31
2026-06-22 23:53:34,010 - INFO - El precio se mantiene dentro del rango. No se requieren acciones.
2026-06-22 23:54:34,187 - INFO - Precio actual de TSLA: $405.05
2026-06-22 23:54:34,188 - INFO - -> Última compra: $407.99 | Compras actuales: 1/10
2026-06-22 23:54:34,188 - INFO - -> Objetivo de COMPRA (caída a): $387.59 | Objetivo de VENTA (subida a): $424.31
2026-06-22 23:54:34,188 - INFO - El precio se mantiene dentro del rango. No se requieren acciones.
2026-06-22 23:55:34,359 - INFO - Precio actual de TSLA: $405.05
2026-06-22 23:55:34,361 - INFO - -> Última compra: $407.99 | Compras actuales: 1/10
2026-06-22 23:55:34,361 - INFO - -> Objetivo de COMPRA (caída a): $387.59 | Objetivo de VENTA (subida a): $424.31
2026-06-22 23:55:34,361 - INFO - El precio se mantiene dentro del rango. No se requieren acciones.
2026-06-22 23:56:19,773 - INFO - Precio actual de TSLA: $405.05
2026-06-22 23:56:19,773 - INFO - -> Última compra: $407.99 | Compras actuales: 1/10
2026-06-22 23:56:19,774 - INFO - -> Objetivo de COMPRA (caída a): $387.59 | Objetivo de VENTA (subida a): $424.31
2026-06-22 23:56:19,774 - INFO - El precio se mantiene dentro del rango. No se requieren acciones.
2026-06-22 23:56:34,528 - INFO - Precio actual de TSLA: $405.05
2026-06-22 23:56:34,528 - INFO - -> Última compra: $407.99 | Compras actuales: 1/10
2026-06-22 23:56:34,528 - INFO - -> Objetivo de COMPRA (caída a): $387.59 | Objetivo de VENTA (subida a): $424.31
2026-06-22 23:56:34,529 - INFO - El precio se mantiene dentro del rango. No se requieren acciones.
2026-06-22 23:57:34,705 - INFO - Precio actual de TSLA: $405.05
2026-06-22 23:57:34,705 - INFO - -> Última compra: $407.99 | Compras actuales: 1/10
2026-06-22 23:57:34,705 - INFO - -> Objetivo de COMPRA (caída a): $387.59 | Objetivo de VENTA (subida a): $424.31
2026-06-22 23:57:34,705 - INFO - El precio se mantiene dentro del rango. No se requieren acciones.
2026-06-22 23:58:34,875 - INFO - Precio actual de TSLA: $405.05
2026-06-22 23:58:34,875 - INFO - -> Última compra: $407.99 | Compras actuales: 1/10
2026-06-22 23:58:34,875 - INFO - -> Objetivo de COMPRA (caída a): $387.59 | Objetivo de VENTA (subida a): $424.31
2026-06-22 23:58:34,875 - INFO - El precio se mantiene dentro del rango. No se requieren acciones.
2026-06-22 23:59:35,045 - INFO - Precio actual de TSLA: $405.05
2026-06-22 23:59:35,045 - INFO - -> Última compra: $407.99 | Compras actuales: 1/10
2026-06-22 23:59:35,046 - INFO - -> Objetivo de COMPRA (caída a): $387.59 | Objetivo de VENTA (subida a): $424.31
2026-06-22 23:59:35,046 - INFO - El precio se mantiene dentro del rango. No se requieren acciones.
2026-06-23 00:00:35,219 - INFO - Precio actual de TSLA: $405.05
2026-06-23 00:00:35,220 - INFO - -> Última compra: $407.99 | Compras actuales: 1/10
2026-06-23 00:00:35,220 - INFO - -> Objetivo de COMPRA (caída a): $387.59 | Objetivo de VENTA (subida a): $424.31
2026-06-23 00:00:35,220 - INFO - El precio se mantiene dentro del rango. No se requieren acciones.
2026-06-23 00:01:35,389 - INFO - Precio actual de TSLA: $405.05
2026-06-23 00:01:35,389 - INFO - -> Última compra: $407.99 | Compras actuales: 1/10
2026-06-23 00:01:35,390 - INFO - -> Objetivo de COMPRA (caída a): $387.59 | Objetivo de VENTA (subida a): $424.31
2026-06-23 00:01:35,390 - INFO - El precio se mantiene dentro del rango. No se requieren acciones.
2026-06-23 00:02:35,561 - INFO - Precio actual de TSLA: $405.05
2026-06-23 00:02:35,561 - INFO - -> Última compra: $407.99 | Compras actuales: 1/10
2026-06-23 00:02:35,561 - INFO - -> Objetivo de COMPRA (caída a): $387.59 | Objetivo de VENTA (subida a): $424.31
2026-06-23 00:02:35,562 - INFO - El precio se mantiene dentro del rango. No se requieren acciones.
2026-06-23 00:03:35,735 - INFO - Precio actual de TSLA: $405.05
2026-06-23 00:03:35,736 - INFO - -> Última compra: $407.99 | Compras actuales: 1/10
2026-06-23 00:03:35,736 - INFO - -> Objetivo de COMPRA (caída a): $387.59 | Objetivo de VENTA (subida a): $424.31
2026-06-23 00:03:35,736 - INFO - El precio se mantiene dentro del rango. No se requieren acciones.
2026-06-23 00:04:35,908 - INFO - Precio actual de TSLA: $405.05
2026-06-23 00:04:35,909 - INFO - -> Última compra: $407.99 | Compras actuales: 1/10
2026-06-23 00:04:35,910 - INFO - -> Objetivo de COMPRA (caída a): $387.59 | Objetivo de VENTA (subida a): $424.31
2026-06-23 00:04:35,910 - INFO - El precio se mantiene dentro del rango. No se requieren acciones.
2026-06-23 00:05:36,084 - INFO - Precio actual de TSLA: $405.05
2026-06-23 00:05:36,084 - INFO - -> Última compra: $407.99 | Compras actuales: 1/10
2026-06-23 00:05:36,084 - INFO - -> Objetivo de COMPRA (caída a): $387.59 | Objetivo de VENTA (subida a): $424.31
2026-06-23 00:05:36,084 - INFO - El precio se mantiene dentro del rango. No se requieren acciones.
2026-06-23 00:06:36,271 - INFO - Precio actual de TSLA: $405.05
2026-06-23 00:06:36,271 - INFO - -> Última compra: $407.99 | Compras actuales: 1/10
2026-06-23 00:06:36,271 - INFO - -> Objetivo de COMPRA (caída a): $387.59 | Objetivo de VENTA (subida a): $424.31
2026-06-23 00:06:36,271 - INFO - El precio se mantiene dentro del rango. No se requieren acciones.
2026-06-23 00:07:36,443 - INFO - Precio actual de TSLA: $405.05
2026-06-23 00:07:36,443 - INFO - -> Última compra: $407.99 | Compras actuales: 1/10
2026-06-23 00:07:36,443 - INFO - -> Objetivo de COMPRA (caída a): $387.59 | Objetivo de VENTA (subida a): $424.31
2026-06-23 00:07:36,443 - INFO - El precio se mantiene dentro del rango. No se requieren acciones.
2026-06-23 00:08:36,613 - INFO - Precio actual de TSLA: $405.05
2026-06-23 00:08:36,613 - INFO - -> Última compra: $407.99 | Compras actuales: 1/10
2026-06-23 00:08:36,615 - INFO - -> Objetivo de COMPRA (caída a): $387.59 | Objetivo de VENTA (subida a): $424.31
2026-06-23 00:08:36,615 - INFO - El precio se mantiene dentro del rango. No se requieren acciones.
2026-06-23 00:09:36,790 - INFO - Precio actual de TSLA: $405.05
2026-06-23 00:09:36,791 - INFO - -> Última compra: $407.99 | Compras actuales: 1/10
2026-06-23 00:09:36,792 - INFO - -> Objetivo de COMPRA (caída a): $387.59 | Objetivo de VENTA (subida a): $424.31
2026-06-23 00:09:36,792 - INFO - El precio se mantiene dentro del rango. No se requieren acciones.
2026-06-23 00:10:36,963 - INFO - Precio actual de TSLA: $405.05
2026-06-23 00:10:36,963 - INFO - -> Última compra: $407.99 | Compras actuales: 1/10
2026-06-23 00:10:36,964 - INFO - -> Objetivo de COMPRA (caída a): $387.59 | Objetivo de VENTA (subida a): $424.31
2026-06-23 00:10:36,964 - INFO - El precio se mantiene dentro del rango. No se requieren acciones.
2026-06-23 00:11:37,139 - INFO - Precio actual de TSLA: $405.05
2026-06-23 00:11:37,140 - INFO - -> Última compra: $407.99 | Compras actuales: 1/10
2026-06-23 00:11:37,140 - INFO - -> Objetivo de COMPRA (caída a): $387.59 | Objetivo de VENTA (subida a): $424.31
2026-06-23 00:11:37,140 - INFO - El precio se mantiene dentro del rango. No se requieren acciones.
2026-06-23 00:12:37,312 - INFO - Precio actual de TSLA: $405.05
2026-06-23 00:12:37,313 - INFO - -> Última compra: $407.99 | Compras actuales: 1/10
2026-06-23 00:12:37,313 - INFO - -> Objetivo de COMPRA (caída a): $387.59 | Objetivo de VENTA (subida a): $424.31
2026-06-23 00:12:37,313 - INFO - El precio se mantiene dentro del rango. No se requieren acciones.
2026-06-23 00:13:37,486 - INFO - Precio actual de TSLA: $405.05
2026-06-23 00:13:37,486 - INFO - -> Última compra: $407.99 | Compras actuales: 1/10
2026-06-23 00:13:37,486 - INFO - -> Objetivo de COMPRA (caída a): $387.59 | Objetivo de VENTA (subida a): $424.31
2026-06-23 00:13:37,486 - INFO - El precio se mantiene dentro del rango. No se requieren acciones.
2026-06-23 00:14:37,663 - INFO - Precio actual de TSLA: $405.05
2026-06-23 00:14:37,665 - INFO - -> Última compra: $407.99 | Compras actuales: 1/10
2026-06-23 00:14:37,665 - INFO - -> Objetivo de COMPRA (caída a): $387.59 | Objetivo de VENTA (subida a): $424.31
2026-06-23 00:14:37,665 - INFO - El precio se mantiene dentro del rango. No se requieren acciones.
2026-06-23 00:15:37,838 - INFO - Precio actual de TSLA: $405.05
2026-06-23 00:15:37,839 - INFO - -> Última compra: $407.99 | Compras actuales: 1/10
2026-06-23 00:15:37,839 - INFO - -> Objetivo de COMPRA (caída a): $387.59 | Objetivo de VENTA (subida a): $424.31
2026-06-23 00:15:37,839 - INFO - El precio se mantiene dentro del rango. No se requieren acciones.
2026-06-23 00:16:20,358 - INFO - Precio actual de TSLA: $405.05
2026-06-23 00:16:20,359 - INFO - -> Última compra: $407.99 | Compras actuales: 1/10
2026-06-23 00:16:20,359 - INFO - -> Objetivo de COMPRA (caída a): $387.59 | Objetivo de VENTA (subida a): $424.31
2026-06-23 00:16:20,359 - INFO - El precio se mantiene dentro del rango. No se requieren acciones.
2026-06-23 00:16:38,010 - INFO - Precio actual de TSLA: $405.05
2026-06-23 00:16:38,011 - INFO - -> Última compra: $407.99 | Compras actuales: 1/10
2026-06-23 00:16:38,011 - INFO - -> Objetivo de COMPRA (caída a): $387.59 | Objetivo de VENTA (subida a): $424.31
2026-06-23 00:16:38,012 - INFO - El precio se mantiene dentro del rango. No se requieren acciones.
2026-06-23 00:17:38,186 - INFO - Precio actual de TSLA: $405.05
2026-06-23 00:17:38,186 - INFO - -> Última compra: $407.99 | Compras actuales: 1/10
2026-06-23 00:17:38,187 - INFO - -> Objetivo de COMPRA (caída a): $387.59 | Objetivo de VENTA (subida a): $424.31
2026-06-23 00:17:38,187 - INFO - El precio se mantiene dentro del rango. No se requieren acciones.
2026-06-23 08:23:22,256 - INFO - Precio actual de TSLA: $405.05
2026-06-23 08:23:22,256 - INFO - -> Última compra: $407.99 | Compras actuales: 1/10
2026-06-23 08:23:22,257 - INFO - -> Objetivo de COMPRA (caída a): $387.59 | Objetivo de VENTA (subida a): $424.31
2026-06-23 08:23:22,257 - INFO - El precio se mantiene dentro del rango. No se requieren acciones.
2026-06-23 08:24:22,420 - INFO - Precio actual de TSLA: $405.05
2026-06-23 08:24:22,420 - INFO - -> Última compra: $407.99 | Compras actuales: 1/10
2026-06-23 08:24:22,420 - INFO - -> Objetivo de COMPRA (caída a): $387.59 | Objetivo de VENTA (subida a): $424.31
2026-06-23 08:24:22,420 - INFO - El precio se mantiene dentro del rango. No se requieren acciones.
2026-06-23 08:25:22,583 - INFO - Precio actual de TSLA: $405.05
2026-06-23 08:25:22,583 - INFO - -> Última compra: $407.99 | Compras actuales: 1/10
2026-06-23 08:25:22,584 - INFO - -> Objetivo de COMPRA (caída a): $387.59 | Objetivo de VENTA (subida a): $424.31
2026-06-23 08:25:22,584 - INFO - El precio se mantiene dentro del rango. No se requieren acciones.
2026-06-23 08:26:22,751 - INFO - Precio actual de TSLA: $405.05
2026-06-23 08:26:22,751 - INFO - -> Última compra: $407.99 | Compras actuales: 1/10
2026-06-23 08:26:22,751 - INFO - -> Objetivo de COMPRA (caída a): $387.59 | Objetivo de VENTA (subida a): $424.31
2026-06-23 08:26:22,751 - INFO - El precio se mantiene dentro del rango. No se requieren acciones.
2026-06-23 08:27:22,913 - INFO - Precio actual de TSLA: $405.05
2026-06-23 08:27:22,914 - INFO - -> Última compra: $407.99 | Compras actuales: 1/10
2026-06-23 08:27:22,914 - INFO - -> Objetivo de COMPRA (caída a): $387.59 | Objetivo de VENTA (subida a): $424.31
2026-06-23 08:27:22,914 - INFO - El precio se mantiene dentro del rango. No se requieren acciones.
2026-06-23 08:28:23,088 - INFO - Precio actual de TSLA: $405.05
2026-06-23 08:28:23,089 - INFO - -> Última compra: $407.99 | Compras actuales: 1/10
2026-06-23 08:28:23,089 - INFO - -> Objetivo de COMPRA (caída a): $387.59 | Objetivo de VENTA (subida a): $424.31
2026-06-23 08:28:23,089 - INFO - El precio se mantiene dentro del rango. No se requieren acciones.
2026-06-23 08:29:23,256 - INFO - Precio actual de TSLA: $405.05
2026-06-23 08:29:23,257 - INFO - -> Última compra: $407.99 | Compras actuales: 1/10
2026-06-23 08:29:23,257 - INFO - -> Objetivo de COMPRA (caída a): $387.59 | Objetivo de VENTA (subida a): $424.31
2026-06-23 08:29:23,257 - INFO - El precio se mantiene dentro del rango. No se requieren acciones.
2026-06-23 08:30:23,422 - INFO - Precio actual de TSLA: $405.05
2026-06-23 08:30:23,423 - INFO - -> Última compra: $407.99 | Compras actuales: 1/10
2026-06-23 08:30:23,423 - INFO - -> Objetivo de COMPRA (caída a): $387.59 | Objetivo de VENTA (subida a): $424.31
2026-06-23 08:30:23,423 - INFO - El precio se mantiene dentro del rango. No se requieren acciones.
2026-06-23 08:31:23,591 - INFO - Precio actual de TSLA: $405.05
2026-06-23 08:31:23,592 - INFO - -> Última compra: $407.99 | Compras actuales: 1/10
2026-06-23 08:31:23,592 - INFO - -> Objetivo de COMPRA (caída a): $387.59 | Objetivo de VENTA (subida a): $424.31
2026-06-23 08:31:23,592 - INFO - El precio se mantiene dentro del rango. No se requieren acciones.
2026-06-23 08:32:23,758 - INFO - Precio actual de TSLA: $405.05
2026-06-23 08:32:23,758 - INFO - -> Última compra: $407.99 | Compras actuales: 1/10
2026-06-23 08:32:23,758 - INFO - -> Objetivo de COMPRA (caída a): $387.59 | Objetivo de VENTA (subida a): $424.31
2026-06-23 08:32:23,759 - INFO - El precio se mantiene dentro del rango. No se requieren acciones.
2026-06-23 08:33:23,920 - INFO - Precio actual de TSLA: $405.05
2026-06-23 08:33:23,920 - INFO - -> Última compra: $407.99 | Compras actuales: 1/10
2026-06-23 08:33:23,920 - INFO - -> Objetivo de COMPRA (caída a): $387.59 | Objetivo de VENTA (subida a): $424.31
2026-06-23 08:33:23,920 - INFO - El precio se mantiene dentro del rango. No se requieren acciones.
2026-06-23 08:34:24,083 - INFO - Precio actual de TSLA: $405.05
2026-06-23 08:34:24,083 - INFO - -> Última compra: $407.99 | Compras actuales: 1/10
2026-06-23 08:34:24,084 - INFO - -> Objetivo de COMPRA (caída a): $387.59 | Objetivo de VENTA (subida a): $424.31
2026-06-23 08:34:24,084 - INFO - El precio se mantiene dentro del rango. No se requieren acciones.
2026-06-23 08:35:24,251 - INFO - Precio actual de TSLA: $405.05
2026-06-23 08:35:24,251 - INFO - -> Última compra: $407.99 | Compras actuales: 1/10
2026-06-23 08:35:24,252 - INFO - -> Objetivo de COMPRA (caída a): $387.59 | Objetivo de VENTA (subida a): $424.31
2026-06-23 08:35:24,252 - INFO - El precio se mantiene dentro del rango. No se requieren acciones.
2026-06-23 08:36:24,414 - INFO - Precio actual de TSLA: $405.05
2026-06-23 08:36:24,415 - INFO - -> Última compra: $407.99 | Compras actuales: 1/10
2026-06-23 08:36:24,415 - INFO - -> Objetivo de COMPRA (caída a): $387.59 | Objetivo de VENTA (subida a): $424.31
2026-06-23 08:36:24,415 - INFO - El precio se mantiene dentro del rango. No se requieren acciones.
2026-06-23 08:37:24,580 - INFO - Precio actual de TSLA: $405.05
2026-06-23 08:37:24,581 - INFO - -> Última compra: $407.99 | Compras actuales: 1/10
2026-06-23 08:37:24,581 - INFO - -> Objetivo de COMPRA (caída a): $387.59 | Objetivo de VENTA (subida a): $424.31
2026-06-23 08:37:24,581 - INFO - El precio se mantiene dentro del rango. No se requieren acciones.
2026-06-23 08:38:24,752 - INFO - Precio actual de TSLA: $405.05
2026-06-23 08:38:24,752 - INFO - -> Última compra: $407.99 | Compras actuales: 1/10
2026-06-23 08:38:24,752 - INFO - -> Objetivo de COMPRA (caída a): $387.59 | Objetivo de VENTA (subida a): $424.31
2026-06-23 08:38:24,752 - INFO - El precio se mantiene dentro del rango. No se requieren acciones.
2026-06-23 08:39:24,917 - INFO - Precio actual de TSLA: $405.05
2026-06-23 08:39:24,917 - INFO - -> Última compra: $407.99 | Compras actuales: 1/10
2026-06-23 08:39:24,917 - INFO - -> Objetivo de COMPRA (caída a): $387.59 | Objetivo de VENTA (subida a): $424.31
2026-06-23 08:39:24,917 - INFO - El precio se mantiene dentro del rango. No se requieren acciones.
2026-06-23 08:40:25,084 - INFO - Precio actual de TSLA: $405.05
2026-06-23 08:40:25,084 - INFO - -> Última compra: $407.99 | Compras actuales: 1/10
2026-06-23 08:40:25,084 - INFO - -> Objetivo de COMPRA (caída a): $387.59 | Objetivo de VENTA (subida a): $424.31
2026-06-23 08:40:25,084 - INFO - El precio se mantiene dentro del rango. No se requieren acciones.
2026-06-23 08:41:04,502 - INFO - Precio actual de TSLA: $405.05
2026-06-23 08:41:04,503 - INFO - -> Última compra: $407.99 | Compras actuales: 1/10
2026-06-23 08:41:04,503 - INFO - -> Objetivo de COMPRA (caída a): $387.59 | Objetivo de VENTA (subida a): $424.31
2026-06-23 08:41:04,503 - INFO - El precio se mantiene dentro del rango. No se requieren acciones.
2026-06-23 08:41:25,247 - INFO - Precio actual de TSLA: $405.05
2026-06-23 08:41:25,247 - INFO - -> Última compra: $407.99 | Compras actuales: 1/10
2026-06-23 08:41:25,248 - INFO - -> Objetivo de COMPRA (caída a): $387.59 | Objetivo de VENTA (subida a): $424.31
2026-06-23 08:41:25,248 - INFO - El precio se mantiene dentro del rango. No se requieren acciones.
2026-06-23 08:42:25,424 - INFO - Precio actual de TSLA: $405.05
2026-06-23 08:42:25,424 - INFO - -> Última compra: $407.99 | Compras actuales: 1/10
2026-06-23 08:42:25,424 - INFO - -> Objetivo de COMPRA (caída a): $387.59 | Objetivo de VENTA (subida a): $424.31
2026-06-23 08:42:25,424 - INFO - El precio se mantiene dentro del rango. No se requieren acciones.
2026-06-23 08:43:25,598 - INFO - Precio actual de TSLA: $405.05
2026-06-23 08:43:25,598 - INFO - -> Última compra: $407.99 | Compras actuales: 1/10
2026-06-23 08:43:25,598 - INFO - -> Objetivo de COMPRA (caída a): $387.59 | Objetivo de VENTA (subida a): $424.31
2026-06-23 08:43:25,599 - INFO - El precio se mantiene dentro del rango. No se requieren acciones.
2026-06-23 08:44:25,777 - INFO - Precio actual de TSLA: $405.05
2026-06-23 08:44:25,778 - INFO - -> Última compra: $407.99 | Compras actuales: 1/10
2026-06-23 08:44:25,778 - INFO - -> Objetivo de COMPRA (caída a): $387.59 | Objetivo de VENTA (subida a): $424.31
2026-06-23 08:44:25,778 - INFO - El precio se mantiene dentro del rango. No se requieren acciones.
2026-06-23 08:45:25,956 - INFO - Precio actual de TSLA: $405.05
2026-06-23 08:45:25,956 - INFO - -> Última compra: $407.99 | Compras actuales: 1/10
2026-06-23 08:45:25,956 - INFO - -> Objetivo de COMPRA (caída a): $387.59 | Objetivo de VENTA (subida a): $424.31
2026-06-23 08:45:25,957 - INFO - El precio se mantiene dentro del rango. No se requieren acciones.
2026-06-23 08:46:26,137 - INFO - Precio actual de TSLA: $405.05
2026-06-23 08:46:26,137 - INFO - -> Última compra: $407.99 | Compras actuales: 1/10
2026-06-23 08:46:26,137 - INFO - -> Objetivo de COMPRA (caída a): $387.59 | Objetivo de VENTA (subida a): $424.31
2026-06-23 08:46:26,138 - INFO - El precio se mantiene dentro del rango. No se requieren acciones.
2026-06-23 08:47:26,316 - INFO - Precio actual de TSLA: $405.05
2026-06-23 08:47:26,316 - INFO - -> Última compra: $407.99 | Compras actuales: 1/10
2026-06-23 08:47:26,317 - INFO - -> Objetivo de COMPRA (caída a): $387.59 | Objetivo de VENTA (subida a): $424.31
2026-06-23 08:47:26,317 - INFO - El precio se mantiene dentro del rango. No se requieren acciones.
2026-06-23 08:48:26,492 - INFO - Precio actual de TSLA: $405.05
2026-06-23 08:48:26,492 - INFO - -> Última compra: $407.99 | Compras actuales: 1/10
2026-06-23 08:48:26,493 - INFO - -> Objetivo de COMPRA (caída a): $387.59 | Objetivo de VENTA (subida a): $424.31
2026-06-23 08:48:26,493 - INFO - El precio se mantiene dentro del rango. No se requieren acciones.
2026-06-23 08:49:26,670 - INFO - Precio actual de TSLA: $405.05
2026-06-23 08:49:26,670 - INFO - -> Última compra: $407.99 | Compras actuales: 1/10
2026-06-23 08:49:26,670 - INFO - -> Objetivo de COMPRA (caída a): $387.59 | Objetivo de VENTA (subida a): $424.31
2026-06-23 08:49:26,671 - INFO - El precio se mantiene dentro del rango. No se requieren acciones.
2026-06-23 08:50:26,853 - INFO - Precio actual de TSLA: $405.05
2026-06-23 08:50:26,853 - INFO - -> Última compra: $407.99 | Compras actuales: 1/10
2026-06-23 08:50:26,853 - INFO - -> Objetivo de COMPRA (caída a): $387.59 | Objetivo de VENTA (subida a): $424.31
2026-06-23 08:50:26,854 - INFO - El precio se mantiene dentro del rango. No se requieren acciones.
2026-06-23 08:51:27,031 - INFO - Precio actual de TSLA: $405.05
2026-06-23 08:51:27,031 - INFO - -> Última compra: $407.99 | Compras actuales: 1/10
2026-06-23 08:51:27,031 - INFO - -> Objetivo de COMPRA (caída a): $387.59 | Objetivo de VENTA (subida a): $424.31
2026-06-23 08:51:27,032 - INFO - El precio se mantiene dentro del rango. No se requieren acciones.
2026-06-23 08:52:27,211 - INFO - Precio actual de TSLA: $405.05
2026-06-23 08:52:27,211 - INFO - -> Última compra: $407.99 | Compras actuales: 1/10
2026-06-23 08:52:27,211 - INFO - -> Objetivo de COMPRA (caída a): $387.59 | Objetivo de VENTA (subida a): $424.31
2026-06-23 08:52:27,212 - INFO - El precio se mantiene dentro del rango. No se requieren acciones.
2026-06-23 08:53:27,384 - INFO - Precio actual de TSLA: $405.05
2026-06-23 08:53:27,384 - INFO - -> Última compra: $407.99 | Compras actuales: 1/10
2026-06-23 08:53:27,384 - INFO - -> Objetivo de COMPRA (caída a): $387.59 | Objetivo de VENTA (subida a): $424.31
2026-06-23 08:53:27,384 - INFO - El precio se mantiene dentro del rango. No se requieren acciones.
2026-06-23 08:54:27,559 - INFO - Precio actual de TSLA: $405.05
2026-06-23 08:54:27,559 - INFO - -> Última compra: $407.99 | Compras actuales: 1/10
2026-06-23 08:54:27,560 - INFO - -> Objetivo de COMPRA (caída a): $387.59 | Objetivo de VENTA (subida a): $424.31
2026-06-23 08:54:27,560 - INFO - El precio se mantiene dentro del rango. No se requieren acciones.
2026-06-23 08:55:27,738 - INFO - Precio actual de TSLA: $405.05
2026-06-23 08:55:27,738 - INFO - -> Última compra: $407.99 | Compras actuales: 1/10
2026-06-23 08:55:27,738 - INFO - -> Objetivo de COMPRA (caída a): $387.59 | Objetivo de VENTA (subida a): $424.31
2026-06-23 08:55:27,738 - INFO - El precio se mantiene dentro del rango. No se requieren acciones.
2026-06-23 08:56:27,915 - INFO - Precio actual de TSLA: $405.05
2026-06-23 08:56:27,916 - INFO - -> Última compra: $407.99 | Compras actuales: 1/10
2026-06-23 08:56:27,916 - INFO - -> Objetivo de COMPRA (caída a): $387.59 | Objetivo de VENTA (subida a): $424.31
2026-06-23 08:56:27,916 - INFO - El precio se mantiene dentro del rango. No se requieren acciones.
2026-06-23 08:57:28,098 - INFO - Precio actual de TSLA: $405.05
2026-06-23 08:57:28,099 - INFO - -> Última compra: $407.99 | Compras actuales: 1/10
2026-06-23 08:57:28,099 - INFO - -> Objetivo de COMPRA (caída a): $387.59 | Objetivo de VENTA (subida a): $424.31
2026-06-23 08:57:28,099 - INFO - El precio se mantiene dentro del rango. No se requieren acciones.
2026-06-23 08:58:28,279 - INFO - Precio actual de TSLA: $405.05
2026-06-23 08:58:28,280 - INFO - -> Última compra: $407.99 | Compras actuales: 1/10
2026-06-23 08:58:28,280 - INFO - -> Objetivo de COMPRA (caída a): $387.59 | Objetivo de VENTA (subida a): $424.31
2026-06-23 08:58:28,280 - INFO - El precio se mantiene dentro del rango. No se requieren acciones.
2026-06-23 08:59:28,454 - INFO - Precio actual de TSLA: $405.05
2026-06-23 08:59:28,454 - INFO - -> Última compra: $407.99 | Compras actuales: 1/10
2026-06-23 08:59:28,455 - INFO - -> Objetivo de COMPRA (caída a): $387.59 | Objetivo de VENTA (subida a): $424.31
2026-06-23 08:59:28,455 - INFO - El precio se mantiene dentro del rango. No se requieren acciones.
2026-06-23 09:00:28,639 - INFO - Precio actual de TSLA: $405.05
2026-06-23 09:00:28,640 - INFO - -> Última compra: $407.99 | Compras actuales: 1/10
2026-06-23 09:00:28,640 - INFO - -> Objetivo de COMPRA (caída a): $387.59 | Objetivo de VENTA (subida a): $424.31
2026-06-23 09:00:28,640 - INFO - El precio se mantiene dentro del rango. No se requieren acciones.
2026-06-23 09:01:05,385 - INFO - Precio actual de TSLA: $405.05
2026-06-23 09:01:05,385 - INFO - -> Última compra: $407.99 | Compras actuales: 1/10
2026-06-23 09:01:05,385 - INFO - -> Objetivo de COMPRA (caída a): $387.59 | Objetivo de VENTA (subida a): $424.31
2026-06-23 09:01:05,386 - INFO - El precio se mantiene dentro del rango. No se requieren acciones.
2026-06-23 09:01:28,818 - INFO - Precio actual de TSLA: $405.05
2026-06-23 09:01:28,818 - INFO - -> Última compra: $407.99 | Compras actuales: 1/10
2026-06-23 09:01:28,818 - INFO - -> Objetivo de COMPRA (caída a): $387.59 | Objetivo de VENTA (subida a): $424.31
2026-06-23 09:01:28,820 - INFO - El precio se mantiene dentro del rango. No se requieren acciones.
2026-06-23 09:02:28,995 - INFO - Precio actual de TSLA: $405.05
2026-06-23 09:02:28,995 - INFO - -> Última compra: $407.99 | Compras actuales: 1/10
2026-06-23 09:02:28,995 - INFO - -> Objetivo de COMPRA (caída a): $387.59 | Objetivo de VENTA (subida a): $424.31
2026-06-23 09:02:28,996 - INFO - El precio se mantiene dentro del rango. No se requieren acciones.
2026-06-23 09:03:29,165 - INFO - Precio actual de TSLA: $405.05
2026-06-23 09:03:29,165 - INFO - -> Última compra: $407.99 | Compras actuales: 1/10
2026-06-23 09:03:29,165 - INFO - -> Objetivo de COMPRA (caída a): $387.59 | Objetivo de VENTA (subida a): $424.31
2026-06-23 09:03:29,165 - INFO - El precio se mantiene dentro del rango. No se requieren acciones.
2026-06-23 09:04:29,335 - INFO - Precio actual de TSLA: $405.05
2026-06-23 09:04:29,335 - INFO - -> Última compra: $407.99 | Compras actuales: 1/10
2026-06-23 09:04:29,335 - INFO - -> Objetivo de COMPRA (caída a): $387.59 | Objetivo de VENTA (subida a): $424.31
2026-06-23 09:04:29,336 - INFO - El precio se mantiene dentro del rango. No se requieren acciones.
2026-06-23 09:05:29,531 - INFO - Precio actual de TSLA: $405.05
2026-06-23 09:05:29,531 - INFO - -> Última compra: $407.99 | Compras actuales: 1/10
2026-06-23 09:05:29,531 - INFO - -> Objetivo de COMPRA (caída a): $387.59 | Objetivo de VENTA (subida a): $424.31
2026-06-23 09:05:29,531 - INFO - El precio se mantiene dentro del rango. No se requieren acciones.
2026-06-23 09:06:29,703 - INFO - Precio actual de TSLA: $405.05
2026-06-23 09:06:29,703 - INFO - -> Última compra: $407.99 | Compras actuales: 1/10
2026-06-23 09:06:29,704 - INFO - -> Objetivo de COMPRA (caída a): $387.59 | Objetivo de VENTA (subida a): $424.31
2026-06-23 09:06:29,704 - INFO - El precio se mantiene dentro del rango. No se requieren acciones.
2026-06-23 09:07:29,879 - INFO - Precio actual de TSLA: $405.05
2026-06-23 09:07:29,879 - INFO - -> Última compra: $407.99 | Compras actuales: 1/10
2026-06-23 09:07:29,880 - INFO - -> Objetivo de COMPRA (caída a): $387.59 | Objetivo de VENTA (subida a): $424.31
2026-06-23 09:07:29,880 - INFO - El precio se mantiene dentro del rango. No se requieren acciones.
2026-06-23 09:08:30,054 - INFO - Precio actual de TSLA: $405.05
2026-06-23 09:08:30,055 - INFO - -> Última compra: $407.99 | Compras actuales: 1/10
2026-06-23 09:08:30,055 - INFO - -> Objetivo de COMPRA (caída a): $387.59 | Objetivo de VENTA (subida a): $424.31
2026-06-23 09:08:30,055 - INFO - El precio se mantiene dentro del rango. No se requieren acciones.
2026-06-23 12:38:45,143 - ERROR - Error al obtener el precio más reciente de TSLA: ('Connection aborted.', RemoteDisconnected('Remote end closed connection without response'))
2026-06-23 12:38:45,143 - WARNING - No se pudo obtener el precio actual. Reintentando en el próximo ciclo...
2026-06-23 12:39:45,751 - INFO - Precio actual de TSLA: $382.53
2026-06-23 12:39:45,751 - INFO - -> Última compra: $407.99 | Compras actuales: 1/10
2026-06-23 12:39:45,751 - INFO - -> Objetivo de COMPRA (caída a): $387.59 | Objetivo de VENTA (subida a): $424.31
2026-06-23 12:39:45,752 - INFO - ¡Condición de compra detectada! Precio actual $382.53 <= Objetivo $387.59
2026-06-23 12:39:45,753 - INFO - Enviando orden de COMPRA a mercado para TSLA por $10000.0 USD...
2026-06-23 12:39:46,386 - INFO - Orden de compra enviada. ID: ac43b979-4e6b-47e9-b7d0-e7ef27bccc8a. Esperando ejecución...
2026-06-23 12:39:47,736 - INFO - ¡COMPRA COMPLETADA! Precio Promedio: $382.63, Acciones: 26.134882
2026-06-23 12:39:47,737 - INFO - Nueva compra registrada a $382.63. Total compras: 2
2026-06-23 12:40:47,919 - INFO - Precio actual de TSLA: $382.25
2026-06-23 12:40:47,919 - INFO - -> Última compra: $382.63 | Compras actuales: 2/10
2026-06-23 12:40:47,919 - INFO - -> Objetivo de COMPRA (caída a): $363.50 | Objetivo de VENTA (subida a): $397.94
2026-06-23 12:40:47,919 - INFO - El precio se mantiene dentro del rango. No se requieren acciones.
2026-06-23 12:41:48,080 - INFO - Precio actual de TSLA: $382.67
2026-06-23 12:41:48,080 - INFO - -> Última compra: $382.63 | Compras actuales: 2/10
2026-06-23 12:41:48,080 - INFO - -> Objetivo de COMPRA (caída a): $363.50 | Objetivo de VENTA (subida a): $397.94
2026-06-23 12:41:48,080 - INFO - El precio se mantiene dentro del rango. No se requieren acciones.
2026-06-23 12:42:48,250 - INFO - Precio actual de TSLA: $382.58
2026-06-23 12:42:48,251 - INFO - -> Última compra: $382.63 | Compras actuales: 2/10
2026-06-23 12:42:48,251 - INFO - -> Objetivo de COMPRA (caída a): $363.50 | Objetivo de VENTA (subida a): $397.94
2026-06-23 12:42:48,251 - INFO - El precio se mantiene dentro del rango. No se requieren acciones.
2026-06-23 12:43:48,424 - INFO - Precio actual de TSLA: $382.26
2026-06-23 12:43:48,424 - INFO - -> Última compra: $382.63 | Compras actuales: 2/10
2026-06-23 12:43:48,424 - INFO - -> Objetivo de COMPRA (caída a): $363.50 | Objetivo de VENTA (subida a): $397.94
2026-06-23 12:43:48,424 - INFO - El precio se mantiene dentro del rango. No se requieren acciones.
2026-06-23 12:44:48,596 - INFO - Precio actual de TSLA: $382.75
2026-06-23 12:44:48,597 - INFO - -> Última compra: $382.63 | Compras actuales: 2/10
2026-06-23 12:44:48,597 - INFO - -> Objetivo de COMPRA (caída a): $363.50 | Objetivo de VENTA (subida a): $397.94
2026-06-23 12:44:48,597 - INFO - El precio se mantiene dentro del rango. No se requieren acciones.
2026-06-23 12:44:51,283 - INFO - Precio actual de TSLA: $382.78
2026-06-23 12:44:51,283 - INFO - -> Última compra: $382.63 | Compras actuales: 2/10
2026-06-23 12:44:51,283 - INFO - -> Objetivo de COMPRA (caída a): $363.50 | Objetivo de VENTA (subida a): $397.94
2026-06-23 12:44:51,284 - INFO - El precio se mantiene dentro del rango. No se requieren acciones.
2026-06-23 12:45:48,772 - INFO - Precio actual de TSLA: $382.89
2026-06-23 12:45:48,772 - INFO - -> Última compra: $382.63 | Compras actuales: 2/10
2026-06-23 12:45:48,772 - INFO - -> Objetivo de COMPRA (caída a): $363.50 | Objetivo de VENTA (subida a): $397.94
2026-06-23 12:45:48,772 - INFO - El precio se mantiene dentro del rango. No se requieren acciones.
2026-06-23 12:46:48,942 - INFO - Precio actual de TSLA: $382.83
2026-06-23 12:46:48,942 - INFO - -> Última compra: $382.63 | Compras actuales: 2/10
2026-06-23 12:46:48,943 - INFO - -> Objetivo de COMPRA (caída a): $363.50 | Objetivo de VENTA (subida a): $397.94
2026-06-23 12:46:48,943 - INFO - El precio se mantiene dentro del rango. No se requieren acciones.
2026-06-23 12:47:49,120 - INFO - Precio actual de TSLA: $382.72
2026-06-23 12:47:49,120 - INFO - -> Última compra: $382.63 | Compras actuales: 2/10
2026-06-23 12:47:49,120 - INFO - -> Objetivo de COMPRA (caída a): $363.50 | Objetivo de VENTA (subida a): $397.94
2026-06-23 12:47:49,120 - INFO - El precio se mantiene dentro del rango. No se requieren acciones.
2026-06-23 12:48:49,288 - INFO - Precio actual de TSLA: $382.83
2026-06-23 12:48:49,289 - INFO - -> Última compra: $382.63 | Compras actuales: 2/10
2026-06-23 12:48:49,289 - INFO - -> Objetivo de COMPRA (caída a): $363.50 | Objetivo de VENTA (subida a): $397.94
2026-06-23 12:48:49,289 - INFO - El precio se mantiene dentro del rango. No se requieren acciones.
2026-06-23 12:49:49,454 - INFO - Precio actual de TSLA: $382.58
2026-06-23 12:49:49,455 - INFO - -> Última compra: $382.63 | Compras actuales: 2/10
2026-06-23 12:49:49,456 - INFO - -> Objetivo de COMPRA (caída a): $363.50 | Objetivo de VENTA (subida a): $397.94
2026-06-23 12:49:49,456 - INFO - El precio se mantiene dentro del rango. No se requieren acciones.
2026-06-23 12:50:49,619 - INFO - Precio actual de TSLA: $382.70
2026-06-23 12:50:49,619 - INFO - -> Última compra: $382.63 | Compras actuales: 2/10
2026-06-23 12:50:49,620 - INFO - -> Objetivo de COMPRA (caída a): $363.50 | Objetivo de VENTA (subida a): $397.94
2026-06-23 12:50:49,620 - INFO - El precio se mantiene dentro del rango. No se requieren acciones.
2026-06-23 12:51:49,781 - INFO - Precio actual de TSLA: $383.12
2026-06-23 12:51:49,783 - INFO - -> Última compra: $382.63 | Compras actuales: 2/10
2026-06-23 12:51:49,783 - INFO - -> Objetivo de COMPRA (caída a): $363.50 | Objetivo de VENTA (subida a): $397.94
2026-06-23 12:51:49,783 - INFO - El precio se mantiene dentro del rango. No se requieren acciones.
2026-06-23 12:52:49,954 - INFO - Precio actual de TSLA: $383.23
2026-06-23 12:52:49,955 - INFO - -> Última compra: $382.63 | Compras actuales: 2/10
2026-06-23 12:52:49,955 - INFO - -> Objetivo de COMPRA (caída a): $363.50 | Objetivo de VENTA (subida a): $397.94
2026-06-23 12:52:49,955 - INFO - El precio se mantiene dentro del rango. No se requieren acciones.
2026-06-23 12:53:50,123 - INFO - Precio actual de TSLA: $383.14
2026-06-23 12:53:50,123 - INFO - -> Última compra: $382.63 | Compras actuales: 2/10
2026-06-23 12:53:50,123 - INFO - -> Objetivo de COMPRA (caída a): $363.50 | Objetivo de VENTA (subida a): $397.94
2026-06-23 12:53:50,123 - INFO - El precio se mantiene dentro del rango. No se requieren acciones.
2026-06-23 12:54:50,288 - INFO - Precio actual de TSLA: $383.49
2026-06-23 12:54:50,289 - INFO - -> Última compra: $382.63 | Compras actuales: 2/10
2026-06-23 12:54:50,289 - INFO - -> Objetivo de COMPRA (caída a): $363.50 | Objetivo de VENTA (subida a): $397.94
2026-06-23 12:54:50,289 - INFO - El precio se mantiene dentro del rango. No se requieren acciones.
2026-06-23 12:55:50,450 - INFO - Precio actual de TSLA: $382.84
2026-06-23 12:55:50,450 - INFO - -> Última compra: $382.63 | Compras actuales: 2/10
2026-06-23 12:55:50,452 - INFO - -> Objetivo de COMPRA (caída a): $363.50 | Objetivo de VENTA (subida a): $397.94
2026-06-23 12:55:50,452 - INFO - El precio se mantiene dentro del rango. No se requieren acciones.
2026-06-23 12:56:50,617 - INFO - Precio actual de TSLA: $383.23
2026-06-23 12:56:50,617 - INFO - -> Última compra: $382.63 | Compras actuales: 2/10
2026-06-23 12:56:50,618 - INFO - -> Objetivo de COMPRA (caída a): $363.50 | Objetivo de VENTA (subida a): $397.94
2026-06-23 12:56:50,618 - INFO - El precio se mantiene dentro del rango. No se requieren acciones.
2026-06-23 12:57:50,784 - INFO - Precio actual de TSLA: $383.70
2026-06-23 12:57:50,785 - INFO - -> Última compra: $382.63 | Compras actuales: 2/10
2026-06-23 12:57:50,785 - INFO - -> Objetivo de COMPRA (caída a): $363.50 | Objetivo de VENTA (subida a): $397.94
2026-06-23 12:57:50,785 - INFO - El precio se mantiene dentro del rango. No se requieren acciones.
2026-06-23 12:58:50,958 - INFO - Precio actual de TSLA: $383.20
2026-06-23 12:58:50,959 - INFO - -> Última compra: $382.63 | Compras actuales: 2/10
2026-06-23 12:58:50,959 - INFO - -> Objetivo de COMPRA (caída a): $363.50 | Objetivo de VENTA (subida a): $397.94
2026-06-23 12:58:50,959 - INFO - El precio se mantiene dentro del rango. No se requieren acciones.
2026-06-23 12:59:51,127 - INFO - Precio actual de TSLA: $383.47
2026-06-23 12:59:51,127 - INFO - -> Última compra: $382.63 | Compras actuales: 2/10
2026-06-23 12:59:51,128 - INFO - -> Objetivo de COMPRA (caída a): $363.50 | Objetivo de VENTA (subida a): $397.94
2026-06-23 12:59:51,128 - INFO - El precio se mantiene dentro del rango. No se requieren acciones.
2026-06-23 13:00:51,327 - INFO - Precio actual de TSLA: $383.94
2026-06-23 13:00:51,327 - INFO - -> Última compra: $382.63 | Compras actuales: 2/10
2026-06-23 13:00:51,327 - INFO - -> Objetivo de COMPRA (caída a): $363.50 | Objetivo de VENTA (subida a): $397.94
2026-06-23 13:00:51,329 - INFO - El precio se mantiene dentro del rango. No se requieren acciones.
2026-06-23 13:01:51,496 - INFO - Precio actual de TSLA: $383.97
2026-06-23 13:01:51,496 - INFO - -> Última compra: $382.63 | Compras actuales: 2/10
2026-06-23 13:01:51,497 - INFO - -> Objetivo de COMPRA (caída a): $363.50 | Objetivo de VENTA (subida a): $397.94
2026-06-23 13:01:51,497 - INFO - El precio se mantiene dentro del rango. No se requieren acciones.
2026-06-23 13:02:51,715 - INFO - Precio actual de TSLA: $384.14
2026-06-23 13:02:51,715 - INFO - -> Última compra: $382.63 | Compras actuales: 2/10
2026-06-23 13:02:51,716 - INFO - -> Objetivo de COMPRA (caída a): $363.50 | Objetivo de VENTA (subida a): $397.94
2026-06-23 13:02:51,716 - INFO - El precio se mantiene dentro del rango. No se requieren acciones.
2026-06-23 13:03:51,879 - INFO - Precio actual de TSLA: $384.42
2026-06-23 13:03:51,879 - INFO - -> Última compra: $382.63 | Compras actuales: 2/10
2026-06-23 13:03:51,880 - INFO - -> Objetivo de COMPRA (caída a): $363.50 | Objetivo de VENTA (subida a): $397.94
2026-06-23 13:03:51,880 - INFO - El precio se mantiene dentro del rango. No se requieren acciones.
2026-06-23 13:48:29,753 - ERROR - Error al obtener el precio más reciente de TSLA: ('Connection aborted.', RemoteDisconnected('Remote end closed connection without response'))
2026-06-23 13:48:29,753 - WARNING - No se pudo obtener el precio actual. Reintentando en el próximo ciclo...
2026-06-23 13:48:30,241 - INFO - Precio actual de TSLA: $385.18
2026-06-23 13:48:30,241 - INFO - -> Última compra: $382.63 | Compras actuales: 2/10
2026-06-23 13:48:30,243 - INFO - -> Objetivo de COMPRA (caída a): $363.50 | Objetivo de VENTA (subida a): $397.94
2026-06-23 13:48:30,243 - INFO - El precio se mantiene dentro del rango. No se requieren acciones.
2026-06-23 13:49:30,273 - INFO - Precio actual de TSLA: $384.88
2026-06-23 13:49:30,273 - INFO - -> Última compra: $382.63 | Compras actuales: 2/10
2026-06-23 13:49:30,273 - INFO - -> Objetivo de COMPRA (caída a): $363.50 | Objetivo de VENTA (subida a): $397.94
2026-06-23 13:49:30,273 - INFO - El precio se mantiene dentro del rango. No se requieren acciones.
2026-06-23 13:50:30,436 - INFO - Precio actual de TSLA: $384.48
2026-06-23 13:50:30,437 - INFO - -> Última compra: $382.63 | Compras actuales: 2/10
2026-06-23 13:50:30,437 - INFO - -> Objetivo de COMPRA (caída a): $363.50 | Objetivo de VENTA (subida a): $397.94
2026-06-23 13:50:30,437 - INFO - El precio se mantiene dentro del rango. No se requieren acciones.
2026-06-23 13:51:30,754 - INFO - Precio actual de TSLA: $384.71
2026-06-23 13:51:30,754 - INFO - -> Última compra: $382.63 | Compras actuales: 2/10
2026-06-23 13:51:30,754 - INFO - -> Objetivo de COMPRA (caída a): $363.50 | Objetivo de VENTA (subida a): $397.94
2026-06-23 13:51:30,754 - INFO - El precio se mantiene dentro del rango. No se requieren acciones.
2026-06-23 13:52:30,922 - INFO - Precio actual de TSLA: $385.03
2026-06-23 13:52:30,922 - INFO - -> Última compra: $382.63 | Compras actuales: 2/10
2026-06-23 13:52:30,922 - INFO - -> Objetivo de COMPRA (caída a): $363.50 | Objetivo de VENTA (subida a): $397.94
2026-06-23 13:52:30,922 - INFO - El precio se mantiene dentro del rango. No se requieren acciones.
2026-06-23 13:53:31,091 - INFO - Precio actual de TSLA: $384.60
2026-06-23 13:53:31,091 - INFO - -> Última compra: $382.63 | Compras actuales: 2/10
2026-06-23 13:53:31,092 - INFO - -> Objetivo de COMPRA (caída a): $363.50 | Objetivo de VENTA (subida a): $397.94
2026-06-23 13:53:31,092 - INFO - El precio se mantiene dentro del rango. No se requieren acciones.
2026-06-23 13:54:31,252 - INFO - Precio actual de TSLA: $384.83
2026-06-23 13:54:31,253 - INFO - -> Última compra: $382.63 | Compras actuales: 2/10
2026-06-23 13:54:31,253 - INFO - -> Objetivo de COMPRA (caída a): $363.50 | Objetivo de VENTA (subida a): $397.94
2026-06-23 13:54:31,253 - INFO - El precio se mantiene dentro del rango. No se requieren acciones.
2026-06-23 13:55:31,418 - INFO - Precio actual de TSLA: $384.79
2026-06-23 13:55:31,418 - INFO - -> Última compra: $382.63 | Compras actuales: 2/10
2026-06-23 13:55:31,418 - INFO - -> Objetivo de COMPRA (caída a): $363.50 | Objetivo de VENTA (subida a): $397.94
2026-06-23 13:55:31,418 - INFO - El precio se mantiene dentro del rango. No se requieren acciones.
2026-06-23 13:56:31,586 - INFO - Precio actual de TSLA: $384.68
2026-06-23 13:56:31,586 - INFO - -> Última compra: $382.63 | Compras actuales: 2/10
2026-06-23 13:56:31,586 - INFO - -> Objetivo de COMPRA (caída a): $363.50 | Objetivo de VENTA (subida a): $397.94
2026-06-23 13:56:31,586 - INFO - El precio se mantiene dentro del rango. No se requieren acciones.
2026-06-23 13:57:31,761 - INFO - Precio actual de TSLA: $384.53
2026-06-23 13:57:31,762 - INFO - -> Última compra: $382.63 | Compras actuales: 2/10
2026-06-23 13:57:31,762 - INFO - -> Objetivo de COMPRA (caída a): $363.50 | Objetivo de VENTA (subida a): $397.94
2026-06-23 13:57:31,762 - INFO - El precio se mantiene dentro del rango. No se requieren acciones.
2026-06-23 13:58:31,926 - INFO - Precio actual de TSLA: $384.73
2026-06-23 13:58:31,927 - INFO - -> Última compra: $382.63 | Compras actuales: 2/10
2026-06-23 13:58:31,927 - INFO - -> Objetivo de COMPRA (caída a): $363.50 | Objetivo de VENTA (subida a): $397.94
2026-06-23 13:58:31,927 - INFO - El precio se mantiene dentro del rango. No se requieren acciones.
2026-06-23 13:59:32,115 - INFO - Precio actual de TSLA: $385.34
2026-06-23 13:59:32,115 - INFO - -> Última compra: $382.63 | Compras actuales: 2/10
2026-06-23 13:59:32,115 - INFO - -> Objetivo de COMPRA (caída a): $363.50 | Objetivo de VENTA (subida a): $397.94
2026-06-23 13:59:32,115 - INFO - El precio se mantiene dentro del rango. No se requieren acciones.
2026-06-23 14:00:32,281 - INFO - Precio actual de TSLA: $385.16
2026-06-23 14:00:32,281 - INFO - -> Última compra: $382.63 | Compras actuales: 2/10
2026-06-23 14:00:32,281 - INFO - -> Objetivo de COMPRA (caída a): $363.50 | Objetivo de VENTA (subida a): $397.94
2026-06-23 14:00:32,281 - INFO - El precio se mantiene dentro del rango. No se requieren acciones.
2026-06-23 14:01:32,444 - INFO - Precio actual de TSLA: $384.82
2026-06-23 14:01:32,444 - INFO - -> Última compra: $382.63 | Compras actuales: 2/10
2026-06-23 14:01:32,445 - INFO - -> Objetivo de COMPRA (caída a): $363.50 | Objetivo de VENTA (subida a): $397.94
2026-06-23 14:01:32,445 - INFO - El precio se mantiene dentro del rango. No se requieren acciones.
2026-06-23 14:02:32,608 - INFO - Precio actual de TSLA: $384.21
2026-06-23 14:02:32,608 - INFO - -> Última compra: $382.63 | Compras actuales: 2/10
2026-06-23 14:02:32,608 - INFO - -> Objetivo de COMPRA (caída a): $363.50 | Objetivo de VENTA (subida a): $397.94
2026-06-23 14:02:32,608 - INFO - El precio se mantiene dentro del rango. No se requieren acciones.
2026-06-23 14:03:32,783 - INFO - Precio actual de TSLA: $384.43
2026-06-23 14:03:32,783 - INFO - -> Última compra: $382.63 | Compras actuales: 2/10
2026-06-23 14:03:32,783 - INFO - -> Objetivo de COMPRA (caída a): $363.50 | Objetivo de VENTA (subida a): $397.94
2026-06-23 14:03:32,784 - INFO - El precio se mantiene dentro del rango. No se requieren acciones.
2026-06-23 14:04:32,947 - INFO - Precio actual de TSLA: $384.08
2026-06-23 14:04:32,947 - INFO - -> Última compra: $382.63 | Compras actuales: 2/10
2026-06-23 14:04:32,947 - INFO - -> Objetivo de COMPRA (caída a): $363.50 | Objetivo de VENTA (subida a): $397.94
2026-06-23 14:04:32,947 - INFO - El precio se mantiene dentro del rango. No se requieren acciones.
2026-06-23 14:05:33,125 - INFO - Precio actual de TSLA: $384.19
2026-06-23 14:05:33,126 - INFO - -> Última compra: $382.63 | Compras actuales: 2/10
2026-06-23 14:05:33,126 - INFO - -> Objetivo de COMPRA (caída a): $363.50 | Objetivo de VENTA (subida a): $397.94
2026-06-23 14:05:33,126 - INFO - El precio se mantiene dentro del rango. No se requieren acciones.
2026-06-23 14:06:33,296 - INFO - Precio actual de TSLA: $384.13
2026-06-23 14:06:33,296 - INFO - -> Última compra: $382.63 | Compras actuales: 2/10
2026-06-23 14:06:33,297 - INFO - -> Objetivo de COMPRA (caída a): $363.50 | Objetivo de VENTA (subida a): $397.94
2026-06-23 14:06:33,297 - INFO - El precio se mantiene dentro del rango. No se requieren acciones.
2026-06-23 14:07:33,464 - INFO - Precio actual de TSLA: $384.06
2026-06-23 14:07:33,465 - INFO - -> Última compra: $382.63 | Compras actuales: 2/10
2026-06-23 14:07:33,465 - INFO - -> Objetivo de COMPRA (caída a): $363.50 | Objetivo de VENTA (subida a): $397.94
2026-06-23 14:07:33,465 - INFO - El precio se mantiene dentro del rango. No se requieren acciones.
2026-06-23 14:08:30,875 - INFO - Precio actual de TSLA: $384.19
2026-06-23 14:08:30,876 - INFO - -> Última compra: $382.63 | Compras actuales: 2/10
2026-06-23 14:08:30,876 - INFO - -> Objetivo de COMPRA (caída a): $363.50 | Objetivo de VENTA (subida a): $397.94
2026-06-23 14:08:30,876 - INFO - El precio se mantiene dentro del rango. No se requieren acciones.
2026-06-23 14:08:33,651 - INFO - Precio actual de TSLA: $384.29
2026-06-23 14:08:33,652 - INFO - -> Última compra: $382.63 | Compras actuales: 2/10
2026-06-23 14:08:33,652 - INFO - -> Objetivo de COMPRA (caída a): $363.50 | Objetivo de VENTA (subida a): $397.94
2026-06-23 14:08:33,652 - INFO - El precio se mantiene dentro del rango. No se requieren acciones.
2026-06-23 14:09:33,830 - INFO - Precio actual de TSLA: $384.45
2026-06-23 14:09:33,830 - INFO - -> Última compra: $382.63 | Compras actuales: 2/10
2026-06-23 14:09:33,830 - INFO - -> Objetivo de COMPRA (caída a): $363.50 | Objetivo de VENTA (subida a): $397.94
2026-06-23 14:09:33,831 - INFO - El precio se mantiene dentro del rango. No se requieren acciones.
2026-06-23 14:10:33,995 - INFO - Precio actual de TSLA: $385.01
2026-06-23 14:10:33,996 - INFO - -> Última compra: $382.63 | Compras actuales: 2/10
2026-06-23 14:10:33,996 - INFO - -> Objetivo de COMPRA (caída a): $363.50 | Objetivo de VENTA (subida a): $397.94
2026-06-23 14:10:33,996 - INFO - El precio se mantiene dentro del rango. No se requieren acciones.
2026-06-23 14:11:34,155 - INFO - Precio actual de TSLA: $385.51
2026-06-23 14:11:34,155 - INFO - -> Última compra: $382.63 | Compras actuales: 2/10
2026-06-23 14:11:34,156 - INFO - -> Objetivo de COMPRA (caída a): $363.50 | Objetivo de VENTA (subida a): $397.94
2026-06-23 14:11:34,156 - INFO - El precio se mantiene dentro del rango. No se requieren acciones.
2026-06-23 14:12:34,328 - INFO - Precio actual de TSLA: $385.27
2026-06-23 14:12:34,328 - INFO - -> Última compra: $382.63 | Compras actuales: 2/10
2026-06-23 14:12:34,329 - INFO - -> Objetivo de COMPRA (caída a): $363.50 | Objetivo de VENTA (subida a): $397.94
2026-06-23 14:12:34,329 - INFO - El precio se mantiene dentro del rango. No se requieren acciones.
2026-06-23 14:13:34,503 - INFO - Precio actual de TSLA: $384.96
2026-06-23 14:13:34,503 - INFO - -> Última compra: $382.63 | Compras actuales: 2/10
2026-06-23 14:13:34,503 - INFO - -> Objetivo de COMPRA (caída a): $363.50 | Objetivo de VENTA (subida a): $397.94
2026-06-23 14:13:34,503 - INFO - El precio se mantiene dentro del rango. No se requieren acciones.
2026-06-23 14:14:34,677 - INFO - Precio actual de TSLA: $384.81
2026-06-23 14:14:34,678 - INFO - -> Última compra: $382.63 | Compras actuales: 2/10
2026-06-23 14:14:34,678 - INFO - -> Objetivo de COMPRA (caída a): $363.50 | Objetivo de VENTA (subida a): $397.94
2026-06-23 14:14:34,679 - INFO - El precio se mantiene dentro del rango. No se requieren acciones.
2026-06-23 14:15:34,859 - INFO - Precio actual de TSLA: $384.85
2026-06-23 14:15:34,859 - INFO - -> Última compra: $382.63 | Compras actuales: 2/10
2026-06-23 14:15:34,860 - INFO - -> Objetivo de COMPRA (caída a): $363.50 | Objetivo de VENTA (subida a): $397.94
2026-06-23 14:15:34,860 - INFO - El precio se mantiene dentro del rango. No se requieren acciones.
2026-06-23 14:16:35,028 - INFO - Precio actual de TSLA: $385.25
2026-06-23 14:16:35,029 - INFO - -> Última compra: $382.63 | Compras actuales: 2/10
2026-06-23 14:16:35,029 - INFO - -> Objetivo de COMPRA (caída a): $363.50 | Objetivo de VENTA (subida a): $397.94
2026-06-23 14:16:35,029 - INFO - El precio se mantiene dentro del rango. No se requieren acciones.
2026-06-23 14:17:35,606 - INFO - Precio actual de TSLA: $384.69
2026-06-23 14:17:35,606 - INFO - -> Última compra: $382.63 | Compras actuales: 2/10
2026-06-23 14:17:35,606 - INFO - -> Objetivo de COMPRA (caída a): $363.50 | Objetivo de VENTA (subida a): $397.94
2026-06-23 14:17:35,606 - INFO - El precio se mantiene dentro del rango. No se requieren acciones.
2026-06-23 14:18:36,090 - INFO - Precio actual de TSLA: $384.65
2026-06-23 14:18:36,091 - INFO - -> Última compra: $382.63 | Compras actuales: 2/10
2026-06-23 14:18:36,091 - INFO - -> Objetivo de COMPRA (caída a): $363.50 | Objetivo de VENTA (subida a): $397.94
2026-06-23 14:18:36,091 - INFO - El precio se mantiene dentro del rango. No se requieren acciones.
2026-06-23 14:19:36,257 - INFO - Precio actual de TSLA: $384.55
2026-06-23 14:19:36,258 - INFO - -> Última compra: $382.63 | Compras actuales: 2/10
2026-06-23 14:19:36,258 - INFO - -> Objetivo de COMPRA (caída a): $363.50 | Objetivo de VENTA (subida a): $397.94
2026-06-23 14:19:36,258 - INFO - El precio se mantiene dentro del rango. No se requieren acciones.
2026-06-23 14:20:36,429 - INFO - Precio actual de TSLA: $384.82
2026-06-23 14:20:36,429 - INFO - -> Última compra: $382.63 | Compras actuales: 2/10
2026-06-23 14:20:36,429 - INFO - -> Objetivo de COMPRA (caída a): $363.50 | Objetivo de VENTA (subida a): $397.94
2026-06-23 14:20:36,429 - INFO - El precio se mantiene dentro del rango. No se requieren acciones.
2026-06-23 14:21:36,606 - INFO - Precio actual de TSLA: $385.38
2026-06-23 14:21:36,606 - INFO - -> Última compra: $382.63 | Compras actuales: 2/10
2026-06-23 14:21:36,607 - INFO - -> Objetivo de COMPRA (caída a): $363.50 | Objetivo de VENTA (subida a): $397.94
2026-06-23 14:21:36,607 - INFO - El precio se mantiene dentro del rango. No se requieren acciones.
2026-06-23 14:22:36,796 - INFO - Precio actual de TSLA: $385.34
2026-06-23 14:22:36,797 - INFO - -> Última compra: $382.63 | Compras actuales: 2/10
2026-06-23 14:22:36,797 - INFO - -> Objetivo de COMPRA (caída a): $363.50 | Objetivo de VENTA (subida a): $397.94
2026-06-23 14:22:36,797 - INFO - El precio se mantiene dentro del rango. No se requieren acciones.
2026-06-23 14:23:36,970 - INFO - Precio actual de TSLA: $385.43
2026-06-23 14:23:36,971 - INFO - -> Última compra: $382.63 | Compras actuales: 2/10
2026-06-23 14:23:36,971 - INFO - -> Objetivo de COMPRA (caída a): $363.50 | Objetivo de VENTA (subida a): $397.94
2026-06-23 14:23:36,972 - INFO - El precio se mantiene dentro del rango. No se requieren acciones.
2026-06-23 14:24:37,144 - INFO - Precio actual de TSLA: $385.37
2026-06-23 14:24:37,145 - INFO - -> Última compra: $382.63 | Compras actuales: 2/10
2026-06-23 14:24:37,145 - INFO - -> Objetivo de COMPRA (caída a): $363.50 | Objetivo de VENTA (subida a): $397.94
2026-06-23 14:24:37,145 - INFO - El precio se mantiene dentro del rango. No se requieren acciones.
2026-06-23 14:25:37,328 - INFO - Precio actual de TSLA: $385.32
2026-06-23 14:25:37,328 - INFO - -> Última compra: $382.63 | Compras actuales: 2/10
2026-06-23 14:25:37,329 - INFO - -> Objetivo de COMPRA (caída a): $363.50 | Objetivo de VENTA (subida a): $397.94
2026-06-23 14:25:37,329 - INFO - El precio se mantiene dentro del rango. No se requieren acciones.
2026-06-23 14:26:37,515 - INFO - Precio actual de TSLA: $385.08
2026-06-23 14:26:37,516 - INFO - -> Última compra: $382.63 | Compras actuales: 2/10
2026-06-23 14:26:37,516 - INFO - -> Objetivo de COMPRA (caída a): $363.50 | Objetivo de VENTA (subida a): $397.94
2026-06-23 14:26:37,516 - INFO - El precio se mantiene dentro del rango. No se requieren acciones.
2026-06-23 14:27:37,687 - INFO - Precio actual de TSLA: $385.33
2026-06-23 14:27:37,688 - INFO - -> Última compra: $382.63 | Compras actuales: 2/10
2026-06-23 14:27:37,688 - INFO - -> Objetivo de COMPRA (caída a): $363.50 | Objetivo de VENTA (subida a): $397.94
2026-06-23 14:27:37,688 - INFO - El precio se mantiene dentro del rango. No se requieren acciones.
2026-06-23 14:28:33,223 - INFO - Precio actual de TSLA: $385.36
2026-06-23 14:28:33,223 - INFO - -> Última compra: $382.63 | Compras actuales: 2/10
2026-06-23 14:28:33,224 - INFO - -> Objetivo de COMPRA (caída a): $363.50 | Objetivo de VENTA (subida a): $397.94
2026-06-23 14:28:33,224 - INFO - El precio se mantiene dentro del rango. No se requieren acciones.
2026-06-23 14:28:37,857 - INFO - Precio actual de TSLA: $385.52
2026-06-23 14:28:37,857 - INFO - -> Última compra: $382.63 | Compras actuales: 2/10
2026-06-23 14:28:37,858 - INFO - -> Objetivo de COMPRA (caída a): $363.50 | Objetivo de VENTA (subida a): $397.94
2026-06-23 14:28:37,858 - INFO - El precio se mantiene dentro del rango. No se requieren acciones.
2026-06-23 14:29:38,036 - INFO - Precio actual de TSLA: $385.23
2026-06-23 14:29:38,037 - INFO - -> Última compra: $382.63 | Compras actuales: 2/10
2026-06-23 14:29:38,038 - INFO - -> Objetivo de COMPRA (caída a): $363.50 | Objetivo de VENTA (subida a): $397.94
2026-06-23 14:29:38,038 - INFO - El precio se mantiene dentro del rango. No se requieren acciones.
2026-06-23 14:30:38,221 - INFO - Precio actual de TSLA: $385.05
2026-06-23 14:30:38,221 - INFO - -> Última compra: $382.63 | Compras actuales: 2/10
2026-06-23 14:30:38,222 - INFO - -> Objetivo de COMPRA (caída a): $363.50 | Objetivo de VENTA (subida a): $397.94
2026-06-23 14:30:38,222 - INFO - El precio se mantiene dentro del rango. No se requieren acciones.
2026-06-23 14:31:38,396 - INFO - Precio actual de TSLA: $384.72
2026-06-23 14:31:38,396 - INFO - -> Última compra: $382.63 | Compras actuales: 2/10
2026-06-23 14:31:38,396 - INFO - -> Objetivo de COMPRA (caída a): $363.50 | Objetivo de VENTA (subida a): $397.94
2026-06-23 14:31:38,396 - INFO - El precio se mantiene dentro del rango. No se requieren acciones.
2026-06-23 14:32:38,565 - INFO - Precio actual de TSLA: $385.15
2026-06-23 14:32:38,566 - INFO - -> Última compra: $382.63 | Compras actuales: 2/10
2026-06-23 14:32:38,566 - INFO - -> Objetivo de COMPRA (caída a): $363.50 | Objetivo de VENTA (subida a): $397.94
2026-06-23 14:32:38,566 - INFO - El precio se mantiene dentro del rango. No se requieren acciones.
2026-06-23 14:33:38,755 - INFO - Precio actual de TSLA: $385.10
2026-06-23 14:33:38,755 - INFO - -> Última compra: $382.63 | Compras actuales: 2/10
2026-06-23 14:33:38,755 - INFO - -> Objetivo de COMPRA (caída a): $363.50 | Objetivo de VENTA (subida a): $397.94
2026-06-23 14:33:38,755 - INFO - El precio se mantiene dentro del rango. No se requieren acciones.
2026-06-23 14:34:39,770 - INFO - Precio actual de TSLA: $385.25
2026-06-23 14:34:39,770 - INFO - -> Última compra: $382.63 | Compras actuales: 2/10
2026-06-23 14:34:39,771 - INFO - -> Objetivo de COMPRA (caída a): $363.50 | Objetivo de VENTA (subida a): $397.94
2026-06-23 14:34:39,771 - INFO - El precio se mantiene dentro del rango. No se requieren acciones.
2026-06-23 14:35:39,944 - INFO - Precio actual de TSLA: $385.65
2026-06-23 14:35:39,944 - INFO - -> Última compra: $382.63 | Compras actuales: 2/10
2026-06-23 14:35:39,944 - INFO - -> Objetivo de COMPRA (caída a): $363.50 | Objetivo de VENTA (subida a): $397.94
2026-06-23 14:35:39,945 - INFO - El precio se mantiene dentro del rango. No se requieren acciones.
2026-06-23 14:36:40,420 - INFO - Precio actual de TSLA: $385.56
2026-06-23 14:36:40,420 - INFO - -> Última compra: $382.63 | Compras actuales: 2/10
2026-06-23 14:36:40,421 - INFO - -> Objetivo de COMPRA (caída a): $363.50 | Objetivo de VENTA (subida a): $397.94
2026-06-23 14:36:40,421 - INFO - El precio se mantiene dentro del rango. No se requieren acciones.
2026-06-23 14:37:40,590 - INFO - Precio actual de TSLA: $385.40
2026-06-23 14:37:40,590 - INFO - -> Última compra: $382.63 | Compras actuales: 2/10
2026-06-23 14:37:40,590 - INFO - -> Objetivo de COMPRA (caída a): $363.50 | Objetivo de VENTA (subida a): $397.94
2026-06-23 14:37:40,591 - INFO - El precio se mantiene dentro del rango. No se requieren acciones.
2026-06-23 14:38:41,176 - INFO - Precio actual de TSLA: $385.31
2026-06-23 14:38:41,176 - INFO - -> Última compra: $382.63 | Compras actuales: 2/10
2026-06-23 14:38:41,176 - INFO - -> Objetivo de COMPRA (caída a): $363.50 | Objetivo de VENTA (subida a): $397.94
2026-06-23 14:38:41,176 - INFO - El precio se mantiene dentro del rango. No se requieren acciones.
2026-06-23 14:39:41,353 - INFO - Precio actual de TSLA: $385.25
2026-06-23 14:39:41,353 - INFO - -> Última compra: $382.63 | Compras actuales: 2/10
2026-06-23 14:39:41,354 - INFO - -> Objetivo de COMPRA (caída a): $363.50 | Objetivo de VENTA (subida a): $397.94
2026-06-23 14:39:41,354 - INFO - El precio se mantiene dentro del rango. No se requieren acciones.
2026-06-23 14:40:41,523 - INFO - Precio actual de TSLA: $384.92
2026-06-23 14:40:41,523 - INFO - -> Última compra: $382.63 | Compras actuales: 2/10
2026-06-23 14:40:41,523 - INFO - -> Objetivo de COMPRA (caída a): $363.50 | Objetivo de VENTA (subida a): $397.94
2026-06-23 14:40:41,524 - INFO - El precio se mantiene dentro del rango. No se requieren acciones.
2026-06-23 14:41:41,691 - INFO - Precio actual de TSLA: $384.60
2026-06-23 14:41:41,691 - INFO - -> Última compra: $382.63 | Compras actuales: 2/10
2026-06-23 14:41:41,691 - INFO - -> Objetivo de COMPRA (caída a): $363.50 | Objetivo de VENTA (subida a): $397.94
2026-06-23 14:41:41,691 - INFO - El precio se mantiene dentro del rango. No se requieren acciones.
2026-06-23 14:42:41,868 - INFO - Precio actual de TSLA: $384.63
2026-06-23 14:42:41,868 - INFO - -> Última compra: $382.63 | Compras actuales: 2/10
2026-06-23 14:42:41,868 - INFO - -> Objetivo de COMPRA (caída a): $363.50 | Objetivo de VENTA (subida a): $397.94
2026-06-23 14:42:41,870 - INFO - El precio se mantiene dentro del rango. No se requieren acciones.
2026-06-23 14:43:42,044 - INFO - Precio actual de TSLA: $384.81
2026-06-23 14:43:42,045 - INFO - -> Última compra: $382.63 | Compras actuales: 2/10
2026-06-23 14:43:42,045 - INFO - -> Objetivo de COMPRA (caída a): $363.50 | Objetivo de VENTA (subida a): $397.94
2026-06-23 14:43:42,045 - INFO - El precio se mantiene dentro del rango. No se requieren acciones.
2026-06-23 14:44:42,223 - INFO - Precio actual de TSLA: $384.64
2026-06-23 14:44:42,224 - INFO - -> Última compra: $382.63 | Compras actuales: 2/10
2026-06-23 14:44:42,224 - INFO - -> Objetivo de COMPRA (caída a): $363.50 | Objetivo de VENTA (subida a): $397.94
2026-06-23 14:44:42,225 - INFO - El precio se mantiene dentro del rango. No se requieren acciones.
2026-06-23 14:45:42,424 - INFO - Precio actual de TSLA: $384.53
2026-06-23 14:45:42,425 - INFO - -> Última compra: $382.63 | Compras actuales: 2/10
2026-06-23 14:45:42,425 - INFO - -> Objetivo de COMPRA (caída a): $363.50 | Objetivo de VENTA (subida a): $397.94
2026-06-23 14:45:42,425 - INFO - El precio se mantiene dentro del rango. No se requieren acciones.
2026-06-23 14:46:42,600 - INFO - Precio actual de TSLA: $384.03
2026-06-23 14:46:42,600 - INFO - -> Última compra: $382.63 | Compras actuales: 2/10
2026-06-23 14:46:42,600 - INFO - -> Objetivo de COMPRA (caída a): $363.50 | Objetivo de VENTA (subida a): $397.94
2026-06-23 14:46:42,600 - INFO - El precio se mantiene dentro del rango. No se requieren acciones.
2026-06-23 14:47:42,776 - INFO - Precio actual de TSLA: $383.87
2026-06-23 14:47:42,777 - INFO - -> Última compra: $382.63 | Compras actuales: 2/10
2026-06-23 14:47:42,777 - INFO - -> Objetivo de COMPRA (caída a): $363.50 | Objetivo de VENTA (subida a): $397.94
2026-06-23 14:47:42,777 - INFO - El precio se mantiene dentro del rango. No se requieren acciones.
2026-06-23 14:48:34,008 - INFO - Precio actual de TSLA: $383.85
2026-06-23 14:48:34,010 - INFO - -> Última compra: $382.63 | Compras actuales: 2/10
2026-06-23 14:48:34,010 - INFO - -> Objetivo de COMPRA (caída a): $363.50 | Objetivo de VENTA (subida a): $397.94
2026-06-23 14:48:34,010 - INFO - El precio se mantiene dentro del rango. No se requieren acciones.
2026-06-23 14:48:42,949 - INFO - Precio actual de TSLA: $383.76
2026-06-23 14:48:42,949 - INFO - -> Última compra: $382.63 | Compras actuales: 2/10
2026-06-23 14:48:42,950 - INFO - -> Objetivo de COMPRA (caída a): $363.50 | Objetivo de VENTA (subida a): $397.94
2026-06-23 14:48:42,950 - INFO - El precio se mantiene dentro del rango. No se requieren acciones.
2026-06-23 14:49:43,140 - INFO - Precio actual de TSLA: $383.95
2026-06-23 14:49:43,140 - INFO - -> Última compra: $382.63 | Compras actuales: 2/10
2026-06-23 14:49:43,141 - INFO - -> Objetivo de COMPRA (caída a): $363.50 | Objetivo de VENTA (subida a): $397.94
2026-06-23 14:49:43,141 - INFO - El precio se mantiene dentro del rango. No se requieren acciones.
2026-06-23 14:50:44,698 - INFO - Precio actual de TSLA: $383.56
2026-06-23 14:50:44,698 - INFO - -> Última compra: $382.63 | Compras actuales: 2/10
2026-06-23 14:50:44,698 - INFO - -> Objetivo de COMPRA (caída a): $363.50 | Objetivo de VENTA (subida a): $397.94
2026-06-23 14:50:44,699 - INFO - El precio se mantiene dentro del rango. No se requieren acciones.
2026-06-23 14:51:44,872 - INFO - Precio actual de TSLA: $383.52
2026-06-23 14:51:44,873 - INFO - -> Última compra: $382.63 | Compras actuales: 2/10
2026-06-23 14:51:44,874 - INFO - -> Objetivo de COMPRA (caída a): $363.50 | Objetivo de VENTA (subida a): $397.94
2026-06-23 14:51:44,874 - INFO - El precio se mantiene dentro del rango. No se requieren acciones.
2026-06-23 14:52:45,037 - INFO - Precio actual de TSLA: $383.30
2026-06-23 14:52:45,038 - INFO - -> Última compra: $382.63 | Compras actuales: 2/10
2026-06-23 14:52:45,038 - INFO - -> Objetivo de COMPRA (caída a): $363.50 | Objetivo de VENTA (subida a): $397.94
2026-06-23 14:52:45,038 - INFO - El precio se mantiene dentro del rango. No se requieren acciones.
2026-06-23 14:53:45,217 - INFO - Precio actual de TSLA: $383.22
2026-06-23 14:53:45,217 - INFO - -> Última compra: $382.63 | Compras actuales: 2/10
2026-06-23 14:53:45,217 - INFO - -> Objetivo de COMPRA (caída a): $363.50 | Objetivo de VENTA (subida a): $397.94
2026-06-23 14:53:45,217 - INFO - El precio se mantiene dentro del rango. No se requieren acciones.
2026-06-23 14:54:45,383 - INFO - Precio actual de TSLA: $382.75
2026-06-23 14:54:45,383 - INFO - -> Última compra: $382.63 | Compras actuales: 2/10
2026-06-23 14:54:45,383 - INFO - -> Objetivo de COMPRA (caída a): $363.50 | Objetivo de VENTA (subida a): $397.94
2026-06-23 14:54:45,383 - INFO - El precio se mantiene dentro del rango. No se requieren acciones.
2026-06-23 14:55:45,548 - INFO - Precio actual de TSLA: $382.05
2026-06-23 14:55:45,548 - INFO - -> Última compra: $382.63 | Compras actuales: 2/10
2026-06-23 14:55:45,549 - INFO - -> Objetivo de COMPRA (caída a): $363.50 | Objetivo de VENTA (subida a): $397.94
2026-06-23 14:55:45,549 - INFO - El precio se mantiene dentro del rango. No se requieren acciones.
2026-06-23 14:56:45,717 - INFO - Precio actual de TSLA: $381.77
2026-06-23 14:56:45,719 - INFO - -> Última compra: $382.63 | Compras actuales: 2/10
2026-06-23 14:56:45,719 - INFO - -> Objetivo de COMPRA (caída a): $363.50 | Objetivo de VENTA (subida a): $397.94
2026-06-23 14:56:45,719 - INFO - El precio se mantiene dentro del rango. No se requieren acciones.
2026-06-23 14:57:45,890 - INFO - Precio actual de TSLA: $381.73
2026-06-23 14:57:45,890 - INFO - -> Última compra: $382.63 | Compras actuales: 2/10
2026-06-23 14:57:45,892 - INFO - -> Objetivo de COMPRA (caída a): $363.50 | Objetivo de VENTA (subida a): $397.94
2026-06-23 14:57:45,892 - INFO - El precio se mantiene dentro del rango. No se requieren acciones.
2026-06-23 14:58:46,070 - INFO - Precio actual de TSLA: $381.72
2026-06-23 14:58:46,083 - INFO - -> Última compra: $382.63 | Compras actuales: 2/10
2026-06-23 14:58:46,084 - INFO - -> Objetivo de COMPRA (caída a): $363.50 | Objetivo de VENTA (subida a): $397.94
2026-06-23 14:58:46,084 - INFO - El precio se mantiene dentro del rango. No se requieren acciones.
2026-06-23 14:59:46,254 - INFO - Precio actual de TSLA: $381.53
2026-06-23 14:59:46,254 - INFO - -> Última compra: $382.63 | Compras actuales: 2/10
2026-06-23 14:59:46,255 - INFO - -> Objetivo de COMPRA (caída a): $363.50 | Objetivo de VENTA (subida a): $397.94
2026-06-23 14:59:46,255 - INFO - El precio se mantiene dentro del rango. No se requieren acciones.
2026-06-23 15:00:46,417 - INFO - Precio actual de TSLA: $381.65
2026-06-23 15:00:46,417 - INFO - -> Última compra: $382.63 | Compras actuales: 2/10
2026-06-23 15:00:46,418 - INFO - -> Objetivo de COMPRA (caída a): $363.50 | Objetivo de VENTA (subida a): $397.94
2026-06-23 15:00:46,418 - INFO - El precio se mantiene dentro del rango. No se requieren acciones.
2026-06-23 15:01:46,586 - INFO - Precio actual de TSLA: $382.26
2026-06-23 15:01:46,588 - INFO - -> Última compra: $382.63 | Compras actuales: 2/10
2026-06-23 15:01:46,588 - INFO - -> Objetivo de COMPRA (caída a): $363.50 | Objetivo de VENTA (subida a): $397.94
2026-06-23 15:01:46,588 - INFO - El precio se mantiene dentro del rango. No se requieren acciones.
2026-06-23 15:02:47,173 - INFO - Precio actual de TSLA: $382.10
2026-06-23 15:02:47,174 - INFO - -> Última compra: $382.63 | Compras actuales: 2/10
2026-06-23 15:02:47,174 - INFO - -> Objetivo de COMPRA (caída a): $363.50 | Objetivo de VENTA (subida a): $397.94
2026-06-23 15:02:47,174 - INFO - El precio se mantiene dentro del rango. No se requieren acciones.
2026-06-23 15:03:47,349 - INFO - Precio actual de TSLA: $381.95
2026-06-23 15:03:47,349 - INFO - -> Última compra: $382.63 | Compras actuales: 2/10
2026-06-23 15:03:47,349 - INFO - -> Objetivo de COMPRA (caída a): $363.50 | Objetivo de VENTA (subida a): $397.94
2026-06-23 15:03:47,350 - INFO - El precio se mantiene dentro del rango. No se requieren acciones.
2026-06-23 15:04:47,522 - INFO - Precio actual de TSLA: $381.71
2026-06-23 15:04:47,522 - INFO - -> Última compra: $382.63 | Compras actuales: 2/10
2026-06-23 15:04:47,522 - INFO - -> Objetivo de COMPRA (caída a): $363.50 | Objetivo de VENTA (subida a): $397.94
2026-06-23 15:04:47,522 - INFO - El precio se mantiene dentro del rango. No se requieren acciones.
2026-06-23 15:05:47,695 - INFO - Precio actual de TSLA: $381.43
2026-06-23 15:05:47,695 - INFO - -> Última compra: $382.63 | Compras actuales: 2/10
2026-06-23 15:05:47,695 - INFO - -> Objetivo de COMPRA (caída a): $363.50 | Objetivo de VENTA (subida a): $397.94
2026-06-23 15:05:47,696 - INFO - El precio se mantiene dentro del rango. No se requieren acciones.
2026-06-23 15:06:47,865 - INFO - Precio actual de TSLA: $381.60
2026-06-23 15:06:47,866 - INFO - -> Última compra: $382.63 | Compras actuales: 2/10
2026-06-23 15:06:47,866 - INFO - -> Objetivo de COMPRA (caída a): $363.50 | Objetivo de VENTA (subida a): $397.94
2026-06-23 15:06:47,866 - INFO - El precio se mantiene dentro del rango. No se requieren acciones.
2026-06-23 15:07:48,037 - INFO - Precio actual de TSLA: $381.20
2026-06-23 15:07:48,037 - INFO - -> Última compra: $382.63 | Compras actuales: 2/10
2026-06-23 15:07:48,037 - INFO - -> Objetivo de COMPRA (caída a): $363.50 | Objetivo de VENTA (subida a): $397.94
2026-06-23 15:07:48,037 - INFO - El precio se mantiene dentro del rango. No se requieren acciones.
2026-06-23 15:08:36,944 - INFO - Precio actual de TSLA: $381.06
2026-06-23 15:08:36,945 - INFO - -> Última compra: $382.63 | Compras actuales: 2/10
2026-06-23 15:08:36,945 - INFO - -> Objetivo de COMPRA (caída a): $363.50 | Objetivo de VENTA (subida a): $397.94
2026-06-23 15:08:36,945 - INFO - El precio se mantiene dentro del rango. No se requieren acciones.
2026-06-23 15:08:48,211 - INFO - Precio actual de TSLA: $380.94
2026-06-23 15:08:48,213 - INFO - -> Última compra: $382.63 | Compras actuales: 2/10
2026-06-23 15:08:48,214 - INFO - -> Objetivo de COMPRA (caída a): $363.50 | Objetivo de VENTA (subida a): $397.94
2026-06-23 15:08:48,214 - INFO - El precio se mantiene dentro del rango. No se requieren acciones.
2026-06-23 15:09:48,393 - INFO - Precio actual de TSLA: $381.00
2026-06-23 15:09:48,394 - INFO - -> Última compra: $382.63 | Compras actuales: 2/10
2026-06-23 15:09:48,394 - INFO - -> Objetivo de COMPRA (caída a): $363.50 | Objetivo de VENTA (subida a): $397.94
2026-06-23 15:09:48,395 - INFO - El precio se mantiene dentro del rango. No se requieren acciones.
2026-06-23 15:10:48,568 - INFO - Precio actual de TSLA: $381.06
2026-06-23 15:10:48,568 - INFO - -> Última compra: $382.63 | Compras actuales: 2/10
2026-06-23 15:10:48,568 - INFO - -> Objetivo de COMPRA (caída a): $363.50 | Objetivo de VENTA (subida a): $397.94
2026-06-23 15:10:48,568 - INFO - El precio se mantiene dentro del rango. No se requieren acciones.
2026-06-23 15:11:48,745 - INFO - Precio actual de TSLA: $381.20
2026-06-23 15:11:48,745 - INFO - -> Última compra: $382.63 | Compras actuales: 2/10
2026-06-23 15:11:48,745 - INFO - -> Objetivo de COMPRA (caída a): $363.50 | Objetivo de VENTA (subida a): $397.94
2026-06-23 15:11:48,746 - INFO - El precio se mantiene dentro del rango. No se requieren acciones.
2026-06-23 15:12:48,916 - INFO - Precio actual de TSLA: $381.50
2026-06-23 15:12:48,916 - INFO - -> Última compra: $382.63 | Compras actuales: 2/10
2026-06-23 15:12:48,916 - INFO - -> Objetivo de COMPRA (caída a): $363.50 | Objetivo de VENTA (subida a): $397.94
2026-06-23 15:12:48,916 - INFO - El precio se mantiene dentro del rango. No se requieren acciones.
2026-06-23 15:13:49,088 - INFO - Precio actual de TSLA: $381.45
2026-06-23 15:13:49,089 - INFO - -> Última compra: $382.63 | Compras actuales: 2/10
2026-06-23 15:13:49,089 - INFO - -> Objetivo de COMPRA (caída a): $363.50 | Objetivo de VENTA (subida a): $397.94
2026-06-23 15:13:49,089 - INFO - El precio se mantiene dentro del rango. No se requieren acciones.
2026-06-23 15:14:49,263 - INFO - Precio actual de TSLA: $381.42
2026-06-23 15:14:49,263 - INFO - -> Última compra: $382.63 | Compras actuales: 2/10
2026-06-23 15:14:49,263 - INFO - -> Objetivo de COMPRA (caída a): $363.50 | Objetivo de VENTA (subida a): $397.94
2026-06-23 15:14:49,263 - INFO - El precio se mantiene dentro del rango. No se requieren acciones.
2026-06-23 15:15:49,437 - INFO - Precio actual de TSLA: $381.60
2026-06-23 15:15:49,437 - INFO - -> Última compra: $382.63 | Compras actuales: 2/10
2026-06-23 15:15:49,437 - INFO - -> Objetivo de COMPRA (caída a): $363.50 | Objetivo de VENTA (subida a): $397.94
2026-06-23 15:15:49,438 - INFO - El precio se mantiene dentro del rango. No se requieren acciones.
2026-06-23 15:16:49,611 - INFO - Precio actual de TSLA: $381.27
2026-06-23 15:16:49,612 - INFO - -> Última compra: $382.63 | Compras actuales: 2/10
2026-06-23 15:16:49,612 - INFO - -> Objetivo de COMPRA (caída a): $363.50 | Objetivo de VENTA (subida a): $397.94
2026-06-23 15:16:49,612 - INFO - El precio se mantiene dentro del rango. No se requieren acciones.
2026-06-23 15:17:49,795 - INFO - Precio actual de TSLA: $381.15
2026-06-23 15:17:49,796 - INFO - -> Última compra: $382.63 | Compras actuales: 2/10
2026-06-23 15:17:49,796 - INFO - -> Objetivo de COMPRA (caída a): $363.50 | Objetivo de VENTA (subida a): $397.94
2026-06-23 15:17:49,796 - INFO - El precio se mantiene dentro del rango. No se requieren acciones.
2026-06-23 15:18:49,995 - INFO - Precio actual de TSLA: $381.08
2026-06-23 15:18:49,995 - INFO - -> Última compra: $382.63 | Compras actuales: 2/10
2026-06-23 15:18:49,995 - INFO - -> Objetivo de COMPRA (caída a): $363.50 | Objetivo de VENTA (subida a): $397.94
2026-06-23 15:18:49,995 - INFO - El precio se mantiene dentro del rango. No se requieren acciones.
2026-06-23 15:19:50,163 - INFO - Precio actual de TSLA: $380.92
2026-06-23 15:19:50,164 - INFO - -> Última compra: $382.63 | Compras actuales: 2/10
2026-06-23 15:19:50,164 - INFO - -> Objetivo de COMPRA (caída a): $363.50 | Objetivo de VENTA (subida a): $397.94
2026-06-23 15:19:50,164 - INFO - El precio se mantiene dentro del rango. No se requieren acciones.
2026-06-23 15:20:50,329 - INFO - Precio actual de TSLA: $380.82
2026-06-23 15:20:50,330 - INFO - -> Última compra: $382.63 | Compras actuales: 2/10
2026-06-23 15:20:50,330 - INFO - -> Objetivo de COMPRA (caída a): $363.50 | Objetivo de VENTA (subida a): $397.94
2026-06-23 15:20:50,331 - INFO - El precio se mantiene dentro del rango. No se requieren acciones.
2026-06-23 15:21:50,494 - INFO - Precio actual de TSLA: $381.07
2026-06-23 15:21:50,495 - INFO - -> Última compra: $382.63 | Compras actuales: 2/10
2026-06-23 15:21:50,495 - INFO - -> Objetivo de COMPRA (caída a): $363.50 | Objetivo de VENTA (subida a): $397.94
2026-06-23 15:21:50,495 - INFO - El precio se mantiene dentro del rango. No se requieren acciones.
2026-06-23 15:22:50,664 - INFO - Precio actual de TSLA: $381.40
2026-06-23 15:22:50,664 - INFO - -> Última compra: $382.63 | Compras actuales: 2/10
2026-06-23 15:22:50,664 - INFO - -> Objetivo de COMPRA (caída a): $363.50 | Objetivo de VENTA (subida a): $397.94
2026-06-23 15:22:50,664 - INFO - El precio se mantiene dentro del rango. No se requieren acciones.
2026-06-23 15:23:51,248 - INFO - Precio actual de TSLA: $381.61
2026-06-23 15:23:51,248 - INFO - -> Última compra: $382.63 | Compras actuales: 2/10
2026-06-23 15:23:51,248 - INFO - -> Objetivo de COMPRA (caída a): $363.50 | Objetivo de VENTA (subida a): $397.94
2026-06-23 15:23:51,249 - INFO - El precio se mantiene dentro del rango. No se requieren acciones.
2026-06-23 15:24:51,724 - INFO - Precio actual de TSLA: $381.63
2026-06-23 15:24:51,724 - INFO - -> Última compra: $382.63 | Compras actuales: 2/10
2026-06-23 15:24:51,725 - INFO - -> Objetivo de COMPRA (caída a): $363.50 | Objetivo de VENTA (subida a): $397.94
2026-06-23 15:24:51,725 - INFO - El precio se mantiene dentro del rango. No se requieren acciones.
2026-06-23 15:25:51,897 - INFO - Precio actual de TSLA: $381.41
2026-06-23 15:25:51,897 - INFO - -> Última compra: $382.63 | Compras actuales: 2/10
2026-06-23 15:25:51,897 - INFO - -> Objetivo de COMPRA (caída a): $363.50 | Objetivo de VENTA (subida a): $397.94
2026-06-23 15:25:51,897 - INFO - El precio se mantiene dentro del rango. No se requieren acciones.
2026-06-23 15:26:52,068 - INFO - Precio actual de TSLA: $381.25
2026-06-23 15:26:52,068 - INFO - -> Última compra: $382.63 | Compras actuales: 2/10
2026-06-23 15:26:52,068 - INFO - -> Objetivo de COMPRA (caída a): $363.50 | Objetivo de VENTA (subida a): $397.94
2026-06-23 15:26:52,069 - INFO - El precio se mantiene dentro del rango. No se requieren acciones.
2026-06-23 15:27:52,237 - INFO - Precio actual de TSLA: $381.47
2026-06-23 15:27:52,237 - INFO - -> Última compra: $382.63 | Compras actuales: 2/10
2026-06-23 15:27:52,238 - INFO - -> Objetivo de COMPRA (caída a): $363.50 | Objetivo de VENTA (subida a): $397.94
2026-06-23 15:27:52,238 - INFO - El precio se mantiene dentro del rango. No se requieren acciones.
2026-06-23 15:28:38,028 - INFO - Precio actual de TSLA: $381.45
2026-06-23 15:28:38,029 - INFO - -> Última compra: $382.63 | Compras actuales: 2/10
2026-06-23 15:28:38,029 - INFO - -> Objetivo de COMPRA (caída a): $363.50 | Objetivo de VENTA (subida a): $397.94
2026-06-23 15:28:38,029 - INFO - El precio se mantiene dentro del rango. No se requieren acciones.
2026-06-23 15:28:52,411 - INFO - Precio actual de TSLA: $381.41
2026-06-23 15:28:52,411 - INFO - -> Última compra: $382.63 | Compras actuales: 2/10
2026-06-23 15:28:52,412 - INFO - -> Objetivo de COMPRA (caída a): $363.50 | Objetivo de VENTA (subida a): $397.94
2026-06-23 15:28:52,412 - INFO - El precio se mantiene dentro del rango. No se requieren acciones.
2026-06-23 15:29:52,573 - INFO - Precio actual de TSLA: $381.59
2026-06-23 15:29:52,574 - INFO - -> Última compra: $382.63 | Compras actuales: 2/10
2026-06-23 15:29:52,574 - INFO - -> Objetivo de COMPRA (caída a): $363.50 | Objetivo de VENTA (subida a): $397.94
2026-06-23 15:29:52,574 - INFO - El precio se mantiene dentro del rango. No se requieren acciones.
2026-06-23 15:30:52,758 - INFO - Precio actual de TSLA: $381.40
2026-06-23 15:30:52,758 - INFO - -> Última compra: $382.63 | Compras actuales: 2/10
2026-06-23 15:30:52,758 - INFO - -> Objetivo de COMPRA (caída a): $363.50 | Objetivo de VENTA (subida a): $397.94
2026-06-23 15:30:52,758 - INFO - El precio se mantiene dentro del rango. No se requieren acciones.
2026-06-23 15:31:52,928 - INFO - Precio actual de TSLA: $381.67
2026-06-23 15:31:52,928 - INFO - -> Última compra: $382.63 | Compras actuales: 2/10
2026-06-23 15:31:52,928 - INFO - -> Objetivo de COMPRA (caída a): $363.50 | Objetivo de VENTA (subida a): $397.94
2026-06-23 15:31:52,928 - INFO - El precio se mantiene dentro del rango. No se requieren acciones.
2026-06-23 15:32:53,504 - INFO - Precio actual de TSLA: $381.56
2026-06-23 15:32:53,504 - INFO - -> Última compra: $382.63 | Compras actuales: 2/10
2026-06-23 15:32:53,505 - INFO - -> Objetivo de COMPRA (caída a): $363.50 | Objetivo de VENTA (subida a): $397.94
2026-06-23 15:32:53,505 - INFO - El precio se mantiene dentro del rango. No se requieren acciones.
2026-06-23 15:33:53,680 - INFO - Precio actual de TSLA: $381.44
2026-06-23 15:33:53,681 - INFO - -> Última compra: $382.63 | Compras actuales: 2/10
2026-06-23 15:33:53,681 - INFO - -> Objetivo de COMPRA (caída a): $363.50 | Objetivo de VENTA (subida a): $397.94
2026-06-23 15:33:53,681 - INFO - El precio se mantiene dentro del rango. No se requieren acciones.
2026-06-23 15:34:53,853 - INFO - Precio actual de TSLA: $381.34
2026-06-23 15:34:53,853 - INFO - -> Última compra: $382.63 | Compras actuales: 2/10
2026-06-23 15:34:53,853 - INFO - -> Objetivo de COMPRA (caída a): $363.50 | Objetivo de VENTA (subida a): $397.94
2026-06-23 15:34:53,855 - INFO - El precio se mantiene dentro del rango. No se requieren acciones.
2026-06-23 15:35:54,062 - INFO - Precio actual de TSLA: $381.38
2026-06-23 15:35:54,062 - INFO - -> Última compra: $382.63 | Compras actuales: 2/10
2026-06-23 15:35:54,062 - INFO - -> Objetivo de COMPRA (caída a): $363.50 | Objetivo de VENTA (subida a): $397.94
2026-06-23 15:35:54,062 - INFO - El precio se mantiene dentro del rango. No se requieren acciones.
2026-06-23 15:36:54,235 - INFO - Precio actual de TSLA: $381.00
2026-06-23 15:36:54,236 - INFO - -> Última compra: $382.63 | Compras actuales: 2/10
2026-06-23 15:36:54,236 - INFO - -> Objetivo de COMPRA (caída a): $363.50 | Objetivo de VENTA (subida a): $397.94
2026-06-23 15:36:54,236 - INFO - El precio se mantiene dentro del rango. No se requieren acciones.
2026-06-23 15:37:54,402 - INFO - Precio actual de TSLA: $381.14
2026-06-23 15:37:54,402 - INFO - -> Última compra: $382.63 | Compras actuales: 2/10
2026-06-23 15:37:54,402 - INFO - -> Objetivo de COMPRA (caída a): $363.50 | Objetivo de VENTA (subida a): $397.94
2026-06-23 15:37:54,402 - INFO - El precio se mantiene dentro del rango. No se requieren acciones.
2026-06-23 15:38:54,569 - INFO - Precio actual de TSLA: $381.17
2026-06-23 15:38:54,570 - INFO - -> Última compra: $382.63 | Compras actuales: 2/10
2026-06-23 15:38:54,570 - INFO - -> Objetivo de COMPRA (caída a): $363.50 | Objetivo de VENTA (subida a): $397.94
2026-06-23 15:38:54,571 - INFO - El precio se mantiene dentro del rango. No se requieren acciones.
2026-06-23 15:39:54,740 - INFO - Precio actual de TSLA: $381.04
2026-06-23 15:39:54,740 - INFO - -> Última compra: $382.63 | Compras actuales: 2/10
2026-06-23 15:39:54,740 - INFO - -> Objetivo de COMPRA (caída a): $363.50 | Objetivo de VENTA (subida a): $397.94
2026-06-23 15:39:54,740 - INFO - El precio se mantiene dentro del rango. No se requieren acciones.
2026-06-23 15:40:55,333 - INFO - Precio actual de TSLA: $380.79
2026-06-23 15:40:55,334 - INFO - -> Última compra: $382.63 | Compras actuales: 2/10
2026-06-23 15:40:55,334 - INFO - -> Objetivo de COMPRA (caída a): $363.50 | Objetivo de VENTA (subida a): $397.94
2026-06-23 15:40:55,334 - INFO - El precio se mantiene dentro del rango. No se requieren acciones.
2026-06-23 15:41:55,915 - INFO - Precio actual de TSLA: $381.00
2026-06-23 15:41:55,916 - INFO - -> Última compra: $382.63 | Compras actuales: 2/10
2026-06-23 15:41:55,916 - INFO - -> Objetivo de COMPRA (caída a): $363.50 | Objetivo de VENTA (subida a): $397.94
2026-06-23 15:41:55,916 - INFO - El precio se mantiene dentro del rango. No se requieren acciones.
2026-06-23 15:42:56,089 - INFO - Precio actual de TSLA: $380.06
2026-06-23 15:42:56,089 - INFO - -> Última compra: $382.63 | Compras actuales: 2/10
2026-06-23 15:42:56,089 - INFO - -> Objetivo de COMPRA (caída a): $363.50 | Objetivo de VENTA (subida a): $397.94
2026-06-23 15:42:56,090 - INFO - El precio se mantiene dentro del rango. No se requieren acciones.
2026-06-23 15:43:56,262 - INFO - Precio actual de TSLA: $380.28
2026-06-23 15:43:56,263 - INFO - -> Última compra: $382.63 | Compras actuales: 2/10
2026-06-23 15:43:56,263 - INFO - -> Objetivo de COMPRA (caída a): $363.50 | Objetivo de VENTA (subida a): $397.94
2026-06-23 15:43:56,263 - INFO - El precio se mantiene dentro del rango. No se requieren acciones.
2026-06-23 15:44:56,435 - INFO - Precio actual de TSLA: $379.95
2026-06-23 15:44:56,436 - INFO - -> Última compra: $382.63 | Compras actuales: 2/10
2026-06-23 15:44:56,436 - INFO - -> Objetivo de COMPRA (caída a): $363.50 | Objetivo de VENTA (subida a): $397.94
2026-06-23 15:44:56,437 - INFO - El precio se mantiene dentro del rango. No se requieren acciones.
2026-06-23 15:45:56,639 - INFO - Precio actual de TSLA: $379.75
2026-06-23 15:45:56,640 - INFO - -> Última compra: $382.63 | Compras actuales: 2/10
2026-06-23 15:45:56,640 - INFO - -> Objetivo de COMPRA (caída a): $363.50 | Objetivo de VENTA (subida a): $397.94
2026-06-23 15:45:56,640 - INFO - El precio se mantiene dentro del rango. No se requieren acciones.
2026-06-23 15:46:57,233 - INFO - Precio actual de TSLA: $379.59
2026-06-23 15:46:57,233 - INFO - -> Última compra: $382.63 | Compras actuales: 2/10
2026-06-23 15:46:57,233 - INFO - -> Objetivo de COMPRA (caída a): $363.50 | Objetivo de VENTA (subida a): $397.94
2026-06-23 15:46:57,234 - INFO - El precio se mantiene dentro del rango. No se requieren acciones.
2026-06-23 15:47:57,826 - INFO - Precio actual de TSLA: $379.35
2026-06-23 15:47:57,826 - INFO - -> Última compra: $382.63 | Compras actuales: 2/10
2026-06-23 15:47:57,828 - INFO - -> Objetivo de COMPRA (caída a): $363.50 | Objetivo de VENTA (subida a): $397.94
2026-06-23 15:47:57,828 - INFO - El precio se mantiene dentro del rango. No se requieren acciones.
2026-06-23 15:48:39,997 - INFO - Precio actual de TSLA: $379.76
2026-06-23 15:48:39,998 - INFO - -> Última compra: $382.63 | Compras actuales: 2/10
2026-06-23 15:48:39,998 - INFO - -> Objetivo de COMPRA (caída a): $363.50 | Objetivo de VENTA (subida a): $397.94
2026-06-23 15:48:39,998 - INFO - El precio se mantiene dentro del rango. No se requieren acciones.
2026-06-23 15:48:58,001 - INFO - Precio actual de TSLA: $379.77
2026-06-23 15:48:58,001 - INFO - -> Última compra: $382.63 | Compras actuales: 2/10
2026-06-23 15:48:58,002 - INFO - -> Objetivo de COMPRA (caída a): $363.50 | Objetivo de VENTA (subida a): $397.94
2026-06-23 15:48:58,002 - INFO - El precio se mantiene dentro del rango. No se requieren acciones.
2026-06-23 15:49:58,175 - INFO - Precio actual de TSLA: $379.79
2026-06-23 15:49:58,177 - INFO - -> Última compra: $382.63 | Compras actuales: 2/10
2026-06-23 15:49:58,177 - INFO - -> Objetivo de COMPRA (caída a): $363.50 | Objetivo de VENTA (subida a): $397.94
2026-06-23 15:49:58,177 - INFO - El precio se mantiene dentro del rango. No se requieren acciones.
2026-06-23 15:50:58,364 - INFO - Precio actual de TSLA: $380.09
2026-06-23 15:50:58,365 - INFO - -> Última compra: $382.63 | Compras actuales: 2/10
2026-06-23 15:50:58,365 - INFO - -> Objetivo de COMPRA (caída a): $363.50 | Objetivo de VENTA (subida a): $397.94
2026-06-23 15:50:58,365 - INFO - El precio se mantiene dentro del rango. No se requieren acciones.
2026-06-23 15:51:58,907 - INFO - Precio actual de TSLA: $379.85
2026-06-23 15:51:58,907 - INFO - -> Última compra: $382.63 | Compras actuales: 2/10
2026-06-23 15:51:58,908 - INFO - -> Objetivo de COMPRA (caída a): $363.50 | Objetivo de VENTA (subida a): $397.94
2026-06-23 15:51:58,908 - INFO - El precio se mantiene dentro del rango. No se requieren acciones.
2026-06-23 15:52:59,082 - INFO - Precio actual de TSLA: $379.77
2026-06-23 15:52:59,082 - INFO - -> Última compra: $382.63 | Compras actuales: 2/10
2026-06-23 15:52:59,083 - INFO - -> Objetivo de COMPRA (caída a): $363.50 | Objetivo de VENTA (subida a): $397.94
2026-06-23 15:52:59,083 - INFO - El precio se mantiene dentro del rango. No se requieren acciones.
2026-06-23 15:53:59,263 - INFO - Precio actual de TSLA: $379.47
2026-06-23 15:53:59,263 - INFO - -> Última compra: $382.63 | Compras actuales: 2/10
2026-06-23 15:53:59,263 - INFO - -> Objetivo de COMPRA (caída a): $363.50 | Objetivo de VENTA (subida a): $397.94
2026-06-23 15:53:59,263 - INFO - El precio se mantiene dentro del rango. No se requieren acciones.
2026-06-23 15:54:59,454 - INFO - Precio actual de TSLA: $379.88
2026-06-23 15:54:59,455 - INFO - -> Última compra: $382.63 | Compras actuales: 2/10
2026-06-23 15:54:59,456 - INFO - -> Objetivo de COMPRA (caída a): $363.50 | Objetivo de VENTA (subida a): $397.94
2026-06-23 15:54:59,456 - INFO - El precio se mantiene dentro del rango. No se requieren acciones.
2026-06-23 15:55:59,630 - INFO - Precio actual de TSLA: $379.51
2026-06-23 15:55:59,630 - INFO - -> Última compra: $382.63 | Compras actuales: 2/10
2026-06-23 15:55:59,630 - INFO - -> Objetivo de COMPRA (caída a): $363.50 | Objetivo de VENTA (subida a): $397.94
2026-06-23 15:55:59,630 - INFO - El precio se mantiene dentro del rango. No se requieren acciones.
2026-06-23 15:56:59,813 - INFO - Precio actual de TSLA: $379.31
2026-06-23 15:56:59,813 - INFO - -> Última compra: $382.63 | Compras actuales: 2/10
2026-06-23 15:56:59,814 - INFO - -> Objetivo de COMPRA (caída a): $363.50 | Objetivo de VENTA (subida a): $397.94
2026-06-23 15:56:59,814 - INFO - El precio se mantiene dentro del rango. No se requieren acciones.
2026-06-23 15:57:59,994 - INFO - Precio actual de TSLA: $379.32
2026-06-23 15:57:59,996 - INFO - -> Última compra: $382.63 | Compras actuales: 2/10
2026-06-23 15:57:59,996 - INFO - -> Objetivo de COMPRA (caída a): $363.50 | Objetivo de VENTA (subida a): $397.94
2026-06-23 15:57:59,996 - INFO - El precio se mantiene dentro del rango. No se requieren acciones.
2026-06-23 15:59:00,169 - INFO - Precio actual de TSLA: $379.76
2026-06-23 15:59:00,170 - INFO - -> Última compra: $382.63 | Compras actuales: 2/10
2026-06-23 15:59:00,170 - INFO - -> Objetivo de COMPRA (caída a): $363.50 | Objetivo de VENTA (subida a): $397.94
2026-06-23 15:59:00,170 - INFO - El precio se mantiene dentro del rango. No se requieren acciones.
2026-06-23 16:00:00,345 - INFO - Precio actual de TSLA: $379.78
2026-06-23 16:00:00,345 - INFO - -> Última compra: $382.63 | Compras actuales: 2/10
2026-06-23 16:00:00,345 - INFO - -> Objetivo de COMPRA (caída a): $363.50 | Objetivo de VENTA (subida a): $397.94
2026-06-23 16:00:00,345 - INFO - El precio se mantiene dentro del rango. No se requieren acciones.
2026-06-23 16:01:00,519 - INFO - Precio actual de TSLA: $379.84
2026-06-23 16:01:00,519 - INFO - -> Última compra: $382.63 | Compras actuales: 2/10
2026-06-23 16:01:00,519 - INFO - -> Objetivo de COMPRA (caída a): $363.50 | Objetivo de VENTA (subida a): $397.94
2026-06-23 16:01:00,519 - INFO - El precio se mantiene dentro del rango. No se requieren acciones.
2026-06-23 16:02:00,699 - INFO - Precio actual de TSLA: $380.46
2026-06-23 16:02:00,699 - INFO - -> Última compra: $382.63 | Compras actuales: 2/10
2026-06-23 16:02:00,700 - INFO - -> Objetivo de COMPRA (caída a): $363.50 | Objetivo de VENTA (subida a): $397.94
2026-06-23 16:02:00,700 - INFO - El precio se mantiene dentro del rango. No se requieren acciones.
2026-06-23 16:03:00,874 - INFO - Precio actual de TSLA: $380.60
2026-06-23 16:03:00,874 - INFO - -> Última compra: $382.63 | Compras actuales: 2/10
2026-06-23 16:03:00,874 - INFO - -> Objetivo de COMPRA (caída a): $363.50 | Objetivo de VENTA (subida a): $397.94
2026-06-23 16:03:00,874 - INFO - El precio se mantiene dentro del rango. No se requieren acciones.
2026-06-23 16:04:01,051 - INFO - Precio actual de TSLA: $381.03
2026-06-23 16:04:01,051 - INFO - -> Última compra: $382.63 | Compras actuales: 2/10
2026-06-23 16:04:01,052 - INFO - -> Objetivo de COMPRA (caída a): $363.50 | Objetivo de VENTA (subida a): $397.94
2026-06-23 16:04:01,052 - INFO - El precio se mantiene dentro del rango. No se requieren acciones.
2026-06-23 16:05:01,246 - INFO - Precio actual de TSLA: $381.62
2026-06-23 16:05:01,246 - INFO - -> Última compra: $382.63 | Compras actuales: 2/10
2026-06-23 16:05:01,246 - INFO - -> Objetivo de COMPRA (caída a): $363.50 | Objetivo de VENTA (subida a): $397.94
2026-06-23 16:05:01,247 - INFO - El precio se mantiene dentro del rango. No se requieren acciones.
2026-06-23 16:06:01,828 - INFO - Precio actual de TSLA: $381.81
2026-06-23 16:06:01,829 - INFO - -> Última compra: $382.63 | Compras actuales: 2/10
2026-06-23 16:06:01,829 - INFO - -> Objetivo de COMPRA (caída a): $363.50 | Objetivo de VENTA (subida a): $397.94
2026-06-23 16:06:01,829 - INFO - El precio se mantiene dentro del rango. No se requieren acciones.
2026-06-23 16:07:02,005 - INFO - Precio actual de TSLA: $381.04
2026-06-23 16:07:02,005 - INFO - -> Última compra: $382.63 | Compras actuales: 2/10
2026-06-23 16:07:02,005 - INFO - -> Objetivo de COMPRA (caída a): $363.50 | Objetivo de VENTA (subida a): $397.94
2026-06-23 16:07:02,005 - INFO - El precio se mantiene dentro del rango. No se requieren acciones.
2026-06-23 16:08:02,177 - INFO - Precio actual de TSLA: $381.27
2026-06-23 16:08:02,177 - INFO - -> Última compra: $382.63 | Compras actuales: 2/10
2026-06-23 16:08:02,179 - INFO - -> Objetivo de COMPRA (caída a): $363.50 | Objetivo de VENTA (subida a): $397.94
2026-06-23 16:08:02,179 - INFO - El precio se mantiene dentro del rango. No se requieren acciones.
2026-06-23 16:08:41,650 - INFO - Precio actual de TSLA: $380.84
2026-06-23 16:08:41,650 - INFO - -> Última compra: $382.63 | Compras actuales: 2/10
2026-06-23 16:08:41,650 - INFO - -> Objetivo de COMPRA (caída a): $363.50 | Objetivo de VENTA (subida a): $397.94
2026-06-23 16:08:41,650 - INFO - El precio se mantiene dentro del rango. No se requieren acciones.
2026-06-23 16:09:02,352 - INFO - Precio actual de TSLA: $380.71
2026-06-23 16:09:02,352 - INFO - -> Última compra: $382.63 | Compras actuales: 2/10
2026-06-23 16:09:02,352 - INFO - -> Objetivo de COMPRA (caída a): $363.50 | Objetivo de VENTA (subida a): $397.94
2026-06-23 16:09:02,352 - INFO - El precio se mantiene dentro del rango. No se requieren acciones.
2026-06-23 16:10:02,527 - INFO - Precio actual de TSLA: $380.67
2026-06-23 16:10:02,527 - INFO - -> Última compra: $382.63 | Compras actuales: 2/10
2026-06-23 16:10:02,527 - INFO - -> Objetivo de COMPRA (caída a): $363.50 | Objetivo de VENTA (subida a): $397.94
2026-06-23 16:10:02,527 - INFO - El precio se mantiene dentro del rango. No se requieren acciones.
2026-06-23 16:11:02,696 - INFO - Precio actual de TSLA: $380.29
2026-06-23 16:11:02,696 - INFO - -> Última compra: $382.63 | Compras actuales: 2/10
2026-06-23 16:11:02,697 - INFO - -> Objetivo de COMPRA (caída a): $363.50 | Objetivo de VENTA (subida a): $397.94
2026-06-23 16:11:02,697 - INFO - El precio se mantiene dentro del rango. No se requieren acciones.
2026-06-23 16:12:02,869 - INFO - Precio actual de TSLA: $380.79
2026-06-23 16:12:02,869 - INFO - -> Última compra: $382.63 | Compras actuales: 2/10
2026-06-23 16:12:02,869 - INFO - -> Objetivo de COMPRA (caída a): $363.50 | Objetivo de VENTA (subida a): $397.94
2026-06-23 16:12:02,870 - INFO - El precio se mantiene dentro del rango. No se requieren acciones.
2026-06-23 16:13:03,053 - INFO - Precio actual de TSLA: $380.93
2026-06-23 16:13:03,053 - INFO - -> Última compra: $382.63 | Compras actuales: 2/10
2026-06-23 16:13:03,053 - INFO - -> Objetivo de COMPRA (caída a): $363.50 | Objetivo de VENTA (subida a): $397.94
2026-06-23 16:13:03,054 - INFO - El precio se mantiene dentro del rango. No se requieren acciones.
2026-06-23 16:14:03,246 - INFO - Precio actual de TSLA: $380.82
2026-06-23 16:14:03,246 - INFO - -> Última compra: $382.63 | Compras actuales: 2/10
2026-06-23 16:14:03,247 - INFO - -> Objetivo de COMPRA (caída a): $363.50 | Objetivo de VENTA (subida a): $397.94
2026-06-23 16:14:03,247 - INFO - El precio se mantiene dentro del rango. No se requieren acciones.
2026-06-23 16:15:03,419 - INFO - Precio actual de TSLA: $380.97
2026-06-23 16:15:03,419 - INFO - -> Última compra: $382.63 | Compras actuales: 2/10
2026-06-23 16:15:03,419 - INFO - -> Objetivo de COMPRA (caída a): $363.50 | Objetivo de VENTA (subida a): $397.94
2026-06-23 16:15:03,419 - INFO - El precio se mantiene dentro del rango. No se requieren acciones.
2026-06-23 16:16:03,592 - INFO - Precio actual de TSLA: $380.97
2026-06-23 16:16:03,593 - INFO - -> Última compra: $382.63 | Compras actuales: 2/10
2026-06-23 16:16:03,593 - INFO - -> Objetivo de COMPRA (caída a): $363.50 | Objetivo de VENTA (subida a): $397.94
2026-06-23 16:16:03,593 - INFO - El precio se mantiene dentro del rango. No se requieren acciones.
2026-06-23 16:17:03,771 - INFO - Precio actual de TSLA: $380.80
2026-06-23 16:17:03,771 - INFO - -> Última compra: $382.63 | Compras actuales: 2/10
2026-06-23 16:17:03,771 - INFO - -> Objetivo de COMPRA (caída a): $363.50 | Objetivo de VENTA (subida a): $397.94
2026-06-23 16:17:03,771 - INFO - El precio se mantiene dentro del rango. No se requieren acciones.
2026-06-23 16:18:03,940 - INFO - Precio actual de TSLA: $380.53
2026-06-23 16:18:03,941 - INFO - -> Última compra: $382.63 | Compras actuales: 2/10
2026-06-23 16:18:03,941 - INFO - -> Objetivo de COMPRA (caída a): $363.50 | Objetivo de VENTA (subida a): $397.94
2026-06-23 16:18:03,941 - INFO - El precio se mantiene dentro del rango. No se requieren acciones.
2026-06-23 16:19:04,128 - INFO - Precio actual de TSLA: $380.62
2026-06-23 16:19:04,128 - INFO - -> Última compra: $382.63 | Compras actuales: 2/10
2026-06-23 16:19:04,128 - INFO - -> Objetivo de COMPRA (caída a): $363.50 | Objetivo de VENTA (subida a): $397.94
2026-06-23 16:19:04,128 - INFO - El precio se mantiene dentro del rango. No se requieren acciones.
2026-06-23 16:20:04,301 - INFO - Precio actual de TSLA: $380.61
2026-06-23 16:20:04,301 - INFO - -> Última compra: $382.63 | Compras actuales: 2/10
2026-06-23 16:20:04,301 - INFO - -> Objetivo de COMPRA (caída a): $363.50 | Objetivo de VENTA (subida a): $397.94
2026-06-23 16:20:04,301 - INFO - El precio se mantiene dentro del rango. No se requieren acciones.
2026-06-23 16:21:04,496 - INFO - Precio actual de TSLA: $380.32
2026-06-23 16:21:04,497 - INFO - -> Última compra: $382.63 | Compras actuales: 2/10
2026-06-23 16:21:04,497 - INFO - -> Objetivo de COMPRA (caída a): $363.50 | Objetivo de VENTA (subida a): $397.94
2026-06-23 16:21:04,497 - INFO - El precio se mantiene dentro del rango. No se requieren acciones.
2026-06-23 16:22:04,665 - INFO - Precio actual de TSLA: $380.73
2026-06-23 16:22:04,665 - INFO - -> Última compra: $382.63 | Compras actuales: 2/10
2026-06-23 16:22:04,665 - INFO - -> Objetivo de COMPRA (caída a): $363.50 | Objetivo de VENTA (subida a): $397.94
2026-06-23 16:22:04,665 - INFO - El precio se mantiene dentro del rango. No se requieren acciones.
2026-06-23 16:23:04,838 - INFO - Precio actual de TSLA: $380.89
2026-06-23 16:23:04,839 - INFO - -> Última compra: $382.63 | Compras actuales: 2/10
2026-06-23 16:23:04,839 - INFO - -> Objetivo de COMPRA (caída a): $363.50 | Objetivo de VENTA (subida a): $397.94
2026-06-23 16:23:04,839 - INFO - El precio se mantiene dentro del rango. No se requieren acciones.
2026-06-23 16:24:05,016 - INFO - Precio actual de TSLA: $381.67
2026-06-23 16:24:05,016 - INFO - -> Última compra: $382.63 | Compras actuales: 2/10
2026-06-23 16:24:05,016 - INFO - -> Objetivo de COMPRA (caída a): $363.50 | Objetivo de VENTA (subida a): $397.94
2026-06-23 16:24:05,016 - INFO - El precio se mantiene dentro del rango. No se requieren acciones.
2026-06-23 16:25:05,194 - INFO - Precio actual de TSLA: $381.39
2026-06-23 16:25:05,194 - INFO - -> Última compra: $382.63 | Compras actuales: 2/10
2026-06-23 16:25:05,194 - INFO - -> Objetivo de COMPRA (caída a): $363.50 | Objetivo de VENTA (subida a): $397.94
2026-06-23 16:25:05,195 - INFO - El precio se mantiene dentro del rango. No se requieren acciones.
2026-06-23 16:26:05,377 - INFO - Precio actual de TSLA: $381.75
2026-06-23 16:26:05,377 - INFO - -> Última compra: $382.63 | Compras actuales: 2/10
2026-06-23 16:26:05,377 - INFO - -> Objetivo de COMPRA (caída a): $363.50 | Objetivo de VENTA (subida a): $397.94
2026-06-23 16:26:05,377 - INFO - El precio se mantiene dentro del rango. No se requieren acciones.
2026-06-23 16:27:05,585 - INFO - Precio actual de TSLA: $381.88
2026-06-23 16:27:05,586 - INFO - -> Última compra: $382.63 | Compras actuales: 2/10
2026-06-23 16:27:05,586 - INFO - -> Objetivo de COMPRA (caída a): $363.50 | Objetivo de VENTA (subida a): $397.94
2026-06-23 16:27:05,586 - INFO - El precio se mantiene dentro del rango. No se requieren acciones.
2026-06-23 16:28:05,767 - INFO - Precio actual de TSLA: $381.60
2026-06-23 16:28:05,767 - INFO - -> Última compra: $382.63 | Compras actuales: 2/10
2026-06-23 16:28:05,767 - INFO - -> Objetivo de COMPRA (caída a): $363.50 | Objetivo de VENTA (subida a): $397.94
2026-06-23 16:28:05,769 - INFO - El precio se mantiene dentro del rango. No se requieren acciones.
2026-06-23 16:28:42,329 - INFO - Precio actual de TSLA: $381.43
2026-06-23 16:28:42,329 - INFO - -> Última compra: $382.63 | Compras actuales: 2/10
2026-06-23 16:28:42,330 - INFO - -> Objetivo de COMPRA (caída a): $363.50 | Objetivo de VENTA (subida a): $397.94
2026-06-23 16:28:42,331 - INFO - El precio se mantiene dentro del rango. No se requieren acciones.
2026-06-23 16:29:05,934 - INFO - Precio actual de TSLA: $381.35
2026-06-23 16:29:05,934 - INFO - -> Última compra: $382.63 | Compras actuales: 2/10
2026-06-23 16:29:05,934 - INFO - -> Objetivo de COMPRA (caída a): $363.50 | Objetivo de VENTA (subida a): $397.94
2026-06-23 16:29:05,934 - INFO - El precio se mantiene dentro del rango. No se requieren acciones.
2026-06-23 16:30:06,112 - INFO - Precio actual de TSLA: $381.55
2026-06-23 16:30:06,112 - INFO - -> Última compra: $382.63 | Compras actuales: 2/10
2026-06-23 16:30:06,112 - INFO - -> Objetivo de COMPRA (caída a): $363.50 | Objetivo de VENTA (subida a): $397.94
2026-06-23 16:30:06,112 - INFO - El precio se mantiene dentro del rango. No se requieren acciones.
2026-06-23 16:31:06,285 - INFO - Precio actual de TSLA: $381.60
2026-06-23 16:31:06,285 - INFO - -> Última compra: $382.63 | Compras actuales: 2/10
2026-06-23 16:31:06,285 - INFO - -> Objetivo de COMPRA (caída a): $363.50 | Objetivo de VENTA (subida a): $397.94
2026-06-23 16:31:06,285 - INFO - El precio se mantiene dentro del rango. No se requieren acciones.
2026-06-23 16:32:06,456 - INFO - Precio actual de TSLA: $381.55
2026-06-23 16:32:06,457 - INFO - -> Última compra: $382.63 | Compras actuales: 2/10
2026-06-23 16:32:06,457 - INFO - -> Objetivo de COMPRA (caída a): $363.50 | Objetivo de VENTA (subida a): $397.94
2026-06-23 16:32:06,457 - INFO - El precio se mantiene dentro del rango. No se requieren acciones.
2026-06-23 16:33:06,636 - INFO - Precio actual de TSLA: $382.03
2026-06-23 16:33:06,636 - INFO - -> Última compra: $382.63 | Compras actuales: 2/10
2026-06-23 16:33:06,636 - INFO - -> Objetivo de COMPRA (caída a): $363.50 | Objetivo de VENTA (subida a): $397.94
2026-06-23 16:33:06,636 - INFO - El precio se mantiene dentro del rango. No se requieren acciones.
2026-06-23 16:34:06,817 - INFO - Precio actual de TSLA: $381.89
2026-06-23 16:34:06,818 - INFO - -> Última compra: $382.63 | Compras actuales: 2/10
2026-06-23 16:34:06,818 - INFO - -> Objetivo de COMPRA (caída a): $363.50 | Objetivo de VENTA (subida a): $397.94
2026-06-23 16:34:06,818 - INFO - El precio se mantiene dentro del rango. No se requieren acciones.
2026-06-23 16:35:06,993 - INFO - Precio actual de TSLA: $381.78
2026-06-23 16:35:06,993 - INFO - -> Última compra: $382.63 | Compras actuales: 2/10
2026-06-23 16:35:06,993 - INFO - -> Objetivo de COMPRA (caída a): $363.50 | Objetivo de VENTA (subida a): $397.94
2026-06-23 16:35:06,994 - INFO - El precio se mantiene dentro del rango. No se requieren acciones.
2026-06-23 16:36:07,192 - INFO - Precio actual de TSLA: $381.73
2026-06-23 16:36:07,192 - INFO - -> Última compra: $382.63 | Compras actuales: 2/10
2026-06-23 16:36:07,193 - INFO - -> Objetivo de COMPRA (caída a): $363.50 | Objetivo de VENTA (subida a): $397.94
2026-06-23 16:36:07,193 - INFO - El precio se mantiene dentro del rango. No se requieren acciones.
2026-06-23 16:37:07,372 - INFO - Precio actual de TSLA: $381.83
2026-06-23 16:37:07,373 - INFO - -> Última compra: $382.63 | Compras actuales: 2/10
2026-06-23 16:37:07,373 - INFO - -> Objetivo de COMPRA (caída a): $363.50 | Objetivo de VENTA (subida a): $397.94
2026-06-23 16:37:07,373 - INFO - El precio se mantiene dentro del rango. No se requieren acciones.
2026-06-23 16:38:07,551 - INFO - Precio actual de TSLA: $381.79
2026-06-23 16:38:07,551 - INFO - -> Última compra: $382.63 | Compras actuales: 2/10
2026-06-23 16:38:07,552 - INFO - -> Objetivo de COMPRA (caída a): $363.50 | Objetivo de VENTA (subida a): $397.94
2026-06-23 16:38:07,552 - INFO - El precio se mantiene dentro del rango. No se requieren acciones.
2026-06-23 16:39:07,728 - INFO - Precio actual de TSLA: $381.83
2026-06-23 16:39:07,728 - INFO - -> Última compra: $382.63 | Compras actuales: 2/10
2026-06-23 16:39:07,729 - INFO - -> Objetivo de COMPRA (caída a): $363.50 | Objetivo de VENTA (subida a): $397.94
2026-06-23 16:39:07,729 - INFO - El precio se mantiene dentro del rango. No se requieren acciones.
2026-06-23 16:40:07,921 - INFO - Precio actual de TSLA: $381.82
2026-06-23 16:40:07,921 - INFO - -> Última compra: $382.63 | Compras actuales: 2/10
2026-06-23 16:40:07,921 - INFO - -> Objetivo de COMPRA (caída a): $363.50 | Objetivo de VENTA (subida a): $397.94
2026-06-23 16:40:07,921 - INFO - El precio se mantiene dentro del rango. No se requieren acciones.
2026-06-23 16:41:08,134 - INFO - Precio actual de TSLA: $381.80
2026-06-23 16:41:08,134 - INFO - -> Última compra: $382.63 | Compras actuales: 2/10
2026-06-23 16:41:08,134 - INFO - -> Objetivo de COMPRA (caída a): $363.50 | Objetivo de VENTA (subida a): $397.94
2026-06-23 16:41:08,135 - INFO - El precio se mantiene dentro del rango. No se requieren acciones.
2026-06-23 16:42:08,310 - INFO - Precio actual de TSLA: $382.19
2026-06-23 16:42:08,310 - INFO - -> Última compra: $382.63 | Compras actuales: 2/10
2026-06-23 16:42:08,310 - INFO - -> Objetivo de COMPRA (caída a): $363.50 | Objetivo de VENTA (subida a): $397.94
2026-06-23 16:42:08,310 - INFO - El precio se mantiene dentro del rango. No se requieren acciones.
2026-06-23 16:43:08,482 - INFO - Precio actual de TSLA: $382.21
2026-06-23 16:43:08,482 - INFO - -> Última compra: $382.63 | Compras actuales: 2/10
2026-06-23 16:43:08,482 - INFO - -> Objetivo de COMPRA (caída a): $363.50 | Objetivo de VENTA (subida a): $397.94
2026-06-23 16:43:08,482 - INFO - El precio se mantiene dentro del rango. No se requieren acciones.
2026-06-23 16:44:08,650 - INFO - Precio actual de TSLA: $381.54
2026-06-23 16:44:08,650 - INFO - -> Última compra: $382.63 | Compras actuales: 2/10
2026-06-23 16:44:08,650 - INFO - -> Objetivo de COMPRA (caída a): $363.50 | Objetivo de VENTA (subida a): $397.94
2026-06-23 16:44:08,650 - INFO - El precio se mantiene dentro del rango. No se requieren acciones.
2026-06-23 16:45:08,819 - INFO - Precio actual de TSLA: $381.72
2026-06-23 16:45:08,819 - INFO - -> Última compra: $382.63 | Compras actuales: 2/10
2026-06-23 16:45:08,819 - INFO - -> Objetivo de COMPRA (caída a): $363.50 | Objetivo de VENTA (subida a): $397.94
2026-06-23 16:45:08,819 - INFO - El precio se mantiene dentro del rango. No se requieren acciones.
2026-06-23 16:46:09,004 - INFO - Precio actual de TSLA: $381.59
2026-06-23 16:46:09,004 - INFO - -> Última compra: $382.63 | Compras actuales: 2/10
2026-06-23 16:46:09,005 - INFO - -> Objetivo de COMPRA (caída a): $363.50 | Objetivo de VENTA (subida a): $397.94
2026-06-23 16:46:09,006 - INFO - El precio se mantiene dentro del rango. No se requieren acciones.
2026-06-23 16:47:09,182 - INFO - Precio actual de TSLA: $381.73
2026-06-23 16:47:09,182 - INFO - -> Última compra: $382.63 | Compras actuales: 2/10
2026-06-23 16:47:09,182 - INFO - -> Objetivo de COMPRA (caída a): $363.50 | Objetivo de VENTA (subida a): $397.94
2026-06-23 16:47:09,182 - INFO - El precio se mantiene dentro del rango. No se requieren acciones.
2026-06-23 16:48:09,361 - INFO - Precio actual de TSLA: $381.60
2026-06-23 16:48:09,361 - INFO - -> Última compra: $382.63 | Compras actuales: 2/10
2026-06-23 16:48:09,362 - INFO - -> Objetivo de COMPRA (caída a): $363.50 | Objetivo de VENTA (subida a): $397.94
2026-06-23 16:48:09,362 - INFO - El precio se mantiene dentro del rango. No se requieren acciones.
2026-06-23 16:48:42,928 - INFO - Precio actual de TSLA: $381.43
2026-06-23 16:48:42,928 - INFO - -> Última compra: $382.63 | Compras actuales: 2/10
2026-06-23 16:48:42,928 - INFO - -> Objetivo de COMPRA (caída a): $363.50 | Objetivo de VENTA (subida a): $397.94
2026-06-23 16:48:42,929 - INFO - El precio se mantiene dentro del rango. No se requieren acciones.
2026-06-23 16:49:09,582 - INFO - Precio actual de TSLA: $381.58
2026-06-23 16:49:09,582 - INFO - -> Última compra: $382.63 | Compras actuales: 2/10
2026-06-23 16:49:09,583 - INFO - -> Objetivo de COMPRA (caída a): $363.50 | Objetivo de VENTA (subida a): $397.94
2026-06-23 16:49:09,583 - INFO - El precio se mantiene dentro del rango. No se requieren acciones.
2026-06-23 16:50:09,752 - INFO - Precio actual de TSLA: $382.28
2026-06-23 16:50:09,752 - INFO - -> Última compra: $382.63 | Compras actuales: 2/10
2026-06-23 16:50:09,752 - INFO - -> Objetivo de COMPRA (caída a): $363.50 | Objetivo de VENTA (subida a): $397.94
2026-06-23 16:50:09,752 - INFO - El precio se mantiene dentro del rango. No se requieren acciones.
2026-06-23 16:51:09,920 - INFO - Precio actual de TSLA: $381.86
2026-06-23 16:51:09,920 - INFO - -> Última compra: $382.63 | Compras actuales: 2/10
2026-06-23 16:51:09,920 - INFO - -> Objetivo de COMPRA (caída a): $363.50 | Objetivo de VENTA (subida a): $397.94
2026-06-23 16:51:09,920 - INFO - El precio se mantiene dentro del rango. No se requieren acciones.
2026-06-23 16:52:10,101 - INFO - Precio actual de TSLA: $381.78
2026-06-23 16:52:10,101 - INFO - -> Última compra: $382.63 | Compras actuales: 2/10
2026-06-23 16:52:10,101 - INFO - -> Objetivo de COMPRA (caída a): $363.50 | Objetivo de VENTA (subida a): $397.94
2026-06-23 16:52:10,101 - INFO - El precio se mantiene dentro del rango. No se requieren acciones.
2026-06-23 16:53:11,346 - INFO - Precio actual de TSLA: $381.27
2026-06-23 16:53:11,346 - INFO - -> Última compra: $382.63 | Compras actuales: 2/10
2026-06-23 16:53:11,346 - INFO - -> Objetivo de COMPRA (caída a): $363.50 | Objetivo de VENTA (subida a): $397.94
2026-06-23 16:53:11,346 - INFO - El precio se mantiene dentro del rango. No se requieren acciones.
2026-06-23 16:54:11,521 - INFO - Precio actual de TSLA: $381.53
2026-06-23 16:54:11,522 - INFO - -> Última compra: $382.63 | Compras actuales: 2/10
2026-06-23 16:54:11,522 - INFO - -> Objetivo de COMPRA (caída a): $363.50 | Objetivo de VENTA (subida a): $397.94
2026-06-23 16:54:11,522 - INFO - El precio se mantiene dentro del rango. No se requieren acciones.
2026-06-23 16:55:11,708 - INFO - Precio actual de TSLA: $381.09
2026-06-23 16:55:11,709 - INFO - -> Última compra: $382.63 | Compras actuales: 2/10
2026-06-23 16:55:11,709 - INFO - -> Objetivo de COMPRA (caída a): $363.50 | Objetivo de VENTA (subida a): $397.94
2026-06-23 16:55:11,709 - INFO - El precio se mantiene dentro del rango. No se requieren acciones.
2026-06-23 16:56:11,883 - INFO - Precio actual de TSLA: $381.49
2026-06-23 16:56:11,883 - INFO - -> Última compra: $382.63 | Compras actuales: 2/10
2026-06-23 16:56:11,884 - INFO - -> Objetivo de COMPRA (caída a): $363.50 | Objetivo de VENTA (subida a): $397.94
2026-06-23 16:56:11,884 - INFO - El precio se mantiene dentro del rango. No se requieren acciones.
2026-06-23 16:57:12,057 - INFO - Precio actual de TSLA: $381.67
2026-06-23 16:57:12,058 - INFO - -> Última compra: $382.63 | Compras actuales: 2/10
2026-06-23 16:57:12,058 - INFO - -> Objetivo de COMPRA (caída a): $363.50 | Objetivo de VENTA (subida a): $397.94
2026-06-23 16:57:12,058 - INFO - El precio se mantiene dentro del rango. No se requieren acciones.
2026-06-23 16:58:12,231 - INFO - Precio actual de TSLA: $382.07
2026-06-23 16:58:12,231 - INFO - -> Última compra: $382.63 | Compras actuales: 2/10
2026-06-23 16:58:12,232 - INFO - -> Objetivo de COMPRA (caída a): $363.50 | Objetivo de VENTA (subida a): $397.94
2026-06-23 16:58:12,232 - INFO - El precio se mantiene dentro del rango. No se requieren acciones.
2026-06-23 16:59:12,407 - INFO - Precio actual de TSLA: $382.12
2026-06-23 16:59:12,407 - INFO - -> Última compra: $382.63 | Compras actuales: 2/10
2026-06-23 16:59:12,407 - INFO - -> Objetivo de COMPRA (caída a): $363.50 | Objetivo de VENTA (subida a): $397.94
2026-06-23 16:59:12,407 - INFO - El precio se mantiene dentro del rango. No se requieren acciones.
2026-06-23 17:00:12,576 - INFO - Precio actual de TSLA: $381.54
2026-06-23 17:00:12,577 - INFO - -> Última compra: $382.63 | Compras actuales: 2/10
2026-06-23 17:00:12,577 - INFO - -> Objetivo de COMPRA (caída a): $363.50 | Objetivo de VENTA (subida a): $397.94
2026-06-23 17:00:12,577 - INFO - El precio se mantiene dentro del rango. No se requieren acciones.
2026-06-23 17:01:12,752 - INFO - Precio actual de TSLA: $381.54
2026-06-23 17:01:12,752 - INFO - -> Última compra: $382.63 | Compras actuales: 2/10
2026-06-23 17:01:12,752 - INFO - -> Objetivo de COMPRA (caída a): $363.50 | Objetivo de VENTA (subida a): $397.94
2026-06-23 17:01:12,752 - INFO - El precio se mantiene dentro del rango. No se requieren acciones.
2026-06-23 17:02:12,927 - INFO - Precio actual de TSLA: $381.54
2026-06-23 17:02:12,929 - INFO - -> Última compra: $382.63 | Compras actuales: 2/10
2026-06-23 17:02:12,929 - INFO - -> Objetivo de COMPRA (caída a): $363.50 | Objetivo de VENTA (subida a): $397.94
2026-06-23 17:02:12,929 - INFO - El precio se mantiene dentro del rango. No se requieren acciones.
2026-06-23 17:03:13,111 - INFO - Precio actual de TSLA: $381.54
2026-06-23 17:03:13,111 - INFO - -> Última compra: $382.63 | Compras actuales: 2/10
2026-06-23 17:03:13,112 - INFO - -> Objetivo de COMPRA (caída a): $363.50 | Objetivo de VENTA (subida a): $397.94
2026-06-23 17:03:13,112 - INFO - El precio se mantiene dentro del rango. No se requieren acciones.
2026-06-23 17:04:13,292 - INFO - Precio actual de TSLA: $381.54
2026-06-23 17:04:13,293 - INFO - -> Última compra: $382.63 | Compras actuales: 2/10
2026-06-23 17:04:13,293 - INFO - -> Objetivo de COMPRA (caída a): $363.50 | Objetivo de VENTA (subida a): $397.94
2026-06-23 17:04:13,293 - INFO - El precio se mantiene dentro del rango. No se requieren acciones.
2026-06-23 17:09:54,004 - ERROR - Error al obtener el precio más reciente de TSLA: ('Connection aborted.', RemoteDisconnected('Remote end closed connection without response'))
2026-06-23 17:09:54,004 - WARNING - No se pudo obtener el precio actual. Reintentando en el próximo ciclo...
2026-06-23 17:10:54,608 - INFO - Precio actual de TSLA: $381.54
2026-06-23 17:10:54,608 - INFO - -> Última compra: $382.63 | Compras actuales: 2/10
2026-06-23 17:10:54,608 - INFO - -> Objetivo de COMPRA (caída a): $363.50 | Objetivo de VENTA (subida a): $397.94
2026-06-23 17:10:54,608 - INFO - El precio se mantiene dentro del rango. No se requieren acciones.
2026-06-23 17:11:54,790 - INFO - Precio actual de TSLA: $381.54
2026-06-23 17:11:54,791 - INFO - -> Última compra: $382.63 | Compras actuales: 2/10
2026-06-23 17:11:54,791 - INFO - -> Objetivo de COMPRA (caída a): $363.50 | Objetivo de VENTA (subida a): $397.94
2026-06-23 17:11:54,791 - INFO - El precio se mantiene dentro del rango. No se requieren acciones.
2026-06-23 17:12:54,961 - INFO - Precio actual de TSLA: $381.54
2026-06-23 17:12:54,961 - INFO - -> Última compra: $382.63 | Compras actuales: 2/10
2026-06-23 17:12:54,962 - INFO - -> Objetivo de COMPRA (caída a): $363.50 | Objetivo de VENTA (subida a): $397.94
2026-06-23 17:12:54,962 - INFO - El precio se mantiene dentro del rango. No se requieren acciones.
2026-06-23 17:13:17,045 - INFO - Precio actual de TSLA: $381.54
2026-06-23 17:13:17,045 - INFO - -> Última compra: $382.63 | Compras actuales: 2/10
2026-06-23 17:13:17,045 - INFO - -> Objetivo de COMPRA (caída a): $363.50 | Objetivo de VENTA (subida a): $397.94
2026-06-23 17:13:17,045 - INFO - El precio se mantiene dentro del rango. No se requieren acciones.
2026-06-23 17:13:55,137 - INFO - Precio actual de TSLA: $381.54
2026-06-23 17:13:55,137 - INFO - -> Última compra: $382.63 | Compras actuales: 2/10
2026-06-23 17:13:55,137 - INFO - -> Objetivo de COMPRA (caída a): $363.50 | Objetivo de VENTA (subida a): $397.94
2026-06-23 17:13:55,137 - INFO - El precio se mantiene dentro del rango. No se requieren acciones.
2026-06-23 17:14:55,308 - INFO - Precio actual de TSLA: $381.54
2026-06-23 17:14:55,310 - INFO - -> Última compra: $382.63 | Compras actuales: 2/10
2026-06-23 17:14:55,310 - INFO - -> Objetivo de COMPRA (caída a): $363.50 | Objetivo de VENTA (subida a): $397.94
2026-06-23 17:14:55,310 - INFO - El precio se mantiene dentro del rango. No se requieren acciones.
2026-06-23 17:15:55,511 - INFO - Precio actual de TSLA: $381.54
2026-06-23 17:15:55,511 - INFO - -> Última compra: $382.63 | Compras actuales: 2/10
2026-06-23 17:15:55,512 - INFO - -> Objetivo de COMPRA (caída a): $363.50 | Objetivo de VENTA (subida a): $397.94
2026-06-23 17:15:55,512 - INFO - El precio se mantiene dentro del rango. No se requieren acciones.
2026-06-23 17:16:55,688 - INFO - Precio actual de TSLA: $381.54
2026-06-23 17:16:55,688 - INFO - -> Última compra: $382.63 | Compras actuales: 2/10
2026-06-23 17:16:55,688 - INFO - -> Objetivo de COMPRA (caída a): $363.50 | Objetivo de VENTA (subida a): $397.94
2026-06-23 17:16:55,689 - INFO - El precio se mantiene dentro del rango. No se requieren acciones.
2026-06-23 17:17:55,859 - INFO - Precio actual de TSLA: $381.54
2026-06-23 17:17:55,860 - INFO - -> Última compra: $382.63 | Compras actuales: 2/10
2026-06-23 17:17:55,860 - INFO - -> Objetivo de COMPRA (caída a): $363.50 | Objetivo de VENTA (subida a): $397.94
2026-06-23 17:17:55,860 - INFO - El precio se mantiene dentro del rango. No se requieren acciones.
2026-06-23 17:18:56,031 - INFO - Precio actual de TSLA: $381.54
2026-06-23 17:18:56,031 - INFO - -> Última compra: $382.63 | Compras actuales: 2/10
2026-06-23 17:18:56,032 - INFO - -> Objetivo de COMPRA (caída a): $363.50 | Objetivo de VENTA (subida a): $397.94
2026-06-23 17:18:56,032 - INFO - El precio se mantiene dentro del rango. No se requieren acciones.
2026-06-23 17:19:56,200 - INFO - Precio actual de TSLA: $381.54
2026-06-23 17:19:56,200 - INFO - -> Última compra: $382.63 | Compras actuales: 2/10
2026-06-23 17:19:56,201 - INFO - -> Objetivo de COMPRA (caída a): $363.50 | Objetivo de VENTA (subida a): $397.94
2026-06-23 17:19:56,202 - INFO - El precio se mantiene dentro del rango. No se requieren acciones.
2026-06-23 17:20:56,378 - INFO - Precio actual de TSLA: $381.54
2026-06-23 17:20:56,378 - INFO - -> Última compra: $382.63 | Compras actuales: 2/10
2026-06-23 17:20:56,379 - INFO - -> Objetivo de COMPRA (caída a): $363.50 | Objetivo de VENTA (subida a): $397.94
2026-06-23 17:20:56,379 - INFO - El precio se mantiene dentro del rango. No se requieren acciones.
2026-06-23 17:21:56,546 - INFO - Precio actual de TSLA: $381.54
2026-06-23 17:21:56,546 - INFO - -> Última compra: $382.63 | Compras actuales: 2/10
2026-06-23 17:21:56,546 - INFO - -> Objetivo de COMPRA (caída a): $363.50 | Objetivo de VENTA (subida a): $397.94
2026-06-23 17:21:56,547 - INFO - El precio se mantiene dentro del rango. No se requieren acciones.
2026-06-23 17:22:56,723 - INFO - Precio actual de TSLA: $381.54
2026-06-23 17:22:56,723 - INFO - -> Última compra: $382.63 | Compras actuales: 2/10
2026-06-23 17:22:56,723 - INFO - -> Objetivo de COMPRA (caída a): $363.50 | Objetivo de VENTA (subida a): $397.94
2026-06-23 17:22:56,724 - INFO - El precio se mantiene dentro del rango. No se requieren acciones.
2026-06-23 17:23:56,893 - INFO - Precio actual de TSLA: $381.54
2026-06-23 17:23:56,894 - INFO - -> Última compra: $382.63 | Compras actuales: 2/10
2026-06-23 17:23:56,894 - INFO - -> Objetivo de COMPRA (caída a): $363.50 | Objetivo de VENTA (subida a): $397.94
2026-06-23 17:23:56,895 - INFO - El precio se mantiene dentro del rango. No se requieren acciones.
2026-06-23 17:24:57,063 - INFO - Precio actual de TSLA: $381.54
2026-06-23 17:24:57,063 - INFO - -> Última compra: $382.63 | Compras actuales: 2/10
2026-06-23 17:24:57,063 - INFO - -> Objetivo de COMPRA (caída a): $363.50 | Objetivo de VENTA (subida a): $397.94
2026-06-23 17:24:57,063 - INFO - El precio se mantiene dentro del rango. No se requieren acciones.
2026-06-23 17:25:57,232 - INFO - Precio actual de TSLA: $381.54
2026-06-23 17:25:57,233 - INFO - -> Última compra: $382.63 | Compras actuales: 2/10
2026-06-23 17:25:57,233 - INFO - -> Objetivo de COMPRA (caída a): $363.50 | Objetivo de VENTA (subida a): $397.94
2026-06-23 17:25:57,233 - INFO - El precio se mantiene dentro del rango. No se requieren acciones.
2026-06-23 17:26:57,401 - INFO - Precio actual de TSLA: $381.54
2026-06-23 17:26:57,401 - INFO - -> Última compra: $382.63 | Compras actuales: 2/10
2026-06-23 17:26:57,401 - INFO - -> Objetivo de COMPRA (caída a): $363.50 | Objetivo de VENTA (subida a): $397.94
2026-06-23 17:26:57,401 - INFO - El precio se mantiene dentro del rango. No se requieren acciones.
2026-06-23 17:27:57,573 - INFO - Precio actual de TSLA: $381.54
2026-06-23 17:27:57,573 - INFO - -> Última compra: $382.63 | Compras actuales: 2/10
2026-06-23 17:27:57,573 - INFO - -> Objetivo de COMPRA (caída a): $363.50 | Objetivo de VENTA (subida a): $397.94
2026-06-23 17:27:57,573 - INFO - El precio se mantiene dentro del rango. No se requieren acciones.
2026-06-23 17:28:57,760 - INFO - Precio actual de TSLA: $381.54
2026-06-23 17:28:57,760 - INFO - -> Última compra: $382.63 | Compras actuales: 2/10
2026-06-23 17:28:57,760 - INFO - -> Objetivo de COMPRA (caída a): $363.50 | Objetivo de VENTA (subida a): $397.94
2026-06-23 17:28:57,760 - INFO - El precio se mantiene dentro del rango. No se requieren acciones.
2026-06-23 17:29:57,929 - INFO - Precio actual de TSLA: $381.54
2026-06-23 17:29:57,929 - INFO - -> Última compra: $382.63 | Compras actuales: 2/10
2026-06-23 17:29:57,929 - INFO - -> Objetivo de COMPRA (caída a): $363.50 | Objetivo de VENTA (subida a): $397.94
2026-06-23 17:29:57,929 - INFO - El precio se mantiene dentro del rango. No se requieren acciones.
2026-06-23 17:30:58,096 - INFO - Precio actual de TSLA: $381.54
2026-06-23 17:30:58,096 - INFO - -> Última compra: $382.63 | Compras actuales: 2/10
2026-06-23 17:30:58,097 - INFO - -> Objetivo de COMPRA (caída a): $363.50 | Objetivo de VENTA (subida a): $397.94
2026-06-23 17:30:58,097 - INFO - El precio se mantiene dentro del rango. No se requieren acciones.
2026-06-23 17:31:58,269 - INFO - Precio actual de TSLA: $381.54
2026-06-23 17:31:58,270 - INFO - -> Última compra: $382.63 | Compras actuales: 2/10
2026-06-23 17:31:58,270 - INFO - -> Objetivo de COMPRA (caída a): $363.50 | Objetivo de VENTA (subida a): $397.94
2026-06-23 17:31:58,270 - INFO - El precio se mantiene dentro del rango. No se requieren acciones.
2026-06-24 07:46:56,904 - INFO - Precio actual de TSLA: $381.54
2026-06-24 07:46:56,904 - INFO - -> Última compra: $382.63 | Compras actuales: 2/10
2026-06-24 07:46:56,905 - INFO - -> Objetivo de COMPRA (caída a): $363.50 | Objetivo de VENTA (subida a): $397.94
2026-06-24 07:46:56,905 - INFO - El precio se mantiene dentro del rango. No se requieren acciones.
2026-06-24 07:47:16,745 - INFO - Precio actual de TSLA: $381.54
2026-06-24 07:47:16,745 - INFO - -> Última compra: $382.63 | Compras actuales: 2/10
2026-06-24 07:47:16,745 - INFO - -> Objetivo de COMPRA (caída a): $363.50 | Objetivo de VENTA (subida a): $397.94
2026-06-24 07:47:16,745 - INFO - El precio se mantiene dentro del rango. No se requieren acciones.
2026-06-24 07:47:58,230 - INFO - Precio actual de TSLA: $381.54
2026-06-24 07:47:58,230 - INFO - -> Última compra: $382.63 | Compras actuales: 2/10
2026-06-24 07:47:58,230 - INFO - -> Objetivo de COMPRA (caída a): $363.50 | Objetivo de VENTA (subida a): $397.94
2026-06-24 07:47:58,230 - INFO - El precio se mantiene dentro del rango. No se requieren acciones.
2026-06-24 07:48:58,409 - INFO - Precio actual de TSLA: $381.54
2026-06-24 07:48:58,409 - INFO - -> Última compra: $382.63 | Compras actuales: 2/10
2026-06-24 07:48:58,409 - INFO - -> Objetivo de COMPRA (caída a): $363.50 | Objetivo de VENTA (subida a): $397.94
2026-06-24 07:48:58,410 - INFO - El precio se mantiene dentro del rango. No se requieren acciones.
2026-06-24 07:49:58,587 - INFO - Precio actual de TSLA: $381.54
2026-06-24 07:49:58,587 - INFO - -> Última compra: $382.63 | Compras actuales: 2/10
2026-06-24 07:49:58,587 - INFO - -> Objetivo de COMPRA (caída a): $363.50 | Objetivo de VENTA (subida a): $397.94
2026-06-24 07:49:58,587 - INFO - El precio se mantiene dentro del rango. No se requieren acciones.
2026-06-24 07:50:58,768 - INFO - Precio actual de TSLA: $381.54
2026-06-24 07:50:58,769 - INFO - -> Última compra: $382.63 | Compras actuales: 2/10
2026-06-24 07:50:58,769 - INFO - -> Objetivo de COMPRA (caída a): $363.50 | Objetivo de VENTA (subida a): $397.94
2026-06-24 07:50:58,769 - INFO - El precio se mantiene dentro del rango. No se requieren acciones.
2026-06-24 07:51:58,948 - INFO - Precio actual de TSLA: $381.54
2026-06-24 07:51:58,949 - INFO - -> Última compra: $382.63 | Compras actuales: 2/10
2026-06-24 07:51:58,949 - INFO - -> Objetivo de COMPRA (caída a): $363.50 | Objetivo de VENTA (subida a): $397.94
2026-06-24 07:51:58,949 - INFO - El precio se mantiene dentro del rango. No se requieren acciones.
2026-06-24 07:52:59,125 - INFO - Precio actual de TSLA: $381.54
2026-06-24 07:52:59,126 - INFO - -> Última compra: $382.63 | Compras actuales: 2/10
2026-06-24 07:52:59,126 - INFO - -> Objetivo de COMPRA (caída a): $363.50 | Objetivo de VENTA (subida a): $397.94
2026-06-24 07:52:59,126 - INFO - El precio se mantiene dentro del rango. No se requieren acciones.
2026-06-24 07:53:59,299 - INFO - Precio actual de TSLA: $381.54
2026-06-24 07:53:59,299 - INFO - -> Última compra: $382.63 | Compras actuales: 2/10
2026-06-24 07:53:59,299 - INFO - -> Objetivo de COMPRA (caída a): $363.50 | Objetivo de VENTA (subida a): $397.94
2026-06-24 07:53:59,299 - INFO - El precio se mantiene dentro del rango. No se requieren acciones.
2026-06-24 07:54:59,475 - INFO - Precio actual de TSLA: $381.54
2026-06-24 07:54:59,476 - INFO - -> Última compra: $382.63 | Compras actuales: 2/10
2026-06-24 07:54:59,476 - INFO - -> Objetivo de COMPRA (caída a): $363.50 | Objetivo de VENTA (subida a): $397.94
2026-06-24 07:54:59,476 - INFO - El precio se mantiene dentro del rango. No se requieren acciones.
2026-06-24 07:55:59,645 - INFO - Precio actual de TSLA: $381.54
2026-06-24 07:55:59,645 - INFO - -> Última compra: $382.63 | Compras actuales: 2/10
2026-06-24 07:55:59,645 - INFO - -> Objetivo de COMPRA (caída a): $363.50 | Objetivo de VENTA (subida a): $397.94
2026-06-24 07:55:59,645 - INFO - El precio se mantiene dentro del rango. No se requieren acciones.
2026-06-24 07:56:59,829 - INFO - Precio actual de TSLA: $381.54
2026-06-24 07:56:59,829 - INFO - -> Última compra: $382.63 | Compras actuales: 2/10
2026-06-24 07:56:59,829 - INFO - -> Objetivo de COMPRA (caída a): $363.50 | Objetivo de VENTA (subida a): $397.94
2026-06-24 07:56:59,829 - INFO - El precio se mantiene dentro del rango. No se requieren acciones.
2026-06-24 07:58:00,006 - INFO - Precio actual de TSLA: $381.54
2026-06-24 07:58:00,008 - INFO - -> Última compra: $382.63 | Compras actuales: 2/10
2026-06-24 07:58:00,008 - INFO - -> Objetivo de COMPRA (caída a): $363.50 | Objetivo de VENTA (subida a): $397.94
2026-06-24 07:58:00,008 - INFO - El precio se mantiene dentro del rango. No se requieren acciones.
2026-06-24 07:59:00,188 - INFO - Precio actual de TSLA: $381.54
2026-06-24 07:59:00,188 - INFO - -> Última compra: $382.63 | Compras actuales: 2/10
2026-06-24 07:59:00,188 - INFO - -> Objetivo de COMPRA (caída a): $363.50 | Objetivo de VENTA (subida a): $397.94
2026-06-24 07:59:00,188 - INFO - El precio se mantiene dentro del rango. No se requieren acciones.
2026-06-24 08:00:00,363 - INFO - Precio actual de TSLA: $381.54
2026-06-24 08:00:00,364 - INFO - -> Última compra: $382.63 | Compras actuales: 2/10
2026-06-24 08:00:00,364 - INFO - -> Objetivo de COMPRA (caída a): $363.50 | Objetivo de VENTA (subida a): $397.94
2026-06-24 08:00:00,364 - INFO - El precio se mantiene dentro del rango. No se requieren acciones.
2026-06-24 08:01:00,546 - INFO - Precio actual de TSLA: $381.54
2026-06-24 08:01:00,546 - INFO - -> Última compra: $382.63 | Compras actuales: 2/10
2026-06-24 08:01:00,547 - INFO - -> Objetivo de COMPRA (caída a): $363.50 | Objetivo de VENTA (subida a): $397.94
2026-06-24 08:01:00,547 - INFO - El precio se mantiene dentro del rango. No se requieren acciones.
2026-06-24 08:02:00,744 - INFO - Precio actual de TSLA: $381.54
2026-06-24 08:02:00,744 - INFO - -> Última compra: $382.63 | Compras actuales: 2/10
2026-06-24 08:02:00,744 - INFO - -> Objetivo de COMPRA (caída a): $363.50 | Objetivo de VENTA (subida a): $397.94
2026-06-24 08:02:00,745 - INFO - El precio se mantiene dentro del rango. No se requieren acciones.
2026-06-24 08:03:00,923 - INFO - Precio actual de TSLA: $381.54
2026-06-24 08:03:00,923 - INFO - -> Última compra: $382.63 | Compras actuales: 2/10
2026-06-24 08:03:00,924 - INFO - -> Objetivo de COMPRA (caída a): $363.50 | Objetivo de VENTA (subida a): $397.94
2026-06-24 08:03:00,924 - INFO - El precio se mantiene dentro del rango. No se requieren acciones.
2026-06-24 08:04:01,108 - INFO - Precio actual de TSLA: $381.54
2026-06-24 08:04:01,108 - INFO - -> Última compra: $382.63 | Compras actuales: 2/10
2026-06-24 08:04:01,108 - INFO - -> Objetivo de COMPRA (caída a): $363.50 | Objetivo de VENTA (subida a): $397.94
2026-06-24 08:04:01,108 - INFO - El precio se mantiene dentro del rango. No se requieren acciones.
2026-06-24 08:05:01,283 - INFO - Precio actual de TSLA: $381.54
2026-06-24 08:05:01,283 - INFO - -> Última compra: $382.63 | Compras actuales: 2/10
2026-06-24 08:05:01,285 - INFO - -> Objetivo de COMPRA (caída a): $363.50 | Objetivo de VENTA (subida a): $397.94
2026-06-24 08:05:01,285 - INFO - El precio se mantiene dentro del rango. No se requieren acciones.
2026-06-24 08:06:01,457 - INFO - Precio actual de TSLA: $381.54
2026-06-24 08:06:01,458 - INFO - -> Última compra: $382.63 | Compras actuales: 2/10
2026-06-24 08:06:01,458 - INFO - -> Objetivo de COMPRA (caída a): $363.50 | Objetivo de VENTA (subida a): $397.94
2026-06-24 08:06:01,458 - INFO - El precio se mantiene dentro del rango. No se requieren acciones.
2026-06-24 08:07:01,648 - INFO - Precio actual de TSLA: $381.54
2026-06-24 08:07:01,649 - INFO - -> Última compra: $382.63 | Compras actuales: 2/10
2026-06-24 08:07:01,650 - INFO - -> Objetivo de COMPRA (caída a): $363.50 | Objetivo de VENTA (subida a): $397.94
2026-06-24 08:07:01,650 - INFO - El precio se mantiene dentro del rango. No se requieren acciones.
2026-06-24 08:07:17,449 - INFO - Precio actual de TSLA: $381.54
2026-06-24 08:07:17,449 - INFO - -> Última compra: $382.63 | Compras actuales: 2/10
2026-06-24 08:07:17,449 - INFO - -> Objetivo de COMPRA (caída a): $363.50 | Objetivo de VENTA (subida a): $397.94
2026-06-24 08:07:17,450 - INFO - El precio se mantiene dentro del rango. No se requieren acciones.
2026-06-24 08:08:01,832 - INFO - Precio actual de TSLA: $381.54
2026-06-24 08:08:01,833 - INFO - -> Última compra: $382.63 | Compras actuales: 2/10
2026-06-24 08:08:01,833 - INFO - -> Objetivo de COMPRA (caída a): $363.50 | Objetivo de VENTA (subida a): $397.94
2026-06-24 08:08:01,833 - INFO - El precio se mantiene dentro del rango. No se requieren acciones.
2026-06-24 08:09:02,007 - INFO - Precio actual de TSLA: $381.54
2026-06-24 08:09:02,007 - INFO - -> Última compra: $382.63 | Compras actuales: 2/10
2026-06-24 08:09:02,007 - INFO - -> Objetivo de COMPRA (caída a): $363.50 | Objetivo de VENTA (subida a): $397.94
2026-06-24 08:09:02,008 - INFO - El precio se mantiene dentro del rango. No se requieren acciones.
2026-06-24 08:10:02,182 - INFO - Precio actual de TSLA: $381.54
2026-06-24 08:10:02,184 - INFO - -> Última compra: $382.63 | Compras actuales: 2/10
2026-06-24 08:10:02,184 - INFO - -> Objetivo de COMPRA (caída a): $363.50 | Objetivo de VENTA (subida a): $397.94
2026-06-24 08:10:02,184 - INFO - El precio se mantiene dentro del rango. No se requieren acciones.
2026-06-24 08:11:02,361 - INFO - Precio actual de TSLA: $381.54
2026-06-24 08:11:02,363 - INFO - -> Última compra: $382.63 | Compras actuales: 2/10
2026-06-24 08:11:02,363 - INFO - -> Objetivo de COMPRA (caída a): $363.50 | Objetivo de VENTA (subida a): $397.94
2026-06-24 08:11:02,363 - INFO - El precio se mantiene dentro del rango. No se requieren acciones.
2026-06-24 08:12:02,539 - INFO - Precio actual de TSLA: $381.54
2026-06-24 08:12:02,540 - INFO - -> Última compra: $382.63 | Compras actuales: 2/10
2026-06-24 08:12:02,540 - INFO - -> Objetivo de COMPRA (caída a): $363.50 | Objetivo de VENTA (subida a): $397.94
2026-06-24 08:12:02,541 - INFO - El precio se mantiene dentro del rango. No se requieren acciones.
2026-06-24 08:13:02,721 - INFO - Precio actual de TSLA: $381.54
2026-06-24 08:13:02,722 - INFO - -> Última compra: $382.63 | Compras actuales: 2/10
2026-06-24 08:13:02,722 - INFO - -> Objetivo de COMPRA (caída a): $363.50 | Objetivo de VENTA (subida a): $397.94
2026-06-24 08:13:02,722 - INFO - El precio se mantiene dentro del rango. No se requieren acciones.
2026-06-24 08:14:02,910 - INFO - Precio actual de TSLA: $381.54
2026-06-24 08:14:02,910 - INFO - -> Última compra: $382.63 | Compras actuales: 2/10
2026-06-24 08:14:02,911 - INFO - -> Objetivo de COMPRA (caída a): $363.50 | Objetivo de VENTA (subida a): $397.94
2026-06-24 08:14:02,911 - INFO - El precio se mantiene dentro del rango. No se requieren acciones.
2026-06-24 08:15:03,092 - INFO - Precio actual de TSLA: $381.54
2026-06-24 08:15:03,092 - INFO - -> Última compra: $382.63 | Compras actuales: 2/10
2026-06-24 08:15:03,092 - INFO - -> Objetivo de COMPRA (caída a): $363.50 | Objetivo de VENTA (subida a): $397.94
2026-06-24 08:15:03,092 - INFO - El precio se mantiene dentro del rango. No se requieren acciones.
2026-06-24 08:16:03,271 - INFO - Precio actual de TSLA: $381.54
2026-06-24 08:16:03,271 - INFO - -> Última compra: $382.63 | Compras actuales: 2/10
2026-06-24 08:16:03,271 - INFO - -> Objetivo de COMPRA (caída a): $363.50 | Objetivo de VENTA (subida a): $397.94
2026-06-24 08:16:03,271 - INFO - El precio se mantiene dentro del rango. No se requieren acciones.
2026-06-24 08:17:03,454 - INFO - Precio actual de TSLA: $381.54
2026-06-24 08:17:03,454 - INFO - -> Última compra: $382.63 | Compras actuales: 2/10
2026-06-24 08:17:03,455 - INFO - -> Objetivo de COMPRA (caída a): $363.50 | Objetivo de VENTA (subida a): $397.94
2026-06-24 08:17:03,455 - INFO - El precio se mantiene dentro del rango. No se requieren acciones.
2026-06-24 08:18:03,629 - INFO - Precio actual de TSLA: $381.54
2026-06-24 08:18:03,629 - INFO - -> Última compra: $382.63 | Compras actuales: 2/10
2026-06-24 08:18:03,630 - INFO - -> Objetivo de COMPRA (caída a): $363.50 | Objetivo de VENTA (subida a): $397.94
2026-06-24 08:18:03,630 - INFO - El precio se mantiene dentro del rango. No se requieren acciones.
2026-06-24 08:19:03,805 - INFO - Precio actual de TSLA: $381.54
2026-06-24 08:19:03,805 - INFO - -> Última compra: $382.63 | Compras actuales: 2/10
2026-06-24 08:19:03,805 - INFO - -> Objetivo de COMPRA (caída a): $363.50 | Objetivo de VENTA (subida a): $397.94
2026-06-24 08:19:03,805 - INFO - El precio se mantiene dentro del rango. No se requieren acciones.
2026-06-24 08:20:03,990 - INFO - Precio actual de TSLA: $381.54
2026-06-24 08:20:03,990 - INFO - -> Última compra: $382.63 | Compras actuales: 2/10
2026-06-24 08:20:03,991 - INFO - -> Objetivo de COMPRA (caída a): $363.50 | Objetivo de VENTA (subida a): $397.94
2026-06-24 08:20:03,991 - INFO - El precio se mantiene dentro del rango. No se requieren acciones.
2026-06-24 08:21:04,171 - INFO - Precio actual de TSLA: $381.54
2026-06-24 08:21:04,171 - INFO - -> Última compra: $382.63 | Compras actuales: 2/10
2026-06-24 08:21:04,171 - INFO - -> Objetivo de COMPRA (caída a): $363.50 | Objetivo de VENTA (subida a): $397.94
2026-06-24 08:21:04,171 - INFO - El precio se mantiene dentro del rango. No se requieren acciones.
2026-06-24 08:22:04,351 - INFO - Precio actual de TSLA: $381.54
2026-06-24 08:22:04,351 - INFO - -> Última compra: $382.63 | Compras actuales: 2/10
2026-06-24 08:22:04,351 - INFO - -> Objetivo de COMPRA (caída a): $363.50 | Objetivo de VENTA (subida a): $397.94
2026-06-24 08:22:04,351 - INFO - El precio se mantiene dentro del rango. No se requieren acciones.
2026-06-24 08:23:04,532 - INFO - Precio actual de TSLA: $381.54
2026-06-24 08:23:04,532 - INFO - -> Última compra: $382.63 | Compras actuales: 2/10
2026-06-24 08:23:04,533 - INFO - -> Objetivo de COMPRA (caída a): $363.50 | Objetivo de VENTA (subida a): $397.94
2026-06-24 08:23:04,533 - INFO - El precio se mantiene dentro del rango. No se requieren acciones.
2026-06-24 08:24:04,703 - INFO - Precio actual de TSLA: $381.54
2026-06-24 08:24:04,705 - INFO - -> Última compra: $382.63 | Compras actuales: 2/10
2026-06-24 08:24:04,705 - INFO - -> Objetivo de COMPRA (caída a): $363.50 | Objetivo de VENTA (subida a): $397.94
2026-06-24 08:24:04,705 - INFO - El precio se mantiene dentro del rango. No se requieren acciones.
2026-06-24 08:25:04,887 - INFO - Precio actual de TSLA: $381.54
2026-06-24 08:25:04,888 - INFO - -> Última compra: $382.63 | Compras actuales: 2/10
2026-06-24 08:25:04,888 - INFO - -> Objetivo de COMPRA (caída a): $363.50 | Objetivo de VENTA (subida a): $397.94
2026-06-24 08:25:04,888 - INFO - El precio se mantiene dentro del rango. No se requieren acciones.
2026-06-24 08:26:05,065 - INFO - Precio actual de TSLA: $381.54
2026-06-24 08:26:05,065 - INFO - -> Última compra: $382.63 | Compras actuales: 2/10
2026-06-24 08:26:05,066 - INFO - -> Objetivo de COMPRA (caída a): $363.50 | Objetivo de VENTA (subida a): $397.94
2026-06-24 08:26:05,066 - INFO - El precio se mantiene dentro del rango. No se requieren acciones.
2026-06-24 08:27:05,234 - INFO - Precio actual de TSLA: $381.54
2026-06-24 08:27:05,234 - INFO - -> Última compra: $382.63 | Compras actuales: 2/10
2026-06-24 08:27:05,234 - INFO - -> Objetivo de COMPRA (caída a): $363.50 | Objetivo de VENTA (subida a): $397.94
2026-06-24 08:27:05,234 - INFO - El precio se mantiene dentro del rango. No se requieren acciones.
2026-06-24 08:27:18,027 - INFO - Precio actual de TSLA: $381.54
2026-06-24 08:27:18,027 - INFO - -> Última compra: $382.63 | Compras actuales: 2/10
2026-06-24 08:27:18,027 - INFO - -> Objetivo de COMPRA (caída a): $363.50 | Objetivo de VENTA (subida a): $397.94
2026-06-24 08:27:18,028 - INFO - El precio se mantiene dentro del rango. No se requieren acciones.
2026-06-24 08:28:05,404 - INFO - Precio actual de TSLA: $381.54
2026-06-24 08:28:05,404 - INFO - -> Última compra: $382.63 | Compras actuales: 2/10
2026-06-24 08:28:05,405 - INFO - -> Objetivo de COMPRA (caída a): $363.50 | Objetivo de VENTA (subida a): $397.94
2026-06-24 08:28:05,405 - INFO - El precio se mantiene dentro del rango. No se requieren acciones.
2026-06-24 08:29:05,581 - INFO - Precio actual de TSLA: $381.54
2026-06-24 08:29:05,581 - INFO - -> Última compra: $382.63 | Compras actuales: 2/10
2026-06-24 08:29:05,581 - INFO - -> Objetivo de COMPRA (caída a): $363.50 | Objetivo de VENTA (subida a): $397.94
2026-06-24 08:29:05,581 - INFO - El precio se mantiene dentro del rango. No se requieren acciones.
2026-06-24 08:30:05,752 - INFO - Precio actual de TSLA: $381.54
2026-06-24 08:30:05,752 - INFO - -> Última compra: $382.63 | Compras actuales: 2/10
2026-06-24 08:30:05,752 - INFO - -> Objetivo de COMPRA (caída a): $363.50 | Objetivo de VENTA (subida a): $397.94
2026-06-24 08:30:05,752 - INFO - El precio se mantiene dentro del rango. No se requieren acciones.
2026-06-24 08:31:05,924 - INFO - Precio actual de TSLA: $381.54
2026-06-24 08:31:05,924 - INFO - -> Última compra: $382.63 | Compras actuales: 2/10
2026-06-24 08:31:05,924 - INFO - -> Objetivo de COMPRA (caída a): $363.50 | Objetivo de VENTA (subida a): $397.94
2026-06-24 08:31:05,925 - INFO - El precio se mantiene dentro del rango. No se requieren acciones.
2026-06-24 08:32:06,099 - INFO - Precio actual de TSLA: $381.54
2026-06-24 08:32:06,100 - INFO - -> Última compra: $382.63 | Compras actuales: 2/10
2026-06-24 08:32:06,101 - INFO - -> Objetivo de COMPRA (caída a): $363.50 | Objetivo de VENTA (subida a): $397.94
2026-06-24 08:32:06,101 - INFO - El precio se mantiene dentro del rango. No se requieren acciones.
2026-06-24 08:33:06,279 - INFO - Precio actual de TSLA: $381.54
2026-06-24 08:33:06,280 - INFO - -> Última compra: $382.63 | Compras actuales: 2/10
2026-06-24 08:33:06,280 - INFO - -> Objetivo de COMPRA (caída a): $363.50 | Objetivo de VENTA (subida a): $397.94
2026-06-24 08:33:06,280 - INFO - El precio se mantiene dentro del rango. No se requieren acciones.
2026-06-24 08:34:06,458 - INFO - Precio actual de TSLA: $381.54
2026-06-24 08:34:06,458 - INFO - -> Última compra: $382.63 | Compras actuales: 2/10
2026-06-24 08:34:06,458 - INFO - -> Objetivo de COMPRA (caída a): $363.50 | Objetivo de VENTA (subida a): $397.94
2026-06-24 08:34:06,458 - INFO - El precio se mantiene dentro del rango. No se requieren acciones.
2026-06-24 08:35:06,629 - INFO - Precio actual de TSLA: $381.54
2026-06-24 08:35:06,630 - INFO - -> Última compra: $382.63 | Compras actuales: 2/10
2026-06-24 08:35:06,630 - INFO - -> Objetivo de COMPRA (caída a): $363.50 | Objetivo de VENTA (subida a): $397.94
2026-06-24 08:35:06,630 - INFO - El precio se mantiene dentro del rango. No se requieren acciones.
2026-06-24 08:36:06,807 - INFO - Precio actual de TSLA: $381.54
2026-06-24 08:36:06,807 - INFO - -> Última compra: $382.63 | Compras actuales: 2/10
2026-06-24 08:36:06,807 - INFO - -> Objetivo de COMPRA (caída a): $363.50 | Objetivo de VENTA (subida a): $397.94
2026-06-24 08:36:06,808 - INFO - El precio se mantiene dentro del rango. No se requieren acciones.
2026-06-24 08:37:06,983 - INFO - Precio actual de TSLA: $381.54
2026-06-24 08:37:06,984 - INFO - -> Última compra: $382.63 | Compras actuales: 2/10
2026-06-24 08:37:06,984 - INFO - -> Objetivo de COMPRA (caída a): $363.50 | Objetivo de VENTA (subida a): $397.94
2026-06-24 08:37:06,984 - INFO - El precio se mantiene dentro del rango. No se requieren acciones.
2026-06-24 08:38:07,161 - INFO - Precio actual de TSLA: $381.54
2026-06-24 08:38:07,161 - INFO - -> Última compra: $382.63 | Compras actuales: 2/10
2026-06-24 08:38:07,161 - INFO - -> Objetivo de COMPRA (caída a): $363.50 | Objetivo de VENTA (subida a): $397.94
2026-06-24 08:38:07,162 - INFO - El precio se mantiene dentro del rango. No se requieren acciones.
2026-06-24 08:39:07,344 - INFO - Precio actual de TSLA: $381.54
2026-06-24 08:39:07,344 - INFO - -> Última compra: $382.63 | Compras actuales: 2/10
2026-06-24 08:39:07,344 - INFO - -> Objetivo de COMPRA (caída a): $363.50 | Objetivo de VENTA (subida a): $397.94
2026-06-24 08:39:07,344 - INFO - El precio se mantiene dentro del rango. No se requieren acciones.
2026-06-24 08:40:07,582 - INFO - Precio actual de TSLA: $381.54
2026-06-24 08:40:07,582 - INFO - -> Última compra: $382.63 | Compras actuales: 2/10
2026-06-24 08:40:07,582 - INFO - -> Objetivo de COMPRA (caída a): $363.50 | Objetivo de VENTA (subida a): $397.94
2026-06-24 08:40:07,582 - INFO - El precio se mantiene dentro del rango. No se requieren acciones.
2026-06-24 08:41:07,767 - INFO - Precio actual de TSLA: $381.54
2026-06-24 08:41:07,769 - INFO - -> Última compra: $382.63 | Compras actuales: 2/10
2026-06-24 08:41:07,769 - INFO - -> Objetivo de COMPRA (caída a): $363.50 | Objetivo de VENTA (subida a): $397.94
2026-06-24 08:41:07,769 - INFO - El precio se mantiene dentro del rango. No se requieren acciones.
2026-06-24 08:42:07,948 - INFO - Precio actual de TSLA: $381.54
2026-06-24 08:42:07,948 - INFO - -> Última compra: $382.63 | Compras actuales: 2/10
2026-06-24 08:42:07,949 - INFO - -> Objetivo de COMPRA (caída a): $363.50 | Objetivo de VENTA (subida a): $397.94
2026-06-24 08:42:07,949 - INFO - El precio se mantiene dentro del rango. No se requieren acciones.
2026-06-24 08:43:08,128 - INFO - Precio actual de TSLA: $381.54
2026-06-24 08:43:08,128 - INFO - -> Última compra: $382.63 | Compras actuales: 2/10
2026-06-24 08:43:08,128 - INFO - -> Objetivo de COMPRA (caída a): $363.50 | Objetivo de VENTA (subida a): $397.94
2026-06-24 08:43:08,128 - INFO - El precio se mantiene dentro del rango. No se requieren acciones.
2026-06-24 08:44:08,304 - INFO - Precio actual de TSLA: $381.54
2026-06-24 08:44:08,304 - INFO - -> Última compra: $382.63 | Compras actuales: 2/10
2026-06-24 08:44:08,304 - INFO - -> Objetivo de COMPRA (caída a): $363.50 | Objetivo de VENTA (subida a): $397.94
2026-06-24 08:44:08,304 - INFO - El precio se mantiene dentro del rango. No se requieren acciones.
2026-06-24 08:45:08,513 - INFO - Precio actual de TSLA: $381.54
2026-06-24 08:45:08,513 - INFO - -> Última compra: $382.63 | Compras actuales: 2/10
2026-06-24 08:45:08,515 - INFO - -> Objetivo de COMPRA (caída a): $363.50 | Objetivo de VENTA (subida a): $397.94
2026-06-24 08:45:08,515 - INFO - El precio se mantiene dentro del rango. No se requieren acciones.
2026-06-24 08:46:08,692 - INFO - Precio actual de TSLA: $381.54
2026-06-24 08:46:08,694 - INFO - -> Última compra: $382.63 | Compras actuales: 2/10
2026-06-24 08:46:08,694 - INFO - -> Objetivo de COMPRA (caída a): $363.50 | Objetivo de VENTA (subida a): $397.94
2026-06-24 08:46:08,694 - INFO - El precio se mantiene dentro del rango. No se requieren acciones.
2026-06-24 08:47:08,872 - INFO - Precio actual de TSLA: $381.54
2026-06-24 08:47:08,872 - INFO - -> Última compra: $382.63 | Compras actuales: 2/10
2026-06-24 08:47:08,873 - INFO - -> Objetivo de COMPRA (caída a): $363.50 | Objetivo de VENTA (subida a): $397.94
2026-06-24 08:47:08,873 - INFO - El precio se mantiene dentro del rango. No se requieren acciones.
2026-06-24 08:47:18,583 - INFO - Precio actual de TSLA: $381.54
2026-06-24 08:47:18,584 - INFO - -> Última compra: $382.63 | Compras actuales: 2/10
2026-06-24 08:47:18,584 - INFO - -> Objetivo de COMPRA (caída a): $363.50 | Objetivo de VENTA (subida a): $397.94
2026-06-24 08:47:18,584 - INFO - El precio se mantiene dentro del rango. No se requieren acciones.
2026-06-24 08:48:09,461 - INFO - Precio actual de TSLA: $381.54
2026-06-24 08:48:09,461 - INFO - -> Última compra: $382.63 | Compras actuales: 2/10
2026-06-24 08:48:09,462 - INFO - -> Objetivo de COMPRA (caída a): $363.50 | Objetivo de VENTA (subida a): $397.94
2026-06-24 08:48:09,462 - INFO - El precio se mantiene dentro del rango. No se requieren acciones.
2026-06-24 08:49:09,659 - INFO - Precio actual de TSLA: $381.54
2026-06-24 08:49:09,659 - INFO - -> Última compra: $382.63 | Compras actuales: 2/10
2026-06-24 08:49:09,659 - INFO - -> Objetivo de COMPRA (caída a): $363.50 | Objetivo de VENTA (subida a): $397.94
2026-06-24 08:49:09,659 - INFO - El precio se mantiene dentro del rango. No se requieren acciones.
2026-06-24 08:50:09,837 - INFO - Precio actual de TSLA: $381.54
2026-06-24 08:50:09,837 - INFO - -> Última compra: $382.63 | Compras actuales: 2/10
2026-06-24 08:50:09,837 - INFO - -> Objetivo de COMPRA (caída a): $363.50 | Objetivo de VENTA (subida a): $397.94
2026-06-24 08:50:09,837 - INFO - El precio se mantiene dentro del rango. No se requieren acciones.
2026-06-24 08:51:10,003 - INFO - Precio actual de TSLA: $381.54
2026-06-24 08:51:10,003 - INFO - -> Última compra: $382.63 | Compras actuales: 2/10
2026-06-24 08:51:10,004 - INFO - -> Objetivo de COMPRA (caída a): $363.50 | Objetivo de VENTA (subida a): $397.94
2026-06-24 08:51:10,004 - INFO - El precio se mantiene dentro del rango. No se requieren acciones.
2026-06-24 08:52:10,179 - INFO - Precio actual de TSLA: $381.54
2026-06-24 08:52:10,179 - INFO - -> Última compra: $382.63 | Compras actuales: 2/10
2026-06-24 08:52:10,179 - INFO - -> Objetivo de COMPRA (caída a): $363.50 | Objetivo de VENTA (subida a): $397.94
2026-06-24 08:52:10,179 - INFO - El precio se mantiene dentro del rango. No se requieren acciones.
2026-06-24 08:53:10,352 - INFO - Precio actual de TSLA: $381.54
2026-06-24 08:53:10,353 - INFO - -> Última compra: $382.63 | Compras actuales: 2/10
2026-06-24 08:53:10,354 - INFO - -> Objetivo de COMPRA (caída a): $363.50 | Objetivo de VENTA (subida a): $397.94
2026-06-24 08:53:10,354 - INFO - El precio se mantiene dentro del rango. No se requieren acciones.
2026-06-24 08:54:10,529 - INFO - Precio actual de TSLA: $381.54
2026-06-24 08:54:10,530 - INFO - -> Última compra: $382.63 | Compras actuales: 2/10
2026-06-24 08:54:10,530 - INFO - -> Objetivo de COMPRA (caída a): $363.50 | Objetivo de VENTA (subida a): $397.94
2026-06-24 08:54:10,530 - INFO - El precio se mantiene dentro del rango. No se requieren acciones.
2026-06-24 08:55:10,699 - INFO - Precio actual de TSLA: $381.54
2026-06-24 08:55:10,699 - INFO - -> Última compra: $382.63 | Compras actuales: 2/10
2026-06-24 08:55:10,700 - INFO - -> Objetivo de COMPRA (caída a): $363.50 | Objetivo de VENTA (subida a): $397.94
2026-06-24 08:55:10,700 - INFO - El precio se mantiene dentro del rango. No se requieren acciones.
2026-06-24 08:56:10,876 - INFO - Precio actual de TSLA: $381.54
2026-06-24 08:56:10,877 - INFO - -> Última compra: $382.63 | Compras actuales: 2/10
2026-06-24 08:56:10,877 - INFO - -> Objetivo de COMPRA (caída a): $363.50 | Objetivo de VENTA (subida a): $397.94
2026-06-24 08:56:10,877 - INFO - El precio se mantiene dentro del rango. No se requieren acciones.
2026-06-24 08:57:11,056 - INFO - Precio actual de TSLA: $381.54
2026-06-24 08:57:11,056 - INFO - -> Última compra: $382.63 | Compras actuales: 2/10
2026-06-24 08:57:11,056 - INFO - -> Objetivo de COMPRA (caída a): $363.50 | Objetivo de VENTA (subida a): $397.94
2026-06-24 08:57:11,056 - INFO - El precio se mantiene dentro del rango. No se requieren acciones.
2026-06-24 08:58:11,234 - INFO - Precio actual de TSLA: $381.54
2026-06-24 08:58:11,234 - INFO - -> Última compra: $382.63 | Compras actuales: 2/10
2026-06-24 08:58:11,234 - INFO - -> Objetivo de COMPRA (caída a): $363.50 | Objetivo de VENTA (subida a): $397.94
2026-06-24 08:58:11,234 - INFO - El precio se mantiene dentro del rango. No se requieren acciones.
2026-06-24 08:59:11,408 - INFO - Precio actual de TSLA: $381.54
2026-06-24 08:59:11,408 - INFO - -> Última compra: $382.63 | Compras actuales: 2/10
2026-06-24 08:59:11,408 - INFO - -> Objetivo de COMPRA (caída a): $363.50 | Objetivo de VENTA (subida a): $397.94
2026-06-24 08:59:11,409 - INFO - El precio se mantiene dentro del rango. No se requieren acciones.
2026-06-24 09:00:11,583 - INFO - Precio actual de TSLA: $381.54
2026-06-24 09:00:11,583 - INFO - -> Última compra: $382.63 | Compras actuales: 2/10
2026-06-24 09:00:11,583 - INFO - -> Objetivo de COMPRA (caída a): $363.50 | Objetivo de VENTA (subida a): $397.94
2026-06-24 09:00:11,583 - INFO - El precio se mantiene dentro del rango. No se requieren acciones.
2026-06-24 09:01:11,766 - INFO - Precio actual de TSLA: $381.54
2026-06-24 09:01:11,766 - INFO - -> Última compra: $382.63 | Compras actuales: 2/10
2026-06-24 09:01:11,766 - INFO - -> Objetivo de COMPRA (caída a): $363.50 | Objetivo de VENTA (subida a): $397.94
2026-06-24 09:01:11,766 - INFO - El precio se mantiene dentro del rango. No se requieren acciones.
2026-06-24 09:02:11,945 - INFO - Precio actual de TSLA: $381.54
2026-06-24 09:02:11,946 - INFO - -> Última compra: $382.63 | Compras actuales: 2/10
2026-06-24 09:02:11,946 - INFO - -> Objetivo de COMPRA (caída a): $363.50 | Objetivo de VENTA (subida a): $397.94
2026-06-24 09:02:11,946 - INFO - El precio se mantiene dentro del rango. No se requieren acciones.
2026-06-24 09:03:12,122 - INFO - Precio actual de TSLA: $381.54
2026-06-24 09:03:12,122 - INFO - -> Última compra: $382.63 | Compras actuales: 2/10
2026-06-24 09:03:12,122 - INFO - -> Objetivo de COMPRA (caída a): $363.50 | Objetivo de VENTA (subida a): $397.94
2026-06-24 09:03:12,123 - INFO - El precio se mantiene dentro del rango. No se requieren acciones.
2026-06-24 09:04:12,304 - INFO - Precio actual de TSLA: $381.54
2026-06-24 09:04:12,304 - INFO - -> Última compra: $382.63 | Compras actuales: 2/10
2026-06-24 09:04:12,304 - INFO - -> Objetivo de COMPRA (caída a): $363.50 | Objetivo de VENTA (subida a): $397.94
2026-06-24 09:04:12,304 - INFO - El precio se mantiene dentro del rango. No se requieren acciones.
2026-06-24 09:05:12,482 - INFO - Precio actual de TSLA: $381.54
2026-06-24 09:05:12,483 - INFO - -> Última compra: $382.63 | Compras actuales: 2/10
2026-06-24 09:05:12,483 - INFO - -> Objetivo de COMPRA (caída a): $363.50 | Objetivo de VENTA (subida a): $397.94
2026-06-24 09:05:12,483 - INFO - El precio se mantiene dentro del rango. No se requieren acciones.
2026-06-24 09:06:12,661 - INFO - Precio actual de TSLA: $381.54
2026-06-24 09:06:12,662 - INFO - -> Última compra: $382.63 | Compras actuales: 2/10
2026-06-24 09:06:12,662 - INFO - -> Objetivo de COMPRA (caída a): $363.50 | Objetivo de VENTA (subida a): $397.94
2026-06-24 09:06:12,662 - INFO - El precio se mantiene dentro del rango. No se requieren acciones.
2026-06-24 09:07:12,844 - INFO - Precio actual de TSLA: $381.54
2026-06-24 09:07:12,844 - INFO - -> Última compra: $382.63 | Compras actuales: 2/10
2026-06-24 09:07:12,844 - INFO - -> Objetivo de COMPRA (caída a): $363.50 | Objetivo de VENTA (subida a): $397.94
2026-06-24 09:07:12,844 - INFO - El precio se mantiene dentro del rango. No se requieren acciones.
2026-06-24 09:07:19,221 - INFO - Precio actual de TSLA: $381.54
2026-06-24 09:07:19,221 - INFO - -> Última compra: $382.63 | Compras actuales: 2/10
2026-06-24 09:07:19,221 - INFO - -> Objetivo de COMPRA (caída a): $363.50 | Objetivo de VENTA (subida a): $397.94
2026-06-24 09:07:19,222 - INFO - El precio se mantiene dentro del rango. No se requieren acciones.
2026-06-24 09:08:13,026 - INFO - Precio actual de TSLA: $381.54
2026-06-24 09:08:13,027 - INFO - -> Última compra: $382.63 | Compras actuales: 2/10
2026-06-24 09:08:13,027 - INFO - -> Objetivo de COMPRA (caída a): $363.50 | Objetivo de VENTA (subida a): $397.94
2026-06-24 09:08:13,027 - INFO - El precio se mantiene dentro del rango. No se requieren acciones.
2026-06-24 09:09:13,205 - INFO - Precio actual de TSLA: $381.54
2026-06-24 09:09:13,205 - INFO - -> Última compra: $382.63 | Compras actuales: 2/10
2026-06-24 09:09:13,205 - INFO - -> Objetivo de COMPRA (caída a): $363.50 | Objetivo de VENTA (subida a): $397.94
2026-06-24 09:09:13,205 - INFO - El precio se mantiene dentro del rango. No se requieren acciones.
2026-06-24 09:10:13,386 - INFO - Precio actual de TSLA: $381.54
2026-06-24 09:10:13,386 - INFO - -> Última compra: $382.63 | Compras actuales: 2/10
2026-06-24 09:10:13,386 - INFO - -> Objetivo de COMPRA (caída a): $363.50 | Objetivo de VENTA (subida a): $397.94
2026-06-24 09:10:13,386 - INFO - El precio se mantiene dentro del rango. No se requieren acciones.
2026-06-24 09:11:13,561 - INFO - Precio actual de TSLA: $381.54
2026-06-24 09:11:13,562 - INFO - -> Última compra: $382.63 | Compras actuales: 2/10
2026-06-24 09:11:13,563 - INFO - -> Objetivo de COMPRA (caída a): $363.50 | Objetivo de VENTA (subida a): $397.94
2026-06-24 09:11:13,563 - INFO - El precio se mantiene dentro del rango. No se requieren acciones.
2026-06-24 09:12:13,739 - INFO - Precio actual de TSLA: $381.54
2026-06-24 09:12:13,740 - INFO - -> Última compra: $382.63 | Compras actuales: 2/10
2026-06-24 09:12:13,740 - INFO - -> Objetivo de COMPRA (caída a): $363.50 | Objetivo de VENTA (subida a): $397.94
2026-06-24 09:12:13,740 - INFO - El precio se mantiene dentro del rango. No se requieren acciones.
2026-06-24 09:13:13,922 - INFO - Precio actual de TSLA: $381.54
2026-06-24 09:13:13,922 - INFO - -> Última compra: $382.63 | Compras actuales: 2/10
2026-06-24 09:13:13,922 - INFO - -> Objetivo de COMPRA (caída a): $363.50 | Objetivo de VENTA (subida a): $397.94
2026-06-24 09:13:13,922 - INFO - El precio se mantiene dentro del rango. No se requieren acciones.
2026-06-24 09:14:14,274 - INFO - Precio actual de TSLA: $381.54
2026-06-24 09:14:14,274 - INFO - -> Última compra: $382.63 | Compras actuales: 2/10
2026-06-24 09:14:14,274 - INFO - -> Objetivo de COMPRA (caída a): $363.50 | Objetivo de VENTA (subida a): $397.94
2026-06-24 09:14:14,274 - INFO - El precio se mantiene dentro del rango. No se requieren acciones.
2026-06-24 09:15:14,528 - INFO - Precio actual de TSLA: $381.54
2026-06-24 09:15:14,529 - INFO - -> Última compra: $382.63 | Compras actuales: 2/10
2026-06-24 09:15:14,529 - INFO - -> Objetivo de COMPRA (caída a): $363.50 | Objetivo de VENTA (subida a): $397.94
2026-06-24 09:15:14,529 - INFO - El precio se mantiene dentro del rango. No se requieren acciones.
2026-06-24 09:16:14,709 - INFO - Precio actual de TSLA: $381.54
2026-06-24 09:16:14,710 - INFO - -> Última compra: $382.63 | Compras actuales: 2/10
2026-06-24 09:16:14,710 - INFO - -> Objetivo de COMPRA (caída a): $363.50 | Objetivo de VENTA (subida a): $397.94
2026-06-24 09:16:14,710 - INFO - El precio se mantiene dentro del rango. No se requieren acciones.
2026-06-24 09:17:14,886 - INFO - Precio actual de TSLA: $381.54
2026-06-24 09:17:14,886 - INFO - -> Última compra: $382.63 | Compras actuales: 2/10
2026-06-24 09:17:14,886 - INFO - -> Objetivo de COMPRA (caída a): $363.50 | Objetivo de VENTA (subida a): $397.94
2026-06-24 09:17:14,886 - INFO - El precio se mantiene dentro del rango. No se requieren acciones.
2026-06-24 09:18:15,074 - INFO - Precio actual de TSLA: $381.54
2026-06-24 09:18:15,075 - INFO - -> Última compra: $382.63 | Compras actuales: 2/10
2026-06-24 09:18:15,075 - INFO - -> Objetivo de COMPRA (caída a): $363.50 | Objetivo de VENTA (subida a): $397.94
2026-06-24 09:18:15,075 - INFO - El precio se mantiene dentro del rango. No se requieren acciones.
2026-06-24 09:19:15,252 - INFO - Precio actual de TSLA: $381.54
2026-06-24 09:19:15,252 - INFO - -> Última compra: $382.63 | Compras actuales: 2/10
2026-06-24 09:19:15,253 - INFO - -> Objetivo de COMPRA (caída a): $363.50 | Objetivo de VENTA (subida a): $397.94
2026-06-24 09:19:15,253 - INFO - El precio se mantiene dentro del rango. No se requieren acciones.
2026-06-24 09:20:15,441 - INFO - Precio actual de TSLA: $381.54
2026-06-24 09:20:15,441 - INFO - -> Última compra: $382.63 | Compras actuales: 2/10
2026-06-24 09:20:15,441 - INFO - -> Objetivo de COMPRA (caída a): $363.50 | Objetivo de VENTA (subida a): $397.94
2026-06-24 09:20:15,441 - INFO - El precio se mantiene dentro del rango. No se requieren acciones.
2026-06-24 09:21:15,624 - INFO - Precio actual de TSLA: $381.54
2026-06-24 09:21:15,625 - INFO - -> Última compra: $382.63 | Compras actuales: 2/10
2026-06-24 09:21:15,625 - INFO - -> Objetivo de COMPRA (caída a): $363.50 | Objetivo de VENTA (subida a): $397.94
2026-06-24 09:21:15,625 - INFO - El precio se mantiene dentro del rango. No se requieren acciones.
2026-06-24 09:22:15,816 - INFO - Precio actual de TSLA: $381.54
2026-06-24 09:22:15,816 - INFO - -> Última compra: $382.63 | Compras actuales: 2/10
2026-06-24 09:22:15,817 - INFO - -> Objetivo de COMPRA (caída a): $363.50 | Objetivo de VENTA (subida a): $397.94
2026-06-24 09:22:15,817 - INFO - El precio se mantiene dentro del rango. No se requieren acciones.
2026-06-24 09:23:15,985 - INFO - Precio actual de TSLA: $381.54
2026-06-24 09:23:15,985 - INFO - -> Última compra: $382.63 | Compras actuales: 2/10
2026-06-24 09:23:15,985 - INFO - -> Objetivo de COMPRA (caída a): $363.50 | Objetivo de VENTA (subida a): $397.94
2026-06-24 09:23:15,985 - INFO - El precio se mantiene dentro del rango. No se requieren acciones.
2026-06-24 09:24:16,170 - INFO - Precio actual de TSLA: $381.54
2026-06-24 09:24:16,170 - INFO - -> Última compra: $382.63 | Compras actuales: 2/10
2026-06-24 09:24:16,170 - INFO - -> Objetivo de COMPRA (caída a): $363.50 | Objetivo de VENTA (subida a): $397.94
2026-06-24 09:24:16,170 - INFO - El precio se mantiene dentro del rango. No se requieren acciones.
2026-06-24 09:25:16,344 - INFO - Precio actual de TSLA: $381.54
2026-06-24 09:25:16,344 - INFO - -> Última compra: $382.63 | Compras actuales: 2/10
2026-06-24 09:25:16,344 - INFO - -> Objetivo de COMPRA (caída a): $363.50 | Objetivo de VENTA (subida a): $397.94
2026-06-24 09:25:16,344 - INFO - El precio se mantiene dentro del rango. No se requieren acciones.
2026-06-24 09:26:16,520 - INFO - Precio actual de TSLA: $381.54
2026-06-24 09:26:16,520 - INFO - -> Última compra: $382.63 | Compras actuales: 2/10
2026-06-24 09:26:16,521 - INFO - -> Objetivo de COMPRA (caída a): $363.50 | Objetivo de VENTA (subida a): $397.94
2026-06-24 09:26:16,521 - INFO - El precio se mantiene dentro del rango. No se requieren acciones.
2026-06-24 09:27:16,694 - INFO - Precio actual de TSLA: $381.54
2026-06-24 09:27:16,696 - INFO - -> Última compra: $382.63 | Compras actuales: 2/10
2026-06-24 09:27:16,696 - INFO - -> Objetivo de COMPRA (caída a): $363.50 | Objetivo de VENTA (subida a): $397.94
2026-06-24 09:27:16,696 - INFO - El precio se mantiene dentro del rango. No se requieren acciones.
2026-06-24 09:27:19,799 - INFO - Precio actual de TSLA: $381.54
2026-06-24 09:27:19,799 - INFO - -> Última compra: $382.63 | Compras actuales: 2/10
2026-06-24 09:27:19,799 - INFO - -> Objetivo de COMPRA (caída a): $363.50 | Objetivo de VENTA (subida a): $397.94
2026-06-24 09:27:19,800 - INFO - El precio se mantiene dentro del rango. No se requieren acciones.
2026-06-24 09:28:16,873 - INFO - Precio actual de TSLA: $381.54
2026-06-24 09:28:16,873 - INFO - -> Última compra: $382.63 | Compras actuales: 2/10
2026-06-24 09:28:16,874 - INFO - -> Objetivo de COMPRA (caída a): $363.50 | Objetivo de VENTA (subida a): $397.94
2026-06-24 09:28:16,874 - INFO - El precio se mantiene dentro del rango. No se requieren acciones.
2026-06-24 09:29:17,046 - INFO - Precio actual de TSLA: $381.54
2026-06-24 09:29:17,046 - INFO - -> Última compra: $382.63 | Compras actuales: 2/10
2026-06-24 09:29:17,046 - INFO - -> Objetivo de COMPRA (caída a): $363.50 | Objetivo de VENTA (subida a): $397.94
2026-06-24 09:29:17,047 - INFO - El precio se mantiene dentro del rango. No se requieren acciones.
2026-06-24 09:30:17,237 - INFO - Precio actual de TSLA: $381.54
2026-06-24 09:30:17,237 - INFO - -> Última compra: $382.63 | Compras actuales: 2/10
2026-06-24 09:30:17,237 - INFO - -> Objetivo de COMPRA (caída a): $363.50 | Objetivo de VENTA (subida a): $397.94
2026-06-24 09:30:17,237 - INFO - El precio se mantiene dentro del rango. No se requieren acciones.
2026-06-24 09:31:17,413 - INFO - Precio actual de TSLA: $381.54
2026-06-24 09:31:17,414 - INFO - -> Última compra: $382.63 | Compras actuales: 2/10
2026-06-24 09:31:17,414 - INFO - -> Objetivo de COMPRA (caída a): $363.50 | Objetivo de VENTA (subida a): $397.94
2026-06-24 09:31:17,414 - INFO - El precio se mantiene dentro del rango. No se requieren acciones.
2026-06-24 09:32:17,612 - INFO - Precio actual de TSLA: $381.54
2026-06-24 09:32:17,612 - INFO - -> Última compra: $382.63 | Compras actuales: 2/10
2026-06-24 09:32:17,613 - INFO - -> Objetivo de COMPRA (caída a): $363.50 | Objetivo de VENTA (subida a): $397.94
2026-06-24 09:32:17,613 - INFO - El precio se mantiene dentro del rango. No se requieren acciones.
2026-06-24 09:33:17,791 - INFO - Precio actual de TSLA: $381.54
2026-06-24 09:33:17,792 - INFO - -> Última compra: $382.63 | Compras actuales: 2/10
2026-06-24 09:33:17,792 - INFO - -> Objetivo de COMPRA (caída a): $363.50 | Objetivo de VENTA (subida a): $397.94
2026-06-24 09:33:17,792 - INFO - El precio se mantiene dentro del rango. No se requieren acciones.
2026-06-24 09:34:17,969 - INFO - Precio actual de TSLA: $381.54
2026-06-24 09:34:17,969 - INFO - -> Última compra: $382.63 | Compras actuales: 2/10
2026-06-24 09:34:17,969 - INFO - -> Objetivo de COMPRA (caída a): $363.50 | Objetivo de VENTA (subida a): $397.94
2026-06-24 09:34:17,969 - INFO - El precio se mantiene dentro del rango. No se requieren acciones.
2026-06-24 09:35:18,143 - INFO - Precio actual de TSLA: $381.54
2026-06-24 09:35:18,143 - INFO - -> Última compra: $382.63 | Compras actuales: 2/10
2026-06-24 09:35:18,144 - INFO - -> Objetivo de COMPRA (caída a): $363.50 | Objetivo de VENTA (subida a): $397.94
2026-06-24 09:35:18,144 - INFO - El precio se mantiene dentro del rango. No se requieren acciones.
2026-06-24 09:36:20,796 - INFO - Precio actual de TSLA: $381.54
2026-06-24 09:36:20,796 - INFO - -> Última compra: $382.63 | Compras actuales: 2/10
2026-06-24 09:36:20,796 - INFO - -> Objetivo de COMPRA (caída a): $363.50 | Objetivo de VENTA (subida a): $397.94
2026-06-24 09:36:20,796 - INFO - El precio se mantiene dentro del rango. No se requieren acciones.
2026-06-24 09:37:20,970 - INFO - Precio actual de TSLA: $381.54
2026-06-24 09:37:20,970 - INFO - -> Última compra: $382.63 | Compras actuales: 2/10
2026-06-24 09:37:20,970 - INFO - -> Objetivo de COMPRA (caída a): $363.50 | Objetivo de VENTA (subida a): $397.94
2026-06-24 09:37:20,971 - INFO - El precio se mantiene dentro del rango. No se requieren acciones.
2026-06-24 09:38:21,147 - INFO - Precio actual de TSLA: $381.54
2026-06-24 09:38:21,148 - INFO - -> Última compra: $382.63 | Compras actuales: 2/10
2026-06-24 09:38:21,148 - INFO - -> Objetivo de COMPRA (caída a): $363.50 | Objetivo de VENTA (subida a): $397.94
2026-06-24 09:38:21,148 - INFO - El precio se mantiene dentro del rango. No se requieren acciones.
2026-06-24 09:39:21,326 - INFO - Precio actual de TSLA: $381.54
2026-06-24 09:39:21,326 - INFO - -> Última compra: $382.63 | Compras actuales: 2/10
2026-06-24 09:39:21,327 - INFO - -> Objetivo de COMPRA (caída a): $363.50 | Objetivo de VENTA (subida a): $397.94
2026-06-24 09:39:21,327 - INFO - El precio se mantiene dentro del rango. No se requieren acciones.
2026-06-24 09:40:21,510 - INFO - Precio actual de TSLA: $381.54
2026-06-24 09:40:21,510 - INFO - -> Última compra: $382.63 | Compras actuales: 2/10
2026-06-24 09:40:21,510 - INFO - -> Objetivo de COMPRA (caída a): $363.50 | Objetivo de VENTA (subida a): $397.94
2026-06-24 09:40:21,510 - INFO - El precio se mantiene dentro del rango. No se requieren acciones.
2026-06-24 09:41:21,685 - INFO - Precio actual de TSLA: $381.54
2026-06-24 09:41:21,686 - INFO - -> Última compra: $382.63 | Compras actuales: 2/10
2026-06-24 09:41:21,686 - INFO - -> Objetivo de COMPRA (caída a): $363.50 | Objetivo de VENTA (subida a): $397.94
2026-06-24 09:41:21,686 - INFO - El precio se mantiene dentro del rango. No se requieren acciones.
2026-06-24 09:42:21,863 - INFO - Precio actual de TSLA: $381.54
2026-06-24 09:42:21,863 - INFO - -> Última compra: $382.63 | Compras actuales: 2/10
2026-06-24 09:42:21,863 - INFO - -> Objetivo de COMPRA (caída a): $363.50 | Objetivo de VENTA (subida a): $397.94
2026-06-24 09:42:21,863 - INFO - El precio se mantiene dentro del rango. No se requieren acciones.
2026-06-24 09:43:22,055 - INFO - Precio actual de TSLA: $381.54
2026-06-24 09:43:22,056 - INFO - -> Última compra: $382.63 | Compras actuales: 2/10
2026-06-24 09:43:22,056 - INFO - -> Objetivo de COMPRA (caída a): $363.50 | Objetivo de VENTA (subida a): $397.94
2026-06-24 09:43:22,056 - INFO - El precio se mantiene dentro del rango. No se requieren acciones.
2026-06-24 09:44:22,242 - INFO - Precio actual de TSLA: $381.54
2026-06-24 09:44:22,242 - INFO - -> Última compra: $382.63 | Compras actuales: 2/10
2026-06-24 09:44:22,242 - INFO - -> Objetivo de COMPRA (caída a): $363.50 | Objetivo de VENTA (subida a): $397.94
2026-06-24 09:44:22,243 - INFO - El precio se mantiene dentro del rango. No se requieren acciones.
2026-06-24 09:45:22,471 - INFO - Precio actual de TSLA: $381.54
2026-06-24 09:45:22,471 - INFO - -> Última compra: $382.63 | Compras actuales: 2/10
2026-06-24 09:45:22,472 - INFO - -> Objetivo de COMPRA (caída a): $363.50 | Objetivo de VENTA (subida a): $397.94
2026-06-24 09:45:22,472 - INFO - El precio se mantiene dentro del rango. No se requieren acciones.
2026-06-24 09:46:22,770 - INFO - Precio actual de TSLA: $381.54
2026-06-24 09:46:22,770 - INFO - -> Última compra: $382.63 | Compras actuales: 2/10
2026-06-24 09:46:22,771 - INFO - -> Objetivo de COMPRA (caída a): $363.50 | Objetivo de VENTA (subida a): $397.94
2026-06-24 09:46:22,771 - INFO - El precio se mantiene dentro del rango. No se requieren acciones.
2026-06-24 09:47:20,667 - INFO - Precio actual de TSLA: $381.54
2026-06-24 09:47:20,667 - INFO - -> Última compra: $382.63 | Compras actuales: 2/10
2026-06-24 09:47:20,668 - INFO - -> Objetivo de COMPRA (caída a): $363.50 | Objetivo de VENTA (subida a): $397.94
2026-06-24 09:47:20,668 - INFO - El precio se mantiene dentro del rango. No se requieren acciones.
2026-06-24 09:47:22,951 - INFO - Precio actual de TSLA: $381.54
2026-06-24 09:47:22,951 - INFO - -> Última compra: $382.63 | Compras actuales: 2/10
2026-06-24 09:47:22,951 - INFO - -> Objetivo de COMPRA (caída a): $363.50 | Objetivo de VENTA (subida a): $397.94
2026-06-24 09:47:22,952 - INFO - El precio se mantiene dentro del rango. No se requieren acciones.
2026-06-24 09:48:23,126 - INFO - Precio actual de TSLA: $381.54
2026-06-24 09:48:23,127 - INFO - -> Última compra: $382.63 | Compras actuales: 2/10
2026-06-24 09:48:23,127 - INFO - -> Objetivo de COMPRA (caída a): $363.50 | Objetivo de VENTA (subida a): $397.94
2026-06-24 09:48:23,127 - INFO - El precio se mantiene dentro del rango. No se requieren acciones.
2026-06-24 09:49:23,717 - INFO - Precio actual de TSLA: $381.54
2026-06-24 09:49:23,717 - INFO - -> Última compra: $382.63 | Compras actuales: 2/10
2026-06-24 09:49:23,717 - INFO - -> Objetivo de COMPRA (caída a): $363.50 | Objetivo de VENTA (subida a): $397.94
2026-06-24 09:49:23,717 - INFO - El precio se mantiene dentro del rango. No se requieren acciones.
2026-06-24 09:50:23,906 - INFO - Precio actual de TSLA: $381.54
2026-06-24 09:50:23,906 - INFO - -> Última compra: $382.63 | Compras actuales: 2/10
2026-06-24 09:50:23,906 - INFO - -> Objetivo de COMPRA (caída a): $363.50 | Objetivo de VENTA (subida a): $397.94
2026-06-24 09:50:23,906 - INFO - El precio se mantiene dentro del rango. No se requieren acciones.
2026-06-24 09:51:24,080 - INFO - Precio actual de TSLA: $381.54
2026-06-24 09:51:24,080 - INFO - -> Última compra: $382.63 | Compras actuales: 2/10
2026-06-24 09:51:24,080 - INFO - -> Objetivo de COMPRA (caída a): $363.50 | Objetivo de VENTA (subida a): $397.94
2026-06-24 09:51:24,080 - INFO - El precio se mantiene dentro del rango. No se requieren acciones.
2026-06-24 09:52:24,258 - INFO - Precio actual de TSLA: $381.54
2026-06-24 09:52:24,258 - INFO - -> Última compra: $382.63 | Compras actuales: 2/10
2026-06-24 09:52:24,258 - INFO - -> Objetivo de COMPRA (caída a): $363.50 | Objetivo de VENTA (subida a): $397.94
2026-06-24 09:52:24,259 - INFO - El precio se mantiene dentro del rango. No se requieren acciones.
2026-06-24 09:53:24,437 - INFO - Precio actual de TSLA: $381.54
2026-06-24 09:53:24,437 - INFO - -> Última compra: $382.63 | Compras actuales: 2/10
2026-06-24 09:53:24,437 - INFO - -> Objetivo de COMPRA (caída a): $363.50 | Objetivo de VENTA (subida a): $397.94
2026-06-24 09:53:24,437 - INFO - El precio se mantiene dentro del rango. No se requieren acciones.
2026-06-24 09:54:24,612 - INFO - Precio actual de TSLA: $381.54
2026-06-24 09:54:24,612 - INFO - -> Última compra: $382.63 | Compras actuales: 2/10
2026-06-24 09:54:24,613 - INFO - -> Objetivo de COMPRA (caída a): $363.50 | Objetivo de VENTA (subida a): $397.94
2026-06-24 09:54:24,613 - INFO - El precio se mantiene dentro del rango. No se requieren acciones.
2026-06-24 09:55:24,789 - INFO - Precio actual de TSLA: $381.54
2026-06-24 09:55:24,789 - INFO - -> Última compra: $382.63 | Compras actuales: 2/10
2026-06-24 09:55:24,790 - INFO - -> Objetivo de COMPRA (caída a): $363.50 | Objetivo de VENTA (subida a): $397.94
2026-06-24 09:55:24,790 - INFO - El precio se mantiene dentro del rango. No se requieren acciones.
2026-06-24 09:56:24,970 - INFO - Precio actual de TSLA: $381.54
2026-06-24 09:56:24,970 - INFO - -> Última compra: $382.63 | Compras actuales: 2/10
2026-06-24 09:56:24,970 - INFO - -> Objetivo de COMPRA (caída a): $363.50 | Objetivo de VENTA (subida a): $397.94
2026-06-24 09:56:24,970 - INFO - El precio se mantiene dentro del rango. No se requieren acciones.
2026-06-24 09:57:25,146 - INFO - Precio actual de TSLA: $381.54
2026-06-24 09:57:25,146 - INFO - -> Última compra: $382.63 | Compras actuales: 2/10
2026-06-24 09:57:25,147 - INFO - -> Objetivo de COMPRA (caída a): $363.50 | Objetivo de VENTA (subida a): $397.94
2026-06-24 09:57:25,147 - INFO - El precio se mantiene dentro del rango. No se requieren acciones.
2026-06-24 09:58:25,321 - INFO - Precio actual de TSLA: $381.54
2026-06-24 09:58:25,321 - INFO - -> Última compra: $382.63 | Compras actuales: 2/10
2026-06-24 09:58:25,321 - INFO - -> Objetivo de COMPRA (caída a): $363.50 | Objetivo de VENTA (subida a): $397.94
2026-06-24 09:58:25,321 - INFO - El precio se mantiene dentro del rango. No se requieren acciones.
2026-06-24 09:59:25,499 - INFO - Precio actual de TSLA: $381.54
2026-06-24 09:59:25,500 - INFO - -> Última compra: $382.63 | Compras actuales: 2/10
2026-06-24 09:59:25,500 - INFO - -> Objetivo de COMPRA (caída a): $363.50 | Objetivo de VENTA (subida a): $397.94
2026-06-24 09:59:25,500 - INFO - El precio se mantiene dentro del rango. No se requieren acciones.
2026-06-24 10:00:25,687 - INFO - Precio actual de TSLA: $381.54
2026-06-24 10:00:25,687 - INFO - -> Última compra: $382.63 | Compras actuales: 2/10
2026-06-24 10:00:25,687 - INFO - -> Objetivo de COMPRA (caída a): $363.50 | Objetivo de VENTA (subida a): $397.94
2026-06-24 10:00:25,687 - INFO - El precio se mantiene dentro del rango. No se requieren acciones.
2026-06-24 10:01:25,862 - INFO - Precio actual de TSLA: $381.54
2026-06-24 10:01:25,863 - INFO - -> Última compra: $382.63 | Compras actuales: 2/10
2026-06-24 10:01:25,863 - INFO - -> Objetivo de COMPRA (caída a): $363.50 | Objetivo de VENTA (subida a): $397.94
2026-06-24 10:01:25,863 - INFO - El precio se mantiene dentro del rango. No se requieren acciones.
2026-06-24 10:02:26,041 - INFO - Precio actual de TSLA: $381.54
2026-06-24 10:02:26,041 - INFO - -> Última compra: $382.63 | Compras actuales: 2/10
2026-06-24 10:02:26,041 - INFO - -> Objetivo de COMPRA (caída a): $363.50 | Objetivo de VENTA (subida a): $397.94
2026-06-24 10:02:26,041 - INFO - El precio se mantiene dentro del rango. No se requieren acciones.
2026-06-24 10:03:26,214 - INFO - Precio actual de TSLA: $381.54
2026-06-24 10:03:26,214 - INFO - -> Última compra: $382.63 | Compras actuales: 2/10
2026-06-24 10:03:26,215 - INFO - -> Objetivo de COMPRA (caída a): $363.50 | Objetivo de VENTA (subida a): $397.94
2026-06-24 10:03:26,215 - INFO - El precio se mantiene dentro del rango. No se requieren acciones.
2026-06-24 10:04:26,390 - INFO - Precio actual de TSLA: $381.54
2026-06-24 10:04:26,391 - INFO - -> Última compra: $382.63 | Compras actuales: 2/10
2026-06-24 10:04:26,391 - INFO - -> Objetivo de COMPRA (caída a): $363.50 | Objetivo de VENTA (subida a): $397.94
2026-06-24 10:04:26,391 - INFO - El precio se mantiene dentro del rango. No se requieren acciones.
2026-06-24 10:05:26,563 - INFO - Precio actual de TSLA: $381.54
2026-06-24 10:05:26,564 - INFO - -> Última compra: $382.63 | Compras actuales: 2/10
2026-06-24 10:05:26,564 - INFO - -> Objetivo de COMPRA (caída a): $363.50 | Objetivo de VENTA (subida a): $397.94
2026-06-24 10:05:26,564 - INFO - El precio se mantiene dentro del rango. No se requieren acciones.
2026-06-24 10:06:26,759 - INFO - Precio actual de TSLA: $381.54
2026-06-24 10:06:26,759 - INFO - -> Última compra: $382.63 | Compras actuales: 2/10
2026-06-24 10:06:26,759 - INFO - -> Objetivo de COMPRA (caída a): $363.50 | Objetivo de VENTA (subida a): $397.94
2026-06-24 10:06:26,759 - INFO - El precio se mantiene dentro del rango. No se requieren acciones.
2026-06-24 10:07:21,290 - INFO - Precio actual de TSLA: $381.54
2026-06-24 10:07:21,290 - INFO - -> Última compra: $382.63 | Compras actuales: 2/10
2026-06-24 10:07:21,291 - INFO - -> Objetivo de COMPRA (caída a): $363.50 | Objetivo de VENTA (subida a): $397.94
2026-06-24 10:07:21,291 - INFO - El precio se mantiene dentro del rango. No se requieren acciones.
2026-06-24 10:07:26,933 - INFO - Precio actual de TSLA: $381.54
2026-06-24 10:07:26,933 - INFO - -> Última compra: $382.63 | Compras actuales: 2/10
2026-06-24 10:07:26,933 - INFO - -> Objetivo de COMPRA (caída a): $363.50 | Objetivo de VENTA (subida a): $397.94
2026-06-24 10:07:26,933 - INFO - El precio se mantiene dentro del rango. No se requieren acciones.
2026-06-24 10:08:27,106 - INFO - Precio actual de TSLA: $381.54
2026-06-24 10:08:27,107 - INFO - -> Última compra: $382.63 | Compras actuales: 2/10
2026-06-24 10:08:27,107 - INFO - -> Objetivo de COMPRA (caída a): $363.50 | Objetivo de VENTA (subida a): $397.94
2026-06-24 10:08:27,107 - INFO - El precio se mantiene dentro del rango. No se requieren acciones.
2026-06-24 10:09:27,283 - INFO - Precio actual de TSLA: $381.24
2026-06-24 10:09:27,283 - INFO - -> Última compra: $382.63 | Compras actuales: 2/10
2026-06-24 10:09:27,283 - INFO - -> Objetivo de COMPRA (caída a): $363.50 | Objetivo de VENTA (subida a): $397.94
2026-06-24 10:09:27,283 - INFO - El precio se mantiene dentro del rango. No se requieren acciones.
2026-06-24 10:10:27,463 - INFO - Precio actual de TSLA: $381.24
2026-06-24 10:10:27,464 - INFO - -> Última compra: $382.63 | Compras actuales: 2/10
2026-06-24 10:10:27,464 - INFO - -> Objetivo de COMPRA (caída a): $363.50 | Objetivo de VENTA (subida a): $397.94
2026-06-24 10:10:27,464 - INFO - El precio se mantiene dentro del rango. No se requieren acciones.
2026-06-24 10:11:27,645 - INFO - Precio actual de TSLA: $381.24
2026-06-24 10:11:27,645 - INFO - -> Última compra: $382.63 | Compras actuales: 2/10
2026-06-24 10:11:27,645 - INFO - -> Objetivo de COMPRA (caída a): $363.50 | Objetivo de VENTA (subida a): $397.94
2026-06-24 10:11:27,645 - INFO - El precio se mantiene dentro del rango. No se requieren acciones.
2026-06-24 10:12:27,820 - INFO - Precio actual de TSLA: $381.24
2026-06-24 10:12:27,820 - INFO - -> Última compra: $382.63 | Compras actuales: 2/10
2026-06-24 10:12:27,820 - INFO - -> Objetivo de COMPRA (caída a): $363.50 | Objetivo de VENTA (subida a): $397.94
2026-06-24 10:12:27,820 - INFO - El precio se mantiene dentro del rango. No se requieren acciones.
2026-06-24 10:13:27,999 - INFO - Precio actual de TSLA: $381.24
2026-06-24 10:13:27,999 - INFO - -> Última compra: $382.63 | Compras actuales: 2/10
2026-06-24 10:13:27,999 - INFO - -> Objetivo de COMPRA (caída a): $363.50 | Objetivo de VENTA (subida a): $397.94
2026-06-24 10:13:27,999 - INFO - El precio se mantiene dentro del rango. No se requieren acciones.
2026-06-24 10:14:28,170 - INFO - Precio actual de TSLA: $381.24
2026-06-24 10:14:28,171 - INFO - -> Última compra: $382.63 | Compras actuales: 2/10
2026-06-24 10:14:28,171 - INFO - -> Objetivo de COMPRA (caída a): $363.50 | Objetivo de VENTA (subida a): $397.94
2026-06-24 10:14:28,171 - INFO - El precio se mantiene dentro del rango. No se requieren acciones.
2026-06-24 10:15:28,348 - INFO - Precio actual de TSLA: $381.24
2026-06-24 10:15:28,348 - INFO - -> Última compra: $382.63 | Compras actuales: 2/10
2026-06-24 10:15:28,348 - INFO - -> Objetivo de COMPRA (caída a): $363.50 | Objetivo de VENTA (subida a): $397.94
2026-06-24 10:15:28,348 - INFO - El precio se mantiene dentro del rango. No se requieren acciones.
2026-06-24 10:16:28,531 - INFO - Precio actual de TSLA: $381.24
2026-06-24 10:16:28,531 - INFO - -> Última compra: $382.63 | Compras actuales: 2/10
2026-06-24 10:16:28,532 - INFO - -> Objetivo de COMPRA (caída a): $363.50 | Objetivo de VENTA (subida a): $397.94
2026-06-24 10:16:28,532 - INFO - El precio se mantiene dentro del rango. No se requieren acciones.
2026-06-24 10:17:28,709 - INFO - Precio actual de TSLA: $381.24
2026-06-24 10:17:28,709 - INFO - -> Última compra: $382.63 | Compras actuales: 2/10
2026-06-24 10:17:28,709 - INFO - -> Objetivo de COMPRA (caída a): $363.50 | Objetivo de VENTA (subida a): $397.94
2026-06-24 10:17:28,709 - INFO - El precio se mantiene dentro del rango. No se requieren acciones.
2026-06-24 10:18:28,890 - INFO - Precio actual de TSLA: $381.24
2026-06-24 10:18:28,890 - INFO - -> Última compra: $382.63 | Compras actuales: 2/10
2026-06-24 10:18:28,890 - INFO - -> Objetivo de COMPRA (caída a): $363.50 | Objetivo de VENTA (subida a): $397.94
2026-06-24 10:18:28,890 - INFO - El precio se mantiene dentro del rango. No se requieren acciones.
2026-06-24 10:19:29,063 - INFO - Precio actual de TSLA: $381.24
2026-06-24 10:19:29,063 - INFO - -> Última compra: $382.63 | Compras actuales: 2/10
2026-06-24 10:19:29,063 - INFO - -> Objetivo de COMPRA (caída a): $363.50 | Objetivo de VENTA (subida a): $397.94
2026-06-24 10:19:29,063 - INFO - El precio se mantiene dentro del rango. No se requieren acciones.
2026-06-24 10:20:29,231 - INFO - Precio actual de TSLA: $381.24
2026-06-24 10:20:29,231 - INFO - -> Última compra: $382.63 | Compras actuales: 2/10
2026-06-24 10:20:29,231 - INFO - -> Objetivo de COMPRA (caída a): $363.50 | Objetivo de VENTA (subida a): $397.94
2026-06-24 10:20:29,232 - INFO - El precio se mantiene dentro del rango. No se requieren acciones.
2026-06-24 10:21:29,426 - INFO - Precio actual de TSLA: $381.24
2026-06-24 10:21:29,427 - INFO - -> Última compra: $382.63 | Compras actuales: 2/10
2026-06-24 10:21:29,427 - INFO - -> Objetivo de COMPRA (caída a): $363.50 | Objetivo de VENTA (subida a): $397.94
2026-06-24 10:21:29,428 - INFO - El precio se mantiene dentro del rango. No se requieren acciones.
2026-06-24 10:22:29,596 - INFO - Precio actual de TSLA: $381.24
2026-06-24 10:22:29,596 - INFO - -> Última compra: $382.63 | Compras actuales: 2/10
2026-06-24 10:22:29,597 - INFO - -> Objetivo de COMPRA (caída a): $363.50 | Objetivo de VENTA (subida a): $397.94
2026-06-24 10:22:29,597 - INFO - El precio se mantiene dentro del rango. No se requieren acciones.
2026-06-24 10:23:29,769 - INFO - Precio actual de TSLA: $381.24
2026-06-24 10:23:29,769 - INFO - -> Última compra: $382.63 | Compras actuales: 2/10
2026-06-24 10:23:29,769 - INFO - -> Objetivo de COMPRA (caída a): $363.50 | Objetivo de VENTA (subida a): $397.94
2026-06-24 10:23:29,769 - INFO - El precio se mantiene dentro del rango. No se requieren acciones.
2026-06-24 10:24:29,939 - INFO - Precio actual de TSLA: $381.24
2026-06-24 10:24:29,939 - INFO - -> Última compra: $382.63 | Compras actuales: 2/10
2026-06-24 10:24:29,939 - INFO - -> Objetivo de COMPRA (caída a): $363.50 | Objetivo de VENTA (subida a): $397.94
2026-06-24 10:24:29,939 - INFO - El precio se mantiene dentro del rango. No se requieren acciones.
2026-06-24 10:25:30,113 - INFO - Precio actual de TSLA: $381.24
2026-06-24 10:25:30,113 - INFO - -> Última compra: $382.63 | Compras actuales: 2/10
2026-06-24 10:25:30,113 - INFO - -> Objetivo de COMPRA (caída a): $363.50 | Objetivo de VENTA (subida a): $397.94
2026-06-24 10:25:30,113 - INFO - El precio se mantiene dentro del rango. No se requieren acciones.
2026-06-24 10:26:30,285 - INFO - Precio actual de TSLA: $381.24
2026-06-24 10:26:30,285 - INFO - -> Última compra: $382.63 | Compras actuales: 2/10
2026-06-24 10:26:30,285 - INFO - -> Objetivo de COMPRA (caída a): $363.50 | Objetivo de VENTA (subida a): $397.94
2026-06-24 10:26:30,287 - INFO - El precio se mantiene dentro del rango. No se requieren acciones.
2026-06-24 10:27:21,874 - INFO - Precio actual de TSLA: $381.24
2026-06-24 10:27:21,874 - INFO - -> Última compra: $382.63 | Compras actuales: 2/10
2026-06-24 10:27:21,874 - INFO - -> Objetivo de COMPRA (caída a): $363.50 | Objetivo de VENTA (subida a): $397.94
2026-06-24 10:27:21,874 - INFO - El precio se mantiene dentro del rango. No se requieren acciones.
2026-06-24 10:27:30,456 - INFO - Precio actual de TSLA: $381.24
2026-06-24 10:27:30,457 - INFO - -> Última compra: $382.63 | Compras actuales: 2/10
2026-06-24 10:27:30,457 - INFO - -> Objetivo de COMPRA (caída a): $363.50 | Objetivo de VENTA (subida a): $397.94
2026-06-24 10:27:30,457 - INFO - El precio se mantiene dentro del rango. No se requieren acciones.
2026-06-24 10:28:30,627 - INFO - Precio actual de TSLA: $381.24
2026-06-24 10:28:30,628 - INFO - -> Última compra: $382.63 | Compras actuales: 2/10
2026-06-24 10:28:30,628 - INFO - -> Objetivo de COMPRA (caída a): $363.50 | Objetivo de VENTA (subida a): $397.94
2026-06-24 10:28:30,628 - INFO - El precio se mantiene dentro del rango. No se requieren acciones.
2026-06-24 10:29:30,795 - INFO - Precio actual de TSLA: $381.24
2026-06-24 10:29:30,797 - INFO - -> Última compra: $382.63 | Compras actuales: 2/10
2026-06-24 10:29:30,797 - INFO - -> Objetivo de COMPRA (caída a): $363.50 | Objetivo de VENTA (subida a): $397.94
2026-06-24 10:29:30,797 - INFO - El precio se mantiene dentro del rango. No se requieren acciones.
2026-06-24 10:30:30,991 - INFO - Precio actual de TSLA: $381.61
2026-06-24 10:30:30,991 - INFO - -> Última compra: $382.63 | Compras actuales: 2/10
2026-06-24 10:30:30,991 - INFO - -> Objetivo de COMPRA (caída a): $363.50 | Objetivo de VENTA (subida a): $397.94
2026-06-24 10:30:30,991 - INFO - El precio se mantiene dentro del rango. No se requieren acciones.
2026-06-24 10:31:31,159 - INFO - Precio actual de TSLA: $382.00
2026-06-24 10:31:31,160 - INFO - -> Última compra: $382.63 | Compras actuales: 2/10
2026-06-24 10:31:31,160 - INFO - -> Objetivo de COMPRA (caída a): $363.50 | Objetivo de VENTA (subida a): $397.94
2026-06-24 10:31:31,160 - INFO - El precio se mantiene dentro del rango. No se requieren acciones.
2026-06-24 10:32:31,328 - INFO - Precio actual de TSLA: $382.93
2026-06-24 10:32:31,328 - INFO - -> Última compra: $382.63 | Compras actuales: 2/10
2026-06-24 10:32:31,328 - INFO - -> Objetivo de COMPRA (caída a): $363.50 | Objetivo de VENTA (subida a): $397.94
2026-06-24 10:32:31,328 - INFO - El precio se mantiene dentro del rango. No se requieren acciones.
2026-06-24 10:33:31,499 - INFO - Precio actual de TSLA: $382.80
2026-06-24 10:33:31,500 - INFO - -> Última compra: $382.63 | Compras actuales: 2/10
2026-06-24 10:33:31,500 - INFO - -> Objetivo de COMPRA (caída a): $363.50 | Objetivo de VENTA (subida a): $397.94
2026-06-24 10:33:31,500 - INFO - El precio se mantiene dentro del rango. No se requieren acciones.
2026-06-24 10:34:31,674 - INFO - Precio actual de TSLA: $382.86
2026-06-24 10:34:31,675 - INFO - -> Última compra: $382.63 | Compras actuales: 2/10
2026-06-24 10:34:31,675 - INFO - -> Objetivo de COMPRA (caída a): $363.50 | Objetivo de VENTA (subida a): $397.94
2026-06-24 10:34:31,675 - INFO - El precio se mantiene dentro del rango. No se requieren acciones.
2026-06-24 10:35:31,850 - INFO - Precio actual de TSLA: $383.32
2026-06-24 10:35:31,850 - INFO - -> Última compra: $382.63 | Compras actuales: 2/10
2026-06-24 10:35:31,851 - INFO - -> Objetivo de COMPRA (caída a): $363.50 | Objetivo de VENTA (subida a): $397.94
2026-06-24 10:35:31,851 - INFO - El precio se mantiene dentro del rango. No se requieren acciones.
2026-06-24 10:36:32,026 - INFO - Precio actual de TSLA: $383.58
2026-06-24 10:36:32,026 - INFO - -> Última compra: $382.63 | Compras actuales: 2/10
2026-06-24 10:36:32,026 - INFO - -> Objetivo de COMPRA (caída a): $363.50 | Objetivo de VENTA (subida a): $397.94
2026-06-24 10:36:32,026 - INFO - El precio se mantiene dentro del rango. No se requieren acciones.
2026-06-24 10:37:32,197 - INFO - Precio actual de TSLA: $383.69
2026-06-24 10:37:32,197 - INFO - -> Última compra: $382.63 | Compras actuales: 2/10
2026-06-24 10:37:32,197 - INFO - -> Objetivo de COMPRA (caída a): $363.50 | Objetivo de VENTA (subida a): $397.94
2026-06-24 10:37:32,198 - INFO - El precio se mantiene dentro del rango. No se requieren acciones.
2026-06-24 10:38:32,390 - INFO - Precio actual de TSLA: $384.34
2026-06-24 10:38:32,390 - INFO - -> Última compra: $382.63 | Compras actuales: 2/10
2026-06-24 10:38:32,391 - INFO - -> Objetivo de COMPRA (caída a): $363.50 | Objetivo de VENTA (subida a): $397.94
2026-06-24 10:38:32,391 - INFO - El precio se mantiene dentro del rango. No se requieren acciones.
2026-06-24 10:39:32,558 - INFO - Precio actual de TSLA: $383.78
2026-06-24 10:39:32,559 - INFO - -> Última compra: $382.63 | Compras actuales: 2/10
2026-06-24 10:39:32,559 - INFO - -> Objetivo de COMPRA (caída a): $363.50 | Objetivo de VENTA (subida a): $397.94
2026-06-24 10:39:32,559 - INFO - El precio se mantiene dentro del rango. No se requieren acciones.
2026-06-24 10:40:32,735 - INFO - Precio actual de TSLA: $383.84
2026-06-24 10:40:32,736 - INFO - -> Última compra: $382.63 | Compras actuales: 2/10
2026-06-24 10:40:32,736 - INFO - -> Objetivo de COMPRA (caída a): $363.50 | Objetivo de VENTA (subida a): $397.94
2026-06-24 10:40:32,736 - INFO - El precio se mantiene dentro del rango. No se requieren acciones.
2026-06-24 10:41:32,907 - INFO - Precio actual de TSLA: $383.40
2026-06-24 10:41:32,908 - INFO - -> Última compra: $382.63 | Compras actuales: 2/10
2026-06-24 10:41:32,908 - INFO - -> Objetivo de COMPRA (caída a): $363.50 | Objetivo de VENTA (subida a): $397.94
2026-06-24 10:41:32,908 - INFO - El precio se mantiene dentro del rango. No se requieren acciones.
2026-06-24 10:42:33,084 - INFO - Precio actual de TSLA: $382.70
2026-06-24 10:42:33,084 - INFO - -> Última compra: $382.63 | Compras actuales: 2/10
2026-06-24 10:42:33,084 - INFO - -> Objetivo de COMPRA (caída a): $363.50 | Objetivo de VENTA (subida a): $397.94
2026-06-24 10:42:33,084 - INFO - El precio se mantiene dentro del rango. No se requieren acciones.
2026-06-24 10:43:33,256 - INFO - Precio actual de TSLA: $382.47
2026-06-24 10:43:33,257 - INFO - -> Última compra: $382.63 | Compras actuales: 2/10
2026-06-24 10:43:33,257 - INFO - -> Objetivo de COMPRA (caída a): $363.50 | Objetivo de VENTA (subida a): $397.94
2026-06-24 10:43:33,257 - INFO - El precio se mantiene dentro del rango. No se requieren acciones.
2026-06-24 10:44:33,426 - INFO - Precio actual de TSLA: $383.10
2026-06-24 10:44:33,426 - INFO - -> Última compra: $382.63 | Compras actuales: 2/10
2026-06-24 10:44:33,427 - INFO - -> Objetivo de COMPRA (caída a): $363.50 | Objetivo de VENTA (subida a): $397.94
2026-06-24 10:44:33,427 - INFO - El precio se mantiene dentro del rango. No se requieren acciones.
2026-06-24 10:45:33,602 - INFO - Precio actual de TSLA: $383.46
2026-06-24 10:45:33,602 - INFO - -> Última compra: $382.63 | Compras actuales: 2/10
2026-06-24 10:45:33,602 - INFO - -> Objetivo de COMPRA (caída a): $363.50 | Objetivo de VENTA (subida a): $397.94
2026-06-24 10:45:33,602 - INFO - El precio se mantiene dentro del rango. No se requieren acciones.
2026-06-24 10:46:33,776 - INFO - Precio actual de TSLA: $383.20
2026-06-24 10:46:33,776 - INFO - -> Última compra: $382.63 | Compras actuales: 2/10
2026-06-24 10:46:33,776 - INFO - -> Objetivo de COMPRA (caída a): $363.50 | Objetivo de VENTA (subida a): $397.94
2026-06-24 10:46:33,776 - INFO - El precio se mantiene dentro del rango. No se requieren acciones.
2026-06-24 10:47:22,468 - INFO - Precio actual de TSLA: $383.14
2026-06-24 10:47:22,468 - INFO - -> Última compra: $382.63 | Compras actuales: 2/10
2026-06-24 10:47:22,468 - INFO - -> Objetivo de COMPRA (caída a): $363.50 | Objetivo de VENTA (subida a): $397.94
2026-06-24 10:47:22,468 - INFO - El precio se mantiene dentro del rango. No se requieren acciones.
2026-06-24 10:47:33,946 - INFO - Precio actual de TSLA: $383.37
2026-06-24 10:47:33,946 - INFO - -> Última compra: $382.63 | Compras actuales: 2/10
2026-06-24 10:47:33,946 - INFO - -> Objetivo de COMPRA (caída a): $363.50 | Objetivo de VENTA (subida a): $397.94
2026-06-24 10:47:33,946 - INFO - El precio se mantiene dentro del rango. No se requieren acciones.
2026-06-24 10:48:34,122 - INFO - Precio actual de TSLA: $381.85
2026-06-24 10:48:34,122 - INFO - -> Última compra: $382.63 | Compras actuales: 2/10
2026-06-24 10:48:34,122 - INFO - -> Objetivo de COMPRA (caída a): $363.50 | Objetivo de VENTA (subida a): $397.94
2026-06-24 10:48:34,122 - INFO - El precio se mantiene dentro del rango. No se requieren acciones.
2026-06-24 10:49:34,313 - INFO - Precio actual de TSLA: $381.21
2026-06-24 10:49:34,313 - INFO - -> Última compra: $382.63 | Compras actuales: 2/10
2026-06-24 10:49:34,313 - INFO - -> Objetivo de COMPRA (caída a): $363.50 | Objetivo de VENTA (subida a): $397.94
2026-06-24 10:49:34,313 - INFO - El precio se mantiene dentro del rango. No se requieren acciones.
2026-06-24 10:50:34,850 - INFO - Precio actual de TSLA: $384.17
2026-06-24 10:50:34,850 - INFO - -> Última compra: $382.63 | Compras actuales: 2/10
2026-06-24 10:50:34,850 - INFO - -> Objetivo de COMPRA (caída a): $363.50 | Objetivo de VENTA (subida a): $397.94
2026-06-24 10:50:34,850 - INFO - El precio se mantiene dentro del rango. No se requieren acciones.
2026-06-24 10:51:35,026 - INFO - Precio actual de TSLA: $383.66
2026-06-24 10:51:35,026 - INFO - -> Última compra: $382.63 | Compras actuales: 2/10
2026-06-24 10:51:35,026 - INFO - -> Objetivo de COMPRA (caída a): $363.50 | Objetivo de VENTA (subida a): $397.94
2026-06-24 10:51:35,027 - INFO - El precio se mantiene dentro del rango. No se requieren acciones.
2026-06-24 10:52:35,206 - INFO - Precio actual de TSLA: $382.28
2026-06-24 10:52:35,206 - INFO - -> Última compra: $382.63 | Compras actuales: 2/10
2026-06-24 10:52:35,206 - INFO - -> Objetivo de COMPRA (caída a): $363.50 | Objetivo de VENTA (subida a): $397.94
2026-06-24 10:52:35,207 - INFO - El precio se mantiene dentro del rango. No se requieren acciones.
2026-06-24 10:53:35,383 - INFO - Precio actual de TSLA: $383.04
2026-06-24 10:53:35,383 - INFO - -> Última compra: $382.63 | Compras actuales: 2/10
2026-06-24 10:53:35,384 - INFO - -> Objetivo de COMPRA (caída a): $363.50 | Objetivo de VENTA (subida a): $397.94
2026-06-24 10:53:35,384 - INFO - El precio se mantiene dentro del rango. No se requieren acciones.
2026-06-24 10:54:35,554 - INFO - Precio actual de TSLA: $383.31
2026-06-24 10:54:35,554 - INFO - -> Última compra: $382.63 | Compras actuales: 2/10
2026-06-24 10:54:35,554 - INFO - -> Objetivo de COMPRA (caída a): $363.50 | Objetivo de VENTA (subida a): $397.94
2026-06-24 10:54:35,555 - INFO - El precio se mantiene dentro del rango. No se requieren acciones.
2026-06-24 10:55:35,726 - INFO - Precio actual de TSLA: $382.95
2026-06-24 10:55:35,726 - INFO - -> Última compra: $382.63 | Compras actuales: 2/10
2026-06-24 10:55:35,727 - INFO - -> Objetivo de COMPRA (caída a): $363.50 | Objetivo de VENTA (subida a): $397.94
2026-06-24 10:55:35,727 - INFO - El precio se mantiene dentro del rango. No se requieren acciones.
2026-06-24 10:56:35,906 - INFO - Precio actual de TSLA: $383.02
2026-06-24 10:56:35,907 - INFO - -> Última compra: $382.63 | Compras actuales: 2/10
2026-06-24 10:56:35,907 - INFO - -> Objetivo de COMPRA (caída a): $363.50 | Objetivo de VENTA (subida a): $397.94
2026-06-24 10:56:35,908 - INFO - El precio se mantiene dentro del rango. No se requieren acciones.
2026-06-24 10:57:36,085 - INFO - Precio actual de TSLA: $383.22
2026-06-24 10:57:36,086 - INFO - -> Última compra: $382.63 | Compras actuales: 2/10
2026-06-24 10:57:36,086 - INFO - -> Objetivo de COMPRA (caída a): $363.50 | Objetivo de VENTA (subida a): $397.94
2026-06-24 10:57:36,086 - INFO - El precio se mantiene dentro del rango. No se requieren acciones.
2026-06-24 10:58:36,259 - INFO - Precio actual de TSLA: $382.57
2026-06-24 10:58:36,260 - INFO - -> Última compra: $382.63 | Compras actuales: 2/10
2026-06-24 10:58:36,260 - INFO - -> Objetivo de COMPRA (caída a): $363.50 | Objetivo de VENTA (subida a): $397.94
2026-06-24 10:58:36,260 - INFO - El precio se mantiene dentro del rango. No se requieren acciones.
2026-06-24 10:59:36,433 - INFO - Precio actual de TSLA: $381.68
2026-06-24 10:59:36,433 - INFO - -> Última compra: $382.63 | Compras actuales: 2/10
2026-06-24 10:59:36,433 - INFO - -> Objetivo de COMPRA (caída a): $363.50 | Objetivo de VENTA (subida a): $397.94
2026-06-24 10:59:36,433 - INFO - El precio se mantiene dentro del rango. No se requieren acciones.
2026-06-24 11:00:36,612 - INFO - Precio actual de TSLA: $381.47
2026-06-24 11:00:36,613 - INFO - -> Última compra: $382.63 | Compras actuales: 2/10
2026-06-24 11:00:36,613 - INFO - -> Objetivo de COMPRA (caída a): $363.50 | Objetivo de VENTA (subida a): $397.94
2026-06-24 11:00:36,613 - INFO - El precio se mantiene dentro del rango. No se requieren acciones.
2026-06-24 11:01:36,789 - INFO - Precio actual de TSLA: $380.86
2026-06-24 11:01:36,789 - INFO - -> Última compra: $382.63 | Compras actuales: 2/10
2026-06-24 11:01:36,789 - INFO - -> Objetivo de COMPRA (caída a): $363.50 | Objetivo de VENTA (subida a): $397.94
2026-06-24 11:01:36,789 - INFO - El precio se mantiene dentro del rango. No se requieren acciones.
2026-06-24 11:02:36,967 - INFO - Precio actual de TSLA: $380.43
2026-06-24 11:02:36,968 - INFO - -> Última compra: $382.63 | Compras actuales: 2/10
2026-06-24 11:02:36,968 - INFO - -> Objetivo de COMPRA (caída a): $363.50 | Objetivo de VENTA (subida a): $397.94
2026-06-24 11:02:36,968 - INFO - El precio se mantiene dentro del rango. No se requieren acciones.
2026-06-24 11:03:37,149 - INFO - Precio actual de TSLA: $380.23
2026-06-24 11:03:37,151 - INFO - -> Última compra: $382.63 | Compras actuales: 2/10
2026-06-24 11:03:37,151 - INFO - -> Objetivo de COMPRA (caída a): $363.50 | Objetivo de VENTA (subida a): $397.94
2026-06-24 11:03:37,151 - INFO - El precio se mantiene dentro del rango. No se requieren acciones.
2026-06-24 11:04:37,337 - INFO - Precio actual de TSLA: $380.18
2026-06-24 11:04:37,337 - INFO - -> Última compra: $382.63 | Compras actuales: 2/10
2026-06-24 11:04:37,337 - INFO - -> Objetivo de COMPRA (caída a): $363.50 | Objetivo de VENTA (subida a): $397.94
2026-06-24 11:04:37,337 - INFO - El precio se mantiene dentro del rango. No se requieren acciones.
2026-06-24 11:05:37,512 - INFO - Precio actual de TSLA: $380.92
2026-06-24 11:05:37,512 - INFO - -> Última compra: $382.63 | Compras actuales: 2/10
2026-06-24 11:05:37,513 - INFO - -> Objetivo de COMPRA (caída a): $363.50 | Objetivo de VENTA (subida a): $397.94
2026-06-24 11:05:37,513 - INFO - El precio se mantiene dentro del rango. No se requieren acciones.
2026-06-24 11:06:37,695 - INFO - Precio actual de TSLA: $381.51
2026-06-24 11:06:37,695 - INFO - -> Última compra: $382.63 | Compras actuales: 2/10
2026-06-24 11:06:37,696 - INFO - -> Objetivo de COMPRA (caída a): $363.50 | Objetivo de VENTA (subida a): $397.94
2026-06-24 11:06:37,696 - INFO - El precio se mantiene dentro del rango. No se requieren acciones.
2026-06-24 11:07:23,245 - INFO - Precio actual de TSLA: $381.08
2026-06-24 11:07:23,245 - INFO - -> Última compra: $382.63 | Compras actuales: 2/10
2026-06-24 11:07:23,246 - INFO - -> Objetivo de COMPRA (caída a): $363.50 | Objetivo de VENTA (subida a): $397.94
2026-06-24 11:07:23,246 - INFO - El precio se mantiene dentro del rango. No se requieren acciones.
2026-06-24 11:07:37,869 - INFO - Precio actual de TSLA: $381.08
2026-06-24 11:07:37,869 - INFO - -> Última compra: $382.63 | Compras actuales: 2/10
2026-06-24 11:07:37,869 - INFO - -> Objetivo de COMPRA (caída a): $363.50 | Objetivo de VENTA (subida a): $397.94
2026-06-24 11:07:37,869 - INFO - El precio se mantiene dentro del rango. No se requieren acciones.
2026-06-24 11:08:38,042 - INFO - Precio actual de TSLA: $380.89
2026-06-24 11:08:38,042 - INFO - -> Última compra: $382.63 | Compras actuales: 2/10
2026-06-24 11:08:38,043 - INFO - -> Objetivo de COMPRA (caída a): $363.50 | Objetivo de VENTA (subida a): $397.94
2026-06-24 11:08:38,043 - INFO - El precio se mantiene dentro del rango. No se requieren acciones.
2026-06-24 11:09:38,221 - INFO - Precio actual de TSLA: $380.95
2026-06-24 11:09:38,221 - INFO - -> Última compra: $382.63 | Compras actuales: 2/10
2026-06-24 11:09:38,221 - INFO - -> Objetivo de COMPRA (caída a): $363.50 | Objetivo de VENTA (subida a): $397.94
2026-06-24 11:09:38,221 - INFO - El precio se mantiene dentro del rango. No se requieren acciones.
2026-06-24 11:10:38,441 - INFO - Precio actual de TSLA: $382.32
2026-06-24 11:10:38,441 - INFO - -> Última compra: $382.63 | Compras actuales: 2/10
2026-06-24 11:10:38,441 - INFO - -> Objetivo de COMPRA (caída a): $363.50 | Objetivo de VENTA (subida a): $397.94
2026-06-24 11:10:38,441 - INFO - El precio se mantiene dentro del rango. No se requieren acciones.
2026-06-24 11:11:38,618 - INFO - Precio actual de TSLA: $381.65
2026-06-24 11:11:38,618 - INFO - -> Última compra: $382.63 | Compras actuales: 2/10
2026-06-24 11:11:38,619 - INFO - -> Objetivo de COMPRA (caída a): $363.50 | Objetivo de VENTA (subida a): $397.94
2026-06-24 11:11:38,619 - INFO - El precio se mantiene dentro del rango. No se requieren acciones.
2026-06-24 11:12:38,800 - INFO - Precio actual de TSLA: $381.78
2026-06-24 11:12:38,800 - INFO - -> Última compra: $382.63 | Compras actuales: 2/10
2026-06-24 11:12:38,800 - INFO - -> Objetivo de COMPRA (caída a): $363.50 | Objetivo de VENTA (subida a): $397.94
2026-06-24 11:12:38,801 - INFO - El precio se mantiene dentro del rango. No se requieren acciones.
2026-06-24 11:13:38,969 - INFO - Precio actual de TSLA: $381.25
2026-06-24 11:13:38,970 - INFO - -> Última compra: $382.63 | Compras actuales: 2/10
2026-06-24 11:13:38,970 - INFO - -> Objetivo de COMPRA (caída a): $363.50 | Objetivo de VENTA (subida a): $397.94
2026-06-24 11:13:38,970 - INFO - El precio se mantiene dentro del rango. No se requieren acciones.
2026-06-24 11:14:39,140 - INFO - Precio actual de TSLA: $381.40
2026-06-24 11:14:39,140 - INFO - -> Última compra: $382.63 | Compras actuales: 2/10
2026-06-24 11:14:39,140 - INFO - -> Objetivo de COMPRA (caída a): $363.50 | Objetivo de VENTA (subida a): $397.94
2026-06-24 11:14:39,140 - INFO - El precio se mantiene dentro del rango. No se requieren acciones.
2026-06-24 11:15:39,315 - INFO - Precio actual de TSLA: $381.49
2026-06-24 11:15:39,315 - INFO - -> Última compra: $382.63 | Compras actuales: 2/10
2026-06-24 11:15:39,315 - INFO - -> Objetivo de COMPRA (caída a): $363.50 | Objetivo de VENTA (subida a): $397.94
2026-06-24 11:15:39,315 - INFO - El precio se mantiene dentro del rango. No se requieren acciones.
2026-06-24 11:16:39,484 - INFO - Precio actual de TSLA: $380.67
2026-06-24 11:16:39,484 - INFO - -> Última compra: $382.63 | Compras actuales: 2/10
2026-06-24 11:16:39,484 - INFO - -> Objetivo de COMPRA (caída a): $363.50 | Objetivo de VENTA (subida a): $397.94
2026-06-24 11:16:39,484 - INFO - El precio se mantiene dentro del rango. No se requieren acciones.
2026-06-24 11:17:39,662 - INFO - Precio actual de TSLA: $380.85
2026-06-24 11:17:39,662 - INFO - -> Última compra: $382.63 | Compras actuales: 2/10
2026-06-24 11:17:39,663 - INFO - -> Objetivo de COMPRA (caída a): $363.50 | Objetivo de VENTA (subida a): $397.94
2026-06-24 11:17:39,663 - INFO - El precio se mantiene dentro del rango. No se requieren acciones.
2026-06-24 11:18:39,843 - INFO - Precio actual de TSLA: $380.96
2026-06-24 11:18:39,843 - INFO - -> Última compra: $382.63 | Compras actuales: 2/10
2026-06-24 11:18:39,843 - INFO - -> Objetivo de COMPRA (caída a): $363.50 | Objetivo de VENTA (subida a): $397.94
2026-06-24 11:18:39,843 - INFO - El precio se mantiene dentro del rango. No se requieren acciones.
2026-06-24 11:19:40,020 - INFO - Precio actual de TSLA: $380.84
2026-06-24 11:19:40,021 - INFO - -> Última compra: $382.63 | Compras actuales: 2/10
2026-06-24 11:19:40,021 - INFO - -> Objetivo de COMPRA (caída a): $363.50 | Objetivo de VENTA (subida a): $397.94
2026-06-24 11:19:40,021 - INFO - El precio se mantiene dentro del rango. No se requieren acciones.
2026-06-24 11:20:40,199 - INFO - Precio actual de TSLA: $380.00
2026-06-24 11:20:40,201 - INFO - -> Última compra: $382.63 | Compras actuales: 2/10
2026-06-24 11:20:40,201 - INFO - -> Objetivo de COMPRA (caída a): $363.50 | Objetivo de VENTA (subida a): $397.94
2026-06-24 11:20:40,201 - INFO - El precio se mantiene dentro del rango. No se requieren acciones.
2026-06-24 11:21:40,380 - INFO - Precio actual de TSLA: $381.06
2026-06-24 11:21:40,381 - INFO - -> Última compra: $382.63 | Compras actuales: 2/10
2026-06-24 11:21:40,381 - INFO - -> Objetivo de COMPRA (caída a): $363.50 | Objetivo de VENTA (subida a): $397.94
2026-06-24 11:21:40,381 - INFO - El precio se mantiene dentro del rango. No se requieren acciones.
2026-06-24 11:22:40,562 - INFO - Precio actual de TSLA: $382.09
2026-06-24 11:22:40,562 - INFO - -> Última compra: $382.63 | Compras actuales: 2/10
2026-06-24 11:22:40,562 - INFO - -> Objetivo de COMPRA (caída a): $363.50 | Objetivo de VENTA (subida a): $397.94
2026-06-24 11:22:40,562 - INFO - El precio se mantiene dentro del rango. No se requieren acciones.
2026-06-24 11:23:40,754 - INFO - Precio actual de TSLA: $382.40
2026-06-24 11:23:40,754 - INFO - -> Última compra: $382.63 | Compras actuales: 2/10
2026-06-24 11:23:40,755 - INFO - -> Objetivo de COMPRA (caída a): $363.50 | Objetivo de VENTA (subida a): $397.94
2026-06-24 11:23:40,755 - INFO - El precio se mantiene dentro del rango. No se requieren acciones.
2026-06-24 11:24:40,930 - INFO - Precio actual de TSLA: $382.56
2026-06-24 11:24:40,931 - INFO - -> Última compra: $382.63 | Compras actuales: 2/10
2026-06-24 11:24:40,931 - INFO - -> Objetivo de COMPRA (caída a): $363.50 | Objetivo de VENTA (subida a): $397.94
2026-06-24 11:24:40,931 - INFO - El precio se mantiene dentro del rango. No se requieren acciones.
2026-06-24 11:25:41,136 - INFO - Precio actual de TSLA: $382.29
2026-06-24 11:25:41,136 - INFO - -> Última compra: $382.63 | Compras actuales: 2/10
2026-06-24 11:25:41,136 - INFO - -> Objetivo de COMPRA (caída a): $363.50 | Objetivo de VENTA (subida a): $397.94
2026-06-24 11:25:41,136 - INFO - El precio se mantiene dentro del rango. No se requieren acciones.
2026-06-24 11:26:41,328 - INFO - Precio actual de TSLA: $381.47
2026-06-24 11:26:41,328 - INFO - -> Última compra: $382.63 | Compras actuales: 2/10
2026-06-24 11:26:41,329 - INFO - -> Objetivo de COMPRA (caída a): $363.50 | Objetivo de VENTA (subida a): $397.94
2026-06-24 11:26:41,329 - INFO - El precio se mantiene dentro del rango. No se requieren acciones.
2026-06-24 11:27:23,911 - INFO - Precio actual de TSLA: $381.50
2026-06-24 11:27:23,911 - INFO - -> Última compra: $382.63 | Compras actuales: 2/10
2026-06-24 11:27:23,911 - INFO - -> Objetivo de COMPRA (caída a): $363.50 | Objetivo de VENTA (subida a): $397.94
2026-06-24 11:27:23,911 - INFO - El precio se mantiene dentro del rango. No se requieren acciones.
2026-06-24 11:27:41,501 - INFO - Precio actual de TSLA: $381.77
2026-06-24 11:27:41,502 - INFO - -> Última compra: $382.63 | Compras actuales: 2/10
2026-06-24 11:27:41,502 - INFO - -> Objetivo de COMPRA (caída a): $363.50 | Objetivo de VENTA (subida a): $397.94
2026-06-24 11:27:41,502 - INFO - El precio se mantiene dentro del rango. No se requieren acciones.
2026-06-24 11:28:41,675 - INFO - Precio actual de TSLA: $381.90
2026-06-24 11:28:41,676 - INFO - -> Última compra: $382.63 | Compras actuales: 2/10
2026-06-24 11:28:41,676 - INFO - -> Objetivo de COMPRA (caída a): $363.50 | Objetivo de VENTA (subida a): $397.94
2026-06-24 11:28:41,676 - INFO - El precio se mantiene dentro del rango. No se requieren acciones.
2026-06-24 11:29:41,852 - INFO - Precio actual de TSLA: $381.81
2026-06-24 11:29:41,852 - INFO - -> Última compra: $382.63 | Compras actuales: 2/10
2026-06-24 11:29:41,852 - INFO - -> Objetivo de COMPRA (caída a): $363.50 | Objetivo de VENTA (subida a): $397.94
2026-06-24 11:29:41,852 - INFO - El precio se mantiene dentro del rango. No se requieren acciones.
2026-06-24 11:30:42,023 - INFO - Precio actual de TSLA: $382.47
2026-06-24 11:30:42,024 - INFO - -> Última compra: $382.63 | Compras actuales: 2/10
2026-06-24 11:30:42,024 - INFO - -> Objetivo de COMPRA (caída a): $363.50 | Objetivo de VENTA (subida a): $397.94
2026-06-24 11:30:42,024 - INFO - El precio se mantiene dentro del rango. No se requieren acciones.
2026-06-24 11:31:42,200 - INFO - Precio actual de TSLA: $382.75
2026-06-24 11:31:42,201 - INFO - -> Última compra: $382.63 | Compras actuales: 2/10
2026-06-24 11:31:42,201 - INFO - -> Objetivo de COMPRA (caída a): $363.50 | Objetivo de VENTA (subida a): $397.94
2026-06-24 11:31:42,201 - INFO - El precio se mantiene dentro del rango. No se requieren acciones.
2026-06-24 11:32:42,417 - INFO - Precio actual de TSLA: $382.80
2026-06-24 11:32:42,417 - INFO - -> Última compra: $382.63 | Compras actuales: 2/10
2026-06-24 11:32:42,417 - INFO - -> Objetivo de COMPRA (caída a): $363.50 | Objetivo de VENTA (subida a): $397.94
2026-06-24 11:32:42,418 - INFO - El precio se mantiene dentro del rango. No se requieren acciones.
2026-06-24 11:33:42,593 - INFO - Precio actual de TSLA: $381.78
2026-06-24 11:33:42,594 - INFO - -> Última compra: $382.63 | Compras actuales: 2/10
2026-06-24 11:33:42,594 - INFO - -> Objetivo de COMPRA (caída a): $363.50 | Objetivo de VENTA (subida a): $397.94
2026-06-24 11:33:42,594 - INFO - El precio se mantiene dentro del rango. No se requieren acciones.
2026-06-24 11:34:42,771 - INFO - Precio actual de TSLA: $381.54
2026-06-24 11:34:42,771 - INFO - -> Última compra: $382.63 | Compras actuales: 2/10
2026-06-24 11:34:42,771 - INFO - -> Objetivo de COMPRA (caída a): $363.50 | Objetivo de VENTA (subida a): $397.94
2026-06-24 11:34:42,771 - INFO - El precio se mantiene dentro del rango. No se requieren acciones.
2026-06-24 11:35:42,946 - INFO - Precio actual de TSLA: $381.66
2026-06-24 11:35:42,946 - INFO - -> Última compra: $382.63 | Compras actuales: 2/10
2026-06-24 11:35:42,946 - INFO - -> Objetivo de COMPRA (caída a): $363.50 | Objetivo de VENTA (subida a): $397.94
2026-06-24 11:35:42,947 - INFO - El precio se mantiene dentro del rango. No se requieren acciones.
2026-06-24 11:36:43,125 - INFO - Precio actual de TSLA: $381.25
2026-06-24 11:36:43,125 - INFO - -> Última compra: $382.63 | Compras actuales: 2/10
2026-06-24 11:36:43,125 - INFO - -> Objetivo de COMPRA (caída a): $363.50 | Objetivo de VENTA (subida a): $397.94
2026-06-24 11:36:43,125 - INFO - El precio se mantiene dentro del rango. No se requieren acciones.
2026-06-24 11:37:43,306 - INFO - Precio actual de TSLA: $381.13
2026-06-24 11:37:43,307 - INFO - -> Última compra: $382.63 | Compras actuales: 2/10
2026-06-24 11:37:43,307 - INFO - -> Objetivo de COMPRA (caída a): $363.50 | Objetivo de VENTA (subida a): $397.94
2026-06-24 11:37:43,307 - INFO - El precio se mantiene dentro del rango. No se requieren acciones.
2026-06-24 11:38:43,495 - INFO - Precio actual de TSLA: $380.89
2026-06-24 11:38:43,495 - INFO - -> Última compra: $382.63 | Compras actuales: 2/10
2026-06-24 11:38:43,495 - INFO - -> Objetivo de COMPRA (caída a): $363.50 | Objetivo de VENTA (subida a): $397.94
2026-06-24 11:38:43,495 - INFO - El precio se mantiene dentro del rango. No se requieren acciones.
2026-06-24 11:39:43,674 - INFO - Precio actual de TSLA: $380.36
2026-06-24 11:39:43,674 - INFO - -> Última compra: $382.63 | Compras actuales: 2/10
2026-06-24 11:39:43,675 - INFO - -> Objetivo de COMPRA (caída a): $363.50 | Objetivo de VENTA (subida a): $397.94
2026-06-24 11:39:43,675 - INFO - El precio se mantiene dentro del rango. No se requieren acciones.
2026-06-24 11:40:43,883 - INFO - Precio actual de TSLA: $380.32
2026-06-24 11:40:43,884 - INFO - -> Última compra: $382.63 | Compras actuales: 2/10
2026-06-24 11:40:43,884 - INFO - -> Objetivo de COMPRA (caída a): $363.50 | Objetivo de VENTA (subida a): $397.94
2026-06-24 11:40:43,884 - INFO - El precio se mantiene dentro del rango. No se requieren acciones.
2026-06-24 11:41:44,057 - INFO - Precio actual de TSLA: $380.12
2026-06-24 11:41:44,057 - INFO - -> Última compra: $382.63 | Compras actuales: 2/10
2026-06-24 11:41:44,057 - INFO - -> Objetivo de COMPRA (caída a): $363.50 | Objetivo de VENTA (subida a): $397.94
2026-06-24 11:41:44,058 - INFO - El precio se mantiene dentro del rango. No se requieren acciones.
2026-06-24 11:42:44,233 - INFO - Precio actual de TSLA: $379.89
2026-06-24 11:42:44,233 - INFO - -> Última compra: $382.63 | Compras actuales: 2/10
2026-06-24 11:42:44,234 - INFO - -> Objetivo de COMPRA (caída a): $363.50 | Objetivo de VENTA (subida a): $397.94
2026-06-24 11:42:44,234 - INFO - El precio se mantiene dentro del rango. No se requieren acciones.
2026-06-24 11:43:44,417 - INFO - Precio actual de TSLA: $380.08
2026-06-24 11:43:44,417 - INFO - -> Última compra: $382.63 | Compras actuales: 2/10
2026-06-24 11:43:44,418 - INFO - -> Objetivo de COMPRA (caída a): $363.50 | Objetivo de VENTA (subida a): $397.94
2026-06-24 11:43:44,418 - INFO - El precio se mantiene dentro del rango. No se requieren acciones.
2026-06-24 11:44:44,592 - INFO - Precio actual de TSLA: $380.91
2026-06-24 11:44:44,592 - INFO - -> Última compra: $382.63 | Compras actuales: 2/10
2026-06-24 11:44:44,592 - INFO - -> Objetivo de COMPRA (caída a): $363.50 | Objetivo de VENTA (subida a): $397.94
2026-06-24 11:44:44,592 - INFO - El precio se mantiene dentro del rango. No se requieren acciones.
2026-06-24 11:45:44,775 - INFO - Precio actual de TSLA: $381.22
2026-06-24 11:45:44,775 - INFO - -> Última compra: $382.63 | Compras actuales: 2/10
2026-06-24 11:45:44,775 - INFO - -> Objetivo de COMPRA (caída a): $363.50 | Objetivo de VENTA (subida a): $397.94
2026-06-24 11:45:44,775 - INFO - El precio se mantiene dentro del rango. No se requieren acciones.
2026-06-24 11:46:44,955 - INFO - Precio actual de TSLA: $381.69
2026-06-24 11:46:44,956 - INFO - -> Última compra: $382.63 | Compras actuales: 2/10
2026-06-24 11:46:44,956 - INFO - -> Objetivo de COMPRA (caída a): $363.50 | Objetivo de VENTA (subida a): $397.94
2026-06-24 11:46:44,956 - INFO - El precio se mantiene dentro del rango. No se requieren acciones.
2026-06-24 11:47:24,514 - INFO - Precio actual de TSLA: $382.99
2026-06-24 11:47:24,514 - INFO - -> Última compra: $382.63 | Compras actuales: 2/10
2026-06-24 11:47:24,515 - INFO - -> Objetivo de COMPRA (caída a): $363.50 | Objetivo de VENTA (subida a): $397.94
2026-06-24 11:47:24,515 - INFO - El precio se mantiene dentro del rango. No se requieren acciones.
2026-06-24 11:47:45,130 - INFO - Precio actual de TSLA: $383.00
2026-06-24 11:47:45,130 - INFO - -> Última compra: $382.63 | Compras actuales: 2/10
2026-06-24 11:47:45,130 - INFO - -> Objetivo de COMPRA (caída a): $363.50 | Objetivo de VENTA (subida a): $397.94
2026-06-24 11:47:45,130 - INFO - El precio se mantiene dentro del rango. No se requieren acciones.
2026-06-24 11:48:45,304 - INFO - Precio actual de TSLA: $383.38
2026-06-24 11:48:45,304 - INFO - -> Última compra: $382.63 | Compras actuales: 2/10
2026-06-24 11:48:45,305 - INFO - -> Objetivo de COMPRA (caída a): $363.50 | Objetivo de VENTA (subida a): $397.94
2026-06-24 11:48:45,305 - INFO - El precio se mantiene dentro del rango. No se requieren acciones.
2026-06-24 11:49:45,480 - INFO - Precio actual de TSLA: $382.78
2026-06-24 11:49:45,480 - INFO - -> Última compra: $382.63 | Compras actuales: 2/10
2026-06-24 11:49:45,481 - INFO - -> Objetivo de COMPRA (caída a): $363.50 | Objetivo de VENTA (subida a): $397.94
2026-06-24 11:49:45,481 - INFO - El precio se mantiene dentro del rango. No se requieren acciones.
2026-06-24 11:50:45,685 - INFO - Precio actual de TSLA: $382.70
2026-06-24 11:50:45,685 - INFO - -> Última compra: $382.63 | Compras actuales: 2/10
2026-06-24 11:50:45,686 - INFO - -> Objetivo de COMPRA (caída a): $363.50 | Objetivo de VENTA (subida a): $397.94
2026-06-24 11:50:45,686 - INFO - El precio se mantiene dentro del rango. No se requieren acciones.
2026-06-24 11:51:46,245 - INFO - Precio actual de TSLA: $382.48
2026-06-24 11:51:46,246 - INFO - -> Última compra: $382.63 | Compras actuales: 2/10
2026-06-24 11:51:46,246 - INFO - -> Objetivo de COMPRA (caída a): $363.50 | Objetivo de VENTA (subida a): $397.94
2026-06-24 11:51:46,246 - INFO - El precio se mantiene dentro del rango. No se requieren acciones.
2026-06-24 11:52:46,422 - INFO - Precio actual de TSLA: $382.11
2026-06-24 11:52:46,423 - INFO - -> Última compra: $382.63 | Compras actuales: 2/10
2026-06-24 11:52:46,423 - INFO - -> Objetivo de COMPRA (caída a): $363.50 | Objetivo de VENTA (subida a): $397.94
2026-06-24 11:52:46,423 - INFO - El precio se mantiene dentro del rango. No se requieren acciones.
2026-06-24 11:53:46,599 - INFO - Precio actual de TSLA: $382.51
2026-06-24 11:53:46,599 - INFO - -> Última compra: $382.63 | Compras actuales: 2/10
2026-06-24 11:53:46,600 - INFO - -> Objetivo de COMPRA (caída a): $363.50 | Objetivo de VENTA (subida a): $397.94
2026-06-24 11:53:46,600 - INFO - El precio se mantiene dentro del rango. No se requieren acciones.
2026-06-24 11:54:46,777 - INFO - Precio actual de TSLA: $382.25
2026-06-24 11:54:46,777 - INFO - -> Última compra: $382.63 | Compras actuales: 2/10
2026-06-24 11:54:46,778 - INFO - -> Objetivo de COMPRA (caída a): $363.50 | Objetivo de VENTA (subida a): $397.94
2026-06-24 11:54:46,778 - INFO - El precio se mantiene dentro del rango. No se requieren acciones.
2026-06-24 11:55:46,950 - INFO - Precio actual de TSLA: $381.88
2026-06-24 11:55:46,951 - INFO - -> Última compra: $382.63 | Compras actuales: 2/10
2026-06-24 11:55:46,951 - INFO - -> Objetivo de COMPRA (caída a): $363.50 | Objetivo de VENTA (subida a): $397.94
2026-06-24 11:55:46,951 - INFO - El precio se mantiene dentro del rango. No se requieren acciones.
2026-06-24 11:56:47,130 - INFO - Precio actual de TSLA: $382.00
2026-06-24 11:56:47,130 - INFO - -> Última compra: $382.63 | Compras actuales: 2/10
2026-06-24 11:56:47,130 - INFO - -> Objetivo de COMPRA (caída a): $363.50 | Objetivo de VENTA (subida a): $397.94
2026-06-24 11:56:47,130 - INFO - El precio se mantiene dentro del rango. No se requieren acciones.
2026-06-24 11:57:47,313 - INFO - Precio actual de TSLA: $382.17
2026-06-24 11:57:47,313 - INFO - -> Última compra: $382.63 | Compras actuales: 2/10
2026-06-24 11:57:47,313 - INFO - -> Objetivo de COMPRA (caída a): $363.50 | Objetivo de VENTA (subida a): $397.94
2026-06-24 11:57:47,313 - INFO - El precio se mantiene dentro del rango. No se requieren acciones.
2026-06-24 11:58:47,488 - INFO - Precio actual de TSLA: $382.34
2026-06-24 11:58:47,489 - INFO - -> Última compra: $382.63 | Compras actuales: 2/10
2026-06-24 11:58:47,489 - INFO - -> Objetivo de COMPRA (caída a): $363.50 | Objetivo de VENTA (subida a): $397.94
2026-06-24 11:58:47,489 - INFO - El precio se mantiene dentro del rango. No se requieren acciones.
2026-06-24 11:59:47,662 - INFO - Precio actual de TSLA: $383.51
2026-06-24 11:59:47,662 - INFO - -> Última compra: $382.63 | Compras actuales: 2/10
2026-06-24 11:59:47,662 - INFO - -> Objetivo de COMPRA (caída a): $363.50 | Objetivo de VENTA (subida a): $397.94
2026-06-24 11:59:47,664 - INFO - El precio se mantiene dentro del rango. No se requieren acciones.
2026-06-24 12:00:47,837 - INFO - Precio actual de TSLA: $383.00
2026-06-24 12:00:47,837 - INFO - -> Última compra: $382.63 | Compras actuales: 2/10
2026-06-24 12:00:47,837 - INFO - -> Objetivo de COMPRA (caída a): $363.50 | Objetivo de VENTA (subida a): $397.94
2026-06-24 12:00:47,837 - INFO - El precio se mantiene dentro del rango. No se requieren acciones.
2026-06-24 12:01:48,035 - INFO - Precio actual de TSLA: $383.18
2026-06-24 12:01:48,035 - INFO - -> Última compra: $382.63 | Compras actuales: 2/10
2026-06-24 12:01:48,035 - INFO - -> Objetivo de COMPRA (caída a): $363.50 | Objetivo de VENTA (subida a): $397.94
2026-06-24 12:01:48,036 - INFO - El precio se mantiene dentro del rango. No se requieren acciones.
2026-06-24 12:02:48,204 - INFO - Precio actual de TSLA: $383.05
2026-06-24 12:02:48,204 - INFO - -> Última compra: $382.63 | Compras actuales: 2/10
2026-06-24 12:02:48,204 - INFO - -> Objetivo de COMPRA (caída a): $363.50 | Objetivo de VENTA (subida a): $397.94
2026-06-24 12:02:48,205 - INFO - El precio se mantiene dentro del rango. No se requieren acciones.
2026-06-24 12:03:48,375 - INFO - Precio actual de TSLA: $382.39
2026-06-24 12:03:48,376 - INFO - -> Última compra: $382.63 | Compras actuales: 2/10
2026-06-24 12:03:48,376 - INFO - -> Objetivo de COMPRA (caída a): $363.50 | Objetivo de VENTA (subida a): $397.94
2026-06-24 12:03:48,376 - INFO - El precio se mantiene dentro del rango. No se requieren acciones.
2026-06-24 12:04:48,657 - INFO - Precio actual de TSLA: $382.36
2026-06-24 12:04:48,657 - INFO - -> Última compra: $382.63 | Compras actuales: 2/10
2026-06-24 12:04:48,657 - INFO - -> Objetivo de COMPRA (caída a): $363.50 | Objetivo de VENTA (subida a): $397.94
2026-06-24 12:04:48,657 - INFO - El precio se mantiene dentro del rango. No se requieren acciones.
2026-06-24 12:05:48,942 - INFO - Precio actual de TSLA: $382.62
2026-06-24 12:05:48,942 - INFO - -> Última compra: $382.63 | Compras actuales: 2/10
2026-06-24 12:05:48,942 - INFO - -> Objetivo de COMPRA (caída a): $363.50 | Objetivo de VENTA (subida a): $397.94
2026-06-24 12:05:48,943 - INFO - El precio se mantiene dentro del rango. No se requieren acciones.
2026-06-24 12:06:49,118 - INFO - Precio actual de TSLA: $382.75
2026-06-24 12:06:49,118 - INFO - -> Última compra: $382.63 | Compras actuales: 2/10
2026-06-24 12:06:49,118 - INFO - -> Objetivo de COMPRA (caída a): $363.50 | Objetivo de VENTA (subida a): $397.94
2026-06-24 12:06:49,118 - INFO - El precio se mantiene dentro del rango. No se requieren acciones.
2026-06-24 12:07:25,157 - INFO - Precio actual de TSLA: $382.61
2026-06-24 12:07:25,158 - INFO - -> Última compra: $382.63 | Compras actuales: 2/10
2026-06-24 12:07:25,158 - INFO - -> Objetivo de COMPRA (caída a): $363.50 | Objetivo de VENTA (subida a): $397.94
2026-06-24 12:07:25,158 - INFO - El precio se mantiene dentro del rango. No se requieren acciones.
2026-06-24 12:07:49,293 - INFO - Precio actual de TSLA: $382.54
2026-06-24 12:07:49,294 - INFO - -> Última compra: $382.63 | Compras actuales: 2/10
2026-06-24 12:07:49,294 - INFO - -> Objetivo de COMPRA (caída a): $363.50 | Objetivo de VENTA (subida a): $397.94
2026-06-24 12:07:49,294 - INFO - El precio se mantiene dentro del rango. No se requieren acciones.
2026-06-24 12:08:49,469 - INFO - Precio actual de TSLA: $382.77
2026-06-24 12:08:49,470 - INFO - -> Última compra: $382.63 | Compras actuales: 2/10
2026-06-24 12:08:49,470 - INFO - -> Objetivo de COMPRA (caída a): $363.50 | Objetivo de VENTA (subida a): $397.94
2026-06-24 12:08:49,470 - INFO - El precio se mantiene dentro del rango. No se requieren acciones.
2026-06-24 12:09:49,642 - INFO - Precio actual de TSLA: $382.44
2026-06-24 12:09:49,642 - INFO - -> Última compra: $382.63 | Compras actuales: 2/10
2026-06-24 12:09:49,643 - INFO - -> Objetivo de COMPRA (caída a): $363.50 | Objetivo de VENTA (subida a): $397.94
2026-06-24 12:09:49,643 - INFO - El precio se mantiene dentro del rango. No se requieren acciones.
2026-06-24 12:10:49,863 - INFO - Precio actual de TSLA: $382.56
2026-06-24 12:10:49,863 - INFO - -> Última compra: $382.63 | Compras actuales: 2/10
2026-06-24 12:10:49,863 - INFO - -> Objetivo de COMPRA (caída a): $363.50 | Objetivo de VENTA (subida a): $397.94
2026-06-24 12:10:49,863 - INFO - El precio se mantiene dentro del rango. No se requieren acciones.
2026-06-24 12:11:50,040 - INFO - Precio actual de TSLA: $382.62
2026-06-24 12:11:50,040 - INFO - -> Última compra: $382.63 | Compras actuales: 2/10
2026-06-24 12:11:50,041 - INFO - -> Objetivo de COMPRA (caída a): $363.50 | Objetivo de VENTA (subida a): $397.94
2026-06-24 12:11:50,041 - INFO - El precio se mantiene dentro del rango. No se requieren acciones.
2026-06-24 12:12:50,214 - INFO - Precio actual de TSLA: $382.14
2026-06-24 12:12:50,215 - INFO - -> Última compra: $382.63 | Compras actuales: 2/10
2026-06-24 12:12:50,215 - INFO - -> Objetivo de COMPRA (caída a): $363.50 | Objetivo de VENTA (subida a): $397.94
2026-06-24 12:12:50,215 - INFO - El precio se mantiene dentro del rango. No se requieren acciones.
2026-06-24 12:13:50,390 - INFO - Precio actual de TSLA: $382.40
2026-06-24 12:13:50,391 - INFO - -> Última compra: $382.63 | Compras actuales: 2/10
2026-06-24 12:13:50,391 - INFO - -> Objetivo de COMPRA (caída a): $363.50 | Objetivo de VENTA (subida a): $397.94
2026-06-24 12:13:50,391 - INFO - El precio se mantiene dentro del rango. No se requieren acciones.
2026-06-24 12:14:50,566 - INFO - Precio actual de TSLA: $383.00
2026-06-24 12:14:50,566 - INFO - -> Última compra: $382.63 | Compras actuales: 2/10
2026-06-24 12:14:50,567 - INFO - -> Objetivo de COMPRA (caída a): $363.50 | Objetivo de VENTA (subida a): $397.94
2026-06-24 12:14:50,567 - INFO - El precio se mantiene dentro del rango. No se requieren acciones.
2026-06-24 12:15:50,742 - INFO - Precio actual de TSLA: $383.13
2026-06-24 12:15:50,742 - INFO - -> Última compra: $382.63 | Compras actuales: 2/10
2026-06-24 12:15:50,743 - INFO - -> Objetivo de COMPRA (caída a): $363.50 | Objetivo de VENTA (subida a): $397.94
2026-06-24 12:15:50,743 - INFO - El precio se mantiene dentro del rango. No se requieren acciones.
2026-06-24 12:16:50,934 - INFO - Precio actual de TSLA: $383.94
2026-06-24 12:16:50,934 - INFO - -> Última compra: $382.63 | Compras actuales: 2/10
2026-06-24 12:16:50,934 - INFO - -> Objetivo de COMPRA (caída a): $363.50 | Objetivo de VENTA (subida a): $397.94
2026-06-24 12:16:50,935 - INFO - El precio se mantiene dentro del rango. No se requieren acciones.
2026-06-24 12:17:51,108 - INFO - Precio actual de TSLA: $384.24
2026-06-24 12:17:51,109 - INFO - -> Última compra: $382.63 | Compras actuales: 2/10
2026-06-24 12:17:51,109 - INFO - -> Objetivo de COMPRA (caída a): $363.50 | Objetivo de VENTA (subida a): $397.94
2026-06-24 12:17:51,109 - INFO - El precio se mantiene dentro del rango. No se requieren acciones.
2026-06-24 12:18:51,285 - INFO - Precio actual de TSLA: $384.04
2026-06-24 12:18:51,287 - INFO - -> Última compra: $382.63 | Compras actuales: 2/10
2026-06-24 12:18:51,287 - INFO - -> Objetivo de COMPRA (caída a): $363.50 | Objetivo de VENTA (subida a): $397.94
2026-06-24 12:18:51,287 - INFO - El precio se mantiene dentro del rango. No se requieren acciones.
2026-06-24 12:19:51,465 - INFO - Precio actual de TSLA: $383.79
2026-06-24 12:19:51,466 - INFO - -> Última compra: $382.63 | Compras actuales: 2/10
2026-06-24 12:19:51,466 - INFO - -> Objetivo de COMPRA (caída a): $363.50 | Objetivo de VENTA (subida a): $397.94
2026-06-24 12:19:51,467 - INFO - El precio se mantiene dentro del rango. No se requieren acciones.
2026-06-24 12:20:51,645 - INFO - Precio actual de TSLA: $383.63
2026-06-24 12:20:51,645 - INFO - -> Última compra: $382.63 | Compras actuales: 2/10
2026-06-24 12:20:51,646 - INFO - -> Objetivo de COMPRA (caída a): $363.50 | Objetivo de VENTA (subida a): $397.94
2026-06-24 12:20:51,646 - INFO - El precio se mantiene dentro del rango. No se requieren acciones.
2026-06-24 12:21:51,824 - INFO - Precio actual de TSLA: $383.20
2026-06-24 12:21:51,824 - INFO - -> Última compra: $382.63 | Compras actuales: 2/10
2026-06-24 12:21:51,825 - INFO - -> Objetivo de COMPRA (caída a): $363.50 | Objetivo de VENTA (subida a): $397.94
2026-06-24 12:21:51,825 - INFO - El precio se mantiene dentro del rango. No se requieren acciones.
2026-06-24 12:22:52,178 - INFO - Precio actual de TSLA: $383.34
2026-06-24 12:22:52,179 - INFO - -> Última compra: $382.63 | Compras actuales: 2/10
2026-06-24 12:22:52,180 - INFO - -> Objetivo de COMPRA (caída a): $363.50 | Objetivo de VENTA (subida a): $397.94
2026-06-24 12:22:52,180 - INFO - El precio se mantiene dentro del rango. No se requieren acciones.
2026-06-24 12:23:52,379 - INFO - Precio actual de TSLA: $383.53
2026-06-24 12:23:52,380 - INFO - -> Última compra: $382.63 | Compras actuales: 2/10
2026-06-24 12:23:52,380 - INFO - -> Objetivo de COMPRA (caída a): $363.50 | Objetivo de VENTA (subida a): $397.94
2026-06-24 12:23:52,380 - INFO - El precio se mantiene dentro del rango. No se requieren acciones.
2026-06-24 12:24:52,597 - INFO - Precio actual de TSLA: $383.09
2026-06-24 12:24:52,598 - INFO - -> Última compra: $382.63 | Compras actuales: 2/10
2026-06-24 12:24:52,598 - INFO - -> Objetivo de COMPRA (caída a): $363.50 | Objetivo de VENTA (subida a): $397.94
2026-06-24 12:24:52,598 - INFO - El precio se mantiene dentro del rango. No se requieren acciones.
2026-06-24 12:25:52,774 - INFO - Precio actual de TSLA: $382.89
2026-06-24 12:25:52,774 - INFO - -> Última compra: $382.63 | Compras actuales: 2/10
2026-06-24 12:25:52,774 - INFO - -> Objetivo de COMPRA (caída a): $363.50 | Objetivo de VENTA (subida a): $397.94
2026-06-24 12:25:52,774 - INFO - El precio se mantiene dentro del rango. No se requieren acciones.
2026-06-24 12:26:52,954 - INFO - Precio actual de TSLA: $383.17
2026-06-24 12:26:52,955 - INFO - -> Última compra: $382.63 | Compras actuales: 2/10
2026-06-24 12:26:52,955 - INFO - -> Objetivo de COMPRA (caída a): $363.50 | Objetivo de VENTA (subida a): $397.94
2026-06-24 12:26:52,955 - INFO - El precio se mantiene dentro del rango. No se requieren acciones.
2026-06-24 12:27:25,768 - INFO - Precio actual de TSLA: $383.68
2026-06-24 12:27:25,769 - INFO - -> Última compra: $382.63 | Compras actuales: 2/10
2026-06-24 12:27:25,770 - INFO - -> Objetivo de COMPRA (caída a): $363.50 | Objetivo de VENTA (subida a): $397.94
2026-06-24 12:27:25,770 - INFO - El precio se mantiene dentro del rango. No se requieren acciones.
2026-06-24 12:27:53,131 - INFO - Precio actual de TSLA: $383.52
2026-06-24 12:27:53,133 - INFO - -> Última compra: $382.63 | Compras actuales: 2/10
2026-06-24 12:27:53,133 - INFO - -> Objetivo de COMPRA (caída a): $363.50 | Objetivo de VENTA (subida a): $397.94
2026-06-24 12:27:53,133 - INFO - El precio se mantiene dentro del rango. No se requieren acciones.
2026-06-24 12:28:53,309 - INFO - Precio actual de TSLA: $383.12
2026-06-24 12:28:53,310 - INFO - -> Última compra: $382.63 | Compras actuales: 2/10
2026-06-24 12:28:53,310 - INFO - -> Objetivo de COMPRA (caída a): $363.50 | Objetivo de VENTA (subida a): $397.94
2026-06-24 12:28:53,310 - INFO - El precio se mantiene dentro del rango. No se requieren acciones.
2026-06-24 12:29:53,491 - INFO - Precio actual de TSLA: $383.81
2026-06-24 12:29:53,492 - INFO - -> Última compra: $382.63 | Compras actuales: 2/10
2026-06-24 12:29:53,493 - INFO - -> Objetivo de COMPRA (caída a): $363.50 | Objetivo de VENTA (subida a): $397.94
2026-06-24 12:29:53,493 - INFO - El precio se mantiene dentro del rango. No se requieren acciones.
2026-06-24 12:30:53,666 - INFO - Precio actual de TSLA: $383.79
2026-06-24 12:30:53,666 - INFO - -> Última compra: $382.63 | Compras actuales: 2/10
2026-06-24 12:30:53,667 - INFO - -> Objetivo de COMPRA (caída a): $363.50 | Objetivo de VENTA (subida a): $397.94
2026-06-24 12:30:53,667 - INFO - El precio se mantiene dentro del rango. No se requieren acciones.
2026-06-24 12:31:53,878 - INFO - Precio actual de TSLA: $383.17
2026-06-24 12:31:53,880 - INFO - -> Última compra: $382.63 | Compras actuales: 2/10
2026-06-24 12:31:53,880 - INFO - -> Objetivo de COMPRA (caída a): $363.50 | Objetivo de VENTA (subida a): $397.94
2026-06-24 12:31:53,880 - INFO - El precio se mantiene dentro del rango. No se requieren acciones.
2026-06-24 12:32:54,063 - INFO - Precio actual de TSLA: $382.68
2026-06-24 12:32:54,064 - INFO - -> Última compra: $382.63 | Compras actuales: 2/10
2026-06-24 12:32:54,064 - INFO - -> Objetivo de COMPRA (caída a): $363.50 | Objetivo de VENTA (subida a): $397.94
2026-06-24 12:32:54,064 - INFO - El precio se mantiene dentro del rango. No se requieren acciones.
2026-06-24 12:33:54,239 - INFO - Precio actual de TSLA: $381.80
2026-06-24 12:33:54,240 - INFO - -> Última compra: $382.63 | Compras actuales: 2/10
2026-06-24 12:33:54,240 - INFO - -> Objetivo de COMPRA (caída a): $363.50 | Objetivo de VENTA (subida a): $397.94
2026-06-24 12:33:54,240 - INFO - El precio se mantiene dentro del rango. No se requieren acciones.
2026-06-24 12:34:54,413 - INFO - Precio actual de TSLA: $381.72
2026-06-24 12:34:54,414 - INFO - -> Última compra: $382.63 | Compras actuales: 2/10
2026-06-24 12:34:54,414 - INFO - -> Objetivo de COMPRA (caída a): $363.50 | Objetivo de VENTA (subida a): $397.94
2026-06-24 12:34:54,414 - INFO - El precio se mantiene dentro del rango. No se requieren acciones.
2026-06-24 12:35:54,592 - INFO - Precio actual de TSLA: $381.97
2026-06-24 12:35:54,593 - INFO - -> Última compra: $382.63 | Compras actuales: 2/10
2026-06-24 12:35:54,593 - INFO - -> Objetivo de COMPRA (caída a): $363.50 | Objetivo de VENTA (subida a): $397.94
2026-06-24 12:35:54,593 - INFO - El precio se mantiene dentro del rango. No se requieren acciones.
2026-06-24 12:36:54,831 - INFO - Precio actual de TSLA: $381.80
2026-06-24 12:36:54,831 - INFO - -> Última compra: $382.63 | Compras actuales: 2/10
2026-06-24 12:36:54,831 - INFO - -> Objetivo de COMPRA (caída a): $363.50 | Objetivo de VENTA (subida a): $397.94
2026-06-24 12:36:54,831 - INFO - El precio se mantiene dentro del rango. No se requieren acciones.
2026-06-24 12:37:55,045 - INFO - Precio actual de TSLA: $381.80
2026-06-24 12:37:55,045 - INFO - -> Última compra: $382.63 | Compras actuales: 2/10
2026-06-24 12:37:55,046 - INFO - -> Objetivo de COMPRA (caída a): $363.50 | Objetivo de VENTA (subida a): $397.94
2026-06-24 12:37:55,046 - INFO - El precio se mantiene dentro del rango. No se requieren acciones.
2026-06-24 12:38:55,228 - INFO - Precio actual de TSLA: $381.84
2026-06-24 12:38:55,229 - INFO - -> Última compra: $382.63 | Compras actuales: 2/10
2026-06-24 12:38:55,229 - INFO - -> Objetivo de COMPRA (caída a): $363.50 | Objetivo de VENTA (subida a): $397.94
2026-06-24 12:38:55,230 - INFO - El precio se mantiene dentro del rango. No se requieren acciones.
2026-06-24 12:39:55,439 - INFO - Precio actual de TSLA: $381.81
2026-06-24 12:39:55,439 - INFO - -> Última compra: $382.63 | Compras actuales: 2/10
2026-06-24 12:39:55,440 - INFO - -> Objetivo de COMPRA (caída a): $363.50 | Objetivo de VENTA (subida a): $397.94
2026-06-24 12:39:55,440 - INFO - El precio se mantiene dentro del rango. No se requieren acciones.
2026-06-24 12:40:55,618 - INFO - Precio actual de TSLA: $381.74
2026-06-24 12:40:55,619 - INFO - -> Última compra: $382.63 | Compras actuales: 2/10
2026-06-24 12:40:55,619 - INFO - -> Objetivo de COMPRA (caída a): $363.50 | Objetivo de VENTA (subida a): $397.94
2026-06-24 12:40:55,620 - INFO - El precio se mantiene dentro del rango. No se requieren acciones.
2026-06-24 12:41:55,803 - INFO - Precio actual de TSLA: $381.71
2026-06-24 12:41:55,803 - INFO - -> Última compra: $382.63 | Compras actuales: 2/10
2026-06-24 12:41:55,803 - INFO - -> Objetivo de COMPRA (caída a): $363.50 | Objetivo de VENTA (subida a): $397.94
2026-06-24 12:41:55,803 - INFO - El precio se mantiene dentro del rango. No se requieren acciones.
2026-06-24 12:42:55,987 - INFO - Precio actual de TSLA: $381.43
2026-06-24 12:42:55,987 - INFO - -> Última compra: $382.63 | Compras actuales: 2/10
2026-06-24 12:42:55,987 - INFO - -> Objetivo de COMPRA (caída a): $363.50 | Objetivo de VENTA (subida a): $397.94
2026-06-24 12:42:55,988 - INFO - El precio se mantiene dentro del rango. No se requieren acciones.
2026-06-24 12:43:56,222 - INFO - Precio actual de TSLA: $381.62
2026-06-24 12:43:56,222 - INFO - -> Última compra: $382.63 | Compras actuales: 2/10
2026-06-24 12:43:56,222 - INFO - -> Objetivo de COMPRA (caída a): $363.50 | Objetivo de VENTA (subida a): $397.94
2026-06-24 12:43:56,222 - INFO - El precio se mantiene dentro del rango. No se requieren acciones.
2026-06-24 12:44:56,422 - INFO - Precio actual de TSLA: $381.62
2026-06-24 12:44:56,422 - INFO - -> Última compra: $382.63 | Compras actuales: 2/10
2026-06-24 12:44:56,423 - INFO - -> Objetivo de COMPRA (caída a): $363.50 | Objetivo de VENTA (subida a): $397.94
2026-06-24 12:44:56,423 - INFO - El precio se mantiene dentro del rango. No se requieren acciones.
2026-06-24 12:45:56,614 - INFO - Precio actual de TSLA: $381.20
2026-06-24 12:45:56,616 - INFO - -> Última compra: $382.63 | Compras actuales: 2/10
2026-06-24 12:45:56,616 - INFO - -> Objetivo de COMPRA (caída a): $363.50 | Objetivo de VENTA (subida a): $397.94
2026-06-24 12:45:56,616 - INFO - El precio se mantiene dentro del rango. No se requieren acciones.
2026-06-24 12:46:56,799 - INFO - Precio actual de TSLA: $381.08
2026-06-24 12:46:56,800 - INFO - -> Última compra: $382.63 | Compras actuales: 2/10
2026-06-24 12:46:56,800 - INFO - -> Objetivo de COMPRA (caída a): $363.50 | Objetivo de VENTA (subida a): $397.94
2026-06-24 12:46:56,800 - INFO - El precio se mantiene dentro del rango. No se requieren acciones.
2026-06-24 12:47:26,527 - INFO - Precio actual de TSLA: $381.12
2026-06-24 12:47:26,528 - INFO - -> Última compra: $382.63 | Compras actuales: 2/10
2026-06-24 12:47:26,528 - INFO - -> Objetivo de COMPRA (caída a): $363.50 | Objetivo de VENTA (subida a): $397.94
2026-06-24 12:47:26,528 - INFO - El precio se mantiene dentro del rango. No se requieren acciones.
2026-06-24 12:47:56,979 - INFO - Precio actual de TSLA: $381.18
2026-06-24 12:47:56,980 - INFO - -> Última compra: $382.63 | Compras actuales: 2/10
2026-06-24 12:47:56,980 - INFO - -> Objetivo de COMPRA (caída a): $363.50 | Objetivo de VENTA (subida a): $397.94
2026-06-24 12:47:56,980 - INFO - El precio se mantiene dentro del rango. No se requieren acciones.
2026-06-24 12:48:57,161 - INFO - Precio actual de TSLA: $381.32
2026-06-24 12:48:57,161 - INFO - -> Última compra: $382.63 | Compras actuales: 2/10
2026-06-24 12:48:57,161 - INFO - -> Objetivo de COMPRA (caída a): $363.50 | Objetivo de VENTA (subida a): $397.94
2026-06-24 12:48:57,162 - INFO - El precio se mantiene dentro del rango. No se requieren acciones.
2026-06-24 12:49:57,415 - INFO - Precio actual de TSLA: $381.88
2026-06-24 12:49:57,417 - INFO - -> Última compra: $382.63 | Compras actuales: 2/10
2026-06-24 12:49:57,417 - INFO - -> Objetivo de COMPRA (caída a): $363.50 | Objetivo de VENTA (subida a): $397.94
2026-06-24 12:49:57,417 - INFO - El precio se mantiene dentro del rango. No se requieren acciones.
2026-06-24 12:50:57,613 - INFO - Precio actual de TSLA: $381.86
2026-06-24 12:50:57,614 - INFO - -> Última compra: $382.63 | Compras actuales: 2/10
2026-06-24 12:50:57,614 - INFO - -> Objetivo de COMPRA (caída a): $363.50 | Objetivo de VENTA (subida a): $397.94
2026-06-24 12:50:57,615 - INFO - El precio se mantiene dentro del rango. No se requieren acciones.
2026-06-24 12:51:57,828 - INFO - Precio actual de TSLA: $381.98
2026-06-24 12:51:57,828 - INFO - -> Última compra: $382.63 | Compras actuales: 2/10
2026-06-24 12:51:57,829 - INFO - -> Objetivo de COMPRA (caída a): $363.50 | Objetivo de VENTA (subida a): $397.94
2026-06-24 12:51:57,829 - INFO - El precio se mantiene dentro del rango. No se requieren acciones.
2026-06-24 12:52:58,562 - INFO - Precio actual de TSLA: $382.25
2026-06-24 12:52:58,563 - INFO - -> Última compra: $382.63 | Compras actuales: 2/10
2026-06-24 12:52:58,563 - INFO - -> Objetivo de COMPRA (caída a): $363.50 | Objetivo de VENTA (subida a): $397.94
2026-06-24 12:52:58,564 - INFO - El precio se mantiene dentro del rango. No se requieren acciones.
2026-06-24 12:53:58,747 - INFO - Precio actual de TSLA: $382.38
2026-06-24 12:53:58,747 - INFO - -> Última compra: $382.63 | Compras actuales: 2/10
2026-06-24 12:53:58,748 - INFO - -> Objetivo de COMPRA (caída a): $363.50 | Objetivo de VENTA (subida a): $397.94
2026-06-24 12:53:58,748 - INFO - El precio se mantiene dentro del rango. No se requieren acciones.
2026-06-24 12:54:58,928 - INFO - Precio actual de TSLA: $381.82
2026-06-24 12:54:58,928 - INFO - -> Última compra: $382.63 | Compras actuales: 2/10
2026-06-24 12:54:58,928 - INFO - -> Objetivo de COMPRA (caída a): $363.50 | Objetivo de VENTA (subida a): $397.94
2026-06-24 12:54:58,928 - INFO - El precio se mantiene dentro del rango. No se requieren acciones.
2026-06-24 12:55:59,191 - INFO - Precio actual de TSLA: $381.99
2026-06-24 12:55:59,191 - INFO - -> Última compra: $382.63 | Compras actuales: 2/10
2026-06-24 12:55:59,192 - INFO - -> Objetivo de COMPRA (caída a): $363.50 | Objetivo de VENTA (subida a): $397.94
2026-06-24 12:55:59,192 - INFO - El precio se mantiene dentro del rango. No se requieren acciones.
2026-06-24 12:56:59,384 - INFO - Precio actual de TSLA: $381.38
2026-06-24 12:56:59,386 - INFO - -> Última compra: $382.63 | Compras actuales: 2/10
2026-06-24 12:56:59,386 - INFO - -> Objetivo de COMPRA (caída a): $363.50 | Objetivo de VENTA (subida a): $397.94
2026-06-24 12:56:59,386 - INFO - El precio se mantiene dentro del rango. No se requieren acciones.
2026-06-24 12:57:59,614 - INFO - Precio actual de TSLA: $381.38
2026-06-24 12:57:59,614 - INFO - -> Última compra: $382.63 | Compras actuales: 2/10
2026-06-24 12:57:59,615 - INFO - -> Objetivo de COMPRA (caída a): $363.50 | Objetivo de VENTA (subida a): $397.94
2026-06-24 12:57:59,615 - INFO - El precio se mantiene dentro del rango. No se requieren acciones.
2026-06-24 12:58:59,797 - INFO - Precio actual de TSLA: $380.60
2026-06-24 12:58:59,797 - INFO - -> Última compra: $382.63 | Compras actuales: 2/10
2026-06-24 12:58:59,798 - INFO - -> Objetivo de COMPRA (caída a): $363.50 | Objetivo de VENTA (subida a): $397.94
2026-06-24 12:58:59,798 - INFO - El precio se mantiene dentro del rango. No se requieren acciones.
2026-06-24 13:00:00,040 - INFO - Precio actual de TSLA: $380.53
2026-06-24 13:00:00,040 - INFO - -> Última compra: $382.63 | Compras actuales: 2/10
2026-06-24 13:00:00,040 - INFO - -> Objetivo de COMPRA (caída a): $363.50 | Objetivo de VENTA (subida a): $397.94
2026-06-24 13:00:00,042 - INFO - El precio se mantiene dentro del rango. No se requieren acciones.
2026-06-24 13:01:00,252 - INFO - Precio actual de TSLA: $381.05
2026-06-24 13:01:00,252 - INFO - -> Última compra: $382.63 | Compras actuales: 2/10
2026-06-24 13:01:00,253 - INFO - -> Objetivo de COMPRA (caída a): $363.50 | Objetivo de VENTA (subida a): $397.94
2026-06-24 13:01:00,254 - INFO - El precio se mantiene dentro del rango. No se requieren acciones.
2026-06-24 13:02:00,433 - INFO - Precio actual de TSLA: $380.99
2026-06-24 13:02:00,434 - INFO - -> Última compra: $382.63 | Compras actuales: 2/10
2026-06-24 13:02:00,434 - INFO - -> Objetivo de COMPRA (caída a): $363.50 | Objetivo de VENTA (subida a): $397.94
2026-06-24 13:02:00,435 - INFO - El precio se mantiene dentro del rango. No se requieren acciones.
2026-06-24 13:03:00,624 - INFO - Precio actual de TSLA: $381.06
2026-06-24 13:03:00,625 - INFO - -> Última compra: $382.63 | Compras actuales: 2/10
2026-06-24 13:03:00,625 - INFO - -> Objetivo de COMPRA (caída a): $363.50 | Objetivo de VENTA (subida a): $397.94
2026-06-24 13:03:00,625 - INFO - El precio se mantiene dentro del rango. No se requieren acciones.
2026-06-24 13:04:00,826 - INFO - Precio actual de TSLA: $380.93
2026-06-24 13:04:00,826 - INFO - -> Última compra: $382.63 | Compras actuales: 2/10
2026-06-24 13:04:00,826 - INFO - -> Objetivo de COMPRA (caída a): $363.50 | Objetivo de VENTA (subida a): $397.94
2026-06-24 13:04:00,827 - INFO - El precio se mantiene dentro del rango. No se requieren acciones.
2026-06-24 13:05:01,010 - INFO - Precio actual de TSLA: $380.94
2026-06-24 13:05:01,010 - INFO - -> Última compra: $382.63 | Compras actuales: 2/10
2026-06-24 13:05:01,010 - INFO - -> Objetivo de COMPRA (caída a): $363.50 | Objetivo de VENTA (subida a): $397.94
2026-06-24 13:05:01,011 - INFO - El precio se mantiene dentro del rango. No se requieren acciones.
2026-06-24 13:06:01,208 - INFO - Precio actual de TSLA: $380.99
2026-06-24 13:06:01,209 - INFO - -> Última compra: $382.63 | Compras actuales: 2/10
2026-06-24 13:06:01,209 - INFO - -> Objetivo de COMPRA (caída a): $363.50 | Objetivo de VENTA (subida a): $397.94
2026-06-24 13:06:01,210 - INFO - El precio se mantiene dentro del rango. No se requieren acciones.
2026-06-24 13:07:01,398 - INFO - Precio actual de TSLA: $380.73
2026-06-24 13:07:01,399 - INFO - -> Última compra: $382.63 | Compras actuales: 2/10
2026-06-24 13:07:01,399 - INFO - -> Objetivo de COMPRA (caída a): $363.50 | Objetivo de VENTA (subida a): $397.94
2026-06-24 13:07:01,399 - INFO - El precio se mantiene dentro del rango. No se requieren acciones.
2026-06-24 13:07:27,199 - INFO - Precio actual de TSLA: $380.94
2026-06-24 13:07:27,217 - INFO - -> Última compra: $382.63 | Compras actuales: 2/10
2026-06-24 13:07:27,218 - INFO - -> Objetivo de COMPRA (caída a): $363.50 | Objetivo de VENTA (subida a): $397.94
2026-06-24 13:07:27,218 - INFO - El precio se mantiene dentro del rango. No se requieren acciones.
2026-06-24 13:08:01,622 - INFO - Precio actual de TSLA: $380.94
2026-06-24 13:08:01,622 - INFO - -> Última compra: $382.63 | Compras actuales: 2/10
2026-06-24 13:08:01,622 - INFO - -> Objetivo de COMPRA (caída a): $363.50 | Objetivo de VENTA (subida a): $397.94
2026-06-24 13:08:01,622 - INFO - El precio se mantiene dentro del rango. No se requieren acciones.
2026-06-24 13:09:01,804 - INFO - Precio actual de TSLA: $380.68
2026-06-24 13:09:01,804 - INFO - -> Última compra: $382.63 | Compras actuales: 2/10
2026-06-24 13:09:01,804 - INFO - -> Objetivo de COMPRA (caída a): $363.50 | Objetivo de VENTA (subida a): $397.94
2026-06-24 13:09:01,804 - INFO - El precio se mantiene dentro del rango. No se requieren acciones.
2026-06-24 13:10:01,994 - INFO - Precio actual de TSLA: $381.04
2026-06-24 13:10:01,995 - INFO - -> Última compra: $382.63 | Compras actuales: 2/10
2026-06-24 13:10:01,995 - INFO - -> Objetivo de COMPRA (caída a): $363.50 | Objetivo de VENTA (subida a): $397.94
2026-06-24 13:10:01,995 - INFO - El precio se mantiene dentro del rango. No se requieren acciones.
2026-06-24 13:11:02,185 - INFO - Precio actual de TSLA: $381.33
2026-06-24 13:11:02,185 - INFO - -> Última compra: $382.63 | Compras actuales: 2/10
2026-06-24 13:11:02,186 - INFO - -> Objetivo de COMPRA (caída a): $363.50 | Objetivo de VENTA (subida a): $397.94
2026-06-24 13:11:02,186 - INFO - El precio se mantiene dentro del rango. No se requieren acciones.
2026-06-24 13:12:02,368 - INFO - Precio actual de TSLA: $381.30
2026-06-24 13:12:02,369 - INFO - -> Última compra: $382.63 | Compras actuales: 2/10
2026-06-24 13:12:02,369 - INFO - -> Objetivo de COMPRA (caída a): $363.50 | Objetivo de VENTA (subida a): $397.94
2026-06-24 13:12:02,369 - INFO - El precio se mantiene dentro del rango. No se requieren acciones.
2026-06-24 13:13:02,549 - INFO - Precio actual de TSLA: $381.32
2026-06-24 13:13:02,549 - INFO - -> Última compra: $382.63 | Compras actuales: 2/10
2026-06-24 13:13:02,549 - INFO - -> Objetivo de COMPRA (caída a): $363.50 | Objetivo de VENTA (subida a): $397.94
2026-06-24 13:13:02,549 - INFO - El precio se mantiene dentro del rango. No se requieren acciones.
2026-06-24 13:14:02,727 - INFO - Precio actual de TSLA: $381.41
2026-06-24 13:14:02,727 - INFO - -> Última compra: $382.63 | Compras actuales: 2/10
2026-06-24 13:14:02,728 - INFO - -> Objetivo de COMPRA (caída a): $363.50 | Objetivo de VENTA (subida a): $397.94
2026-06-24 13:14:02,728 - INFO - El precio se mantiene dentro del rango. No se requieren acciones.
2026-06-24 13:15:02,924 - INFO - Precio actual de TSLA: $381.41
2026-06-24 13:15:02,925 - INFO - -> Última compra: $382.63 | Compras actuales: 2/10
2026-06-24 13:15:02,925 - INFO - -> Objetivo de COMPRA (caída a): $363.50 | Objetivo de VENTA (subida a): $397.94
2026-06-24 13:15:02,925 - INFO - El precio se mantiene dentro del rango. No se requieren acciones.
2026-06-24 13:16:03,125 - INFO - Precio actual de TSLA: $381.29
2026-06-24 13:16:03,127 - INFO - -> Última compra: $382.63 | Compras actuales: 2/10
2026-06-24 13:16:03,127 - INFO - -> Objetivo de COMPRA (caída a): $363.50 | Objetivo de VENTA (subida a): $397.94
2026-06-24 13:16:03,127 - INFO - El precio se mantiene dentro del rango. No se requieren acciones.
2026-06-24 13:17:03,310 - INFO - Precio actual de TSLA: $381.25
2026-06-24 13:17:03,311 - INFO - -> Última compra: $382.63 | Compras actuales: 2/10
2026-06-24 13:17:03,311 - INFO - -> Objetivo de COMPRA (caída a): $363.50 | Objetivo de VENTA (subida a): $397.94
2026-06-24 13:17:03,312 - INFO - El precio se mantiene dentro del rango. No se requieren acciones.
2026-06-24 13:18:03,490 - INFO - Precio actual de TSLA: $381.08
2026-06-24 13:18:03,490 - INFO - -> Última compra: $382.63 | Compras actuales: 2/10
2026-06-24 13:18:03,491 - INFO - -> Objetivo de COMPRA (caída a): $363.50 | Objetivo de VENTA (subida a): $397.94
2026-06-24 13:18:03,491 - INFO - El precio se mantiene dentro del rango. No se requieren acciones.
2026-06-24 13:19:03,671 - INFO - Precio actual de TSLA: $381.46
2026-06-24 13:19:03,671 - INFO - -> Última compra: $382.63 | Compras actuales: 2/10
2026-06-24 13:19:03,671 - INFO - -> Objetivo de COMPRA (caída a): $363.50 | Objetivo de VENTA (subida a): $397.94
2026-06-24 13:19:03,672 - INFO - El precio se mantiene dentro del rango. No se requieren acciones.
2026-06-24 13:20:03,851 - INFO - Precio actual de TSLA: $381.26
2026-06-24 13:20:03,851 - INFO - -> Última compra: $382.63 | Compras actuales: 2/10
2026-06-24 13:20:03,851 - INFO - -> Objetivo de COMPRA (caída a): $363.50 | Objetivo de VENTA (subida a): $397.94
2026-06-24 13:20:03,852 - INFO - El precio se mantiene dentro del rango. No se requieren acciones.
2026-06-24 13:21:04,033 - INFO - Precio actual de TSLA: $381.19
2026-06-24 13:21:04,033 - INFO - -> Última compra: $382.63 | Compras actuales: 2/10
2026-06-24 13:21:04,033 - INFO - -> Objetivo de COMPRA (caída a): $363.50 | Objetivo de VENTA (subida a): $397.94
2026-06-24 13:21:04,033 - INFO - El precio se mantiene dentro del rango. No se requieren acciones.
2026-06-24 13:22:04,216 - INFO - Precio actual de TSLA: $381.15
2026-06-24 13:22:04,216 - INFO - -> Última compra: $382.63 | Compras actuales: 2/10
2026-06-24 13:22:04,216 - INFO - -> Objetivo de COMPRA (caída a): $363.50 | Objetivo de VENTA (subida a): $397.94
2026-06-24 13:22:04,216 - INFO - El precio se mantiene dentro del rango. No se requieren acciones.
2026-06-24 13:23:04,393 - INFO - Precio actual de TSLA: $381.54
2026-06-24 13:23:04,393 - INFO - -> Última compra: $382.63 | Compras actuales: 2/10
2026-06-24 13:23:04,394 - INFO - -> Objetivo de COMPRA (caída a): $363.50 | Objetivo de VENTA (subida a): $397.94
2026-06-24 13:23:04,394 - INFO - El precio se mantiene dentro del rango. No se requieren acciones.
2026-06-24 13:24:04,571 - INFO - Precio actual de TSLA: $381.69
2026-06-24 13:24:04,572 - INFO - -> Última compra: $382.63 | Compras actuales: 2/10
2026-06-24 13:24:04,572 - INFO - -> Objetivo de COMPRA (caída a): $363.50 | Objetivo de VENTA (subida a): $397.94
2026-06-24 13:24:04,572 - INFO - El precio se mantiene dentro del rango. No se requieren acciones.
2026-06-24 13:25:04,749 - INFO - Precio actual de TSLA: $381.63
2026-06-24 13:25:04,749 - INFO - -> Última compra: $382.63 | Compras actuales: 2/10
2026-06-24 13:25:04,750 - INFO - -> Objetivo de COMPRA (caída a): $363.50 | Objetivo de VENTA (subida a): $397.94
2026-06-24 13:25:04,750 - INFO - El precio se mantiene dentro del rango. No se requieren acciones.
2026-06-24 13:26:04,929 - INFO - Precio actual de TSLA: $381.06
2026-06-24 13:26:04,930 - INFO - -> Última compra: $382.63 | Compras actuales: 2/10
2026-06-24 13:26:04,930 - INFO - -> Objetivo de COMPRA (caída a): $363.50 | Objetivo de VENTA (subida a): $397.94
2026-06-24 13:26:04,930 - INFO - El precio se mantiene dentro del rango. No se requieren acciones.
2026-06-24 13:27:05,101 - INFO - Precio actual de TSLA: $381.32
2026-06-24 13:27:05,101 - INFO - -> Última compra: $382.63 | Compras actuales: 2/10
2026-06-24 13:27:05,102 - INFO - -> Objetivo de COMPRA (caída a): $363.50 | Objetivo de VENTA (subida a): $397.94
2026-06-24 13:27:05,102 - INFO - El precio se mantiene dentro del rango. No se requieren acciones.
2026-06-24 13:27:27,872 - INFO - Precio actual de TSLA: $381.23
2026-06-24 13:27:27,872 - INFO - -> Última compra: $382.63 | Compras actuales: 2/10
2026-06-24 13:27:27,872 - INFO - -> Objetivo de COMPRA (caída a): $363.50 | Objetivo de VENTA (subida a): $397.94
2026-06-24 13:27:27,872 - INFO - El precio se mantiene dentro del rango. No se requieren acciones.
2026-06-24 13:28:05,275 - INFO - Precio actual de TSLA: $381.26
2026-06-24 13:28:05,275 - INFO - -> Última compra: $382.63 | Compras actuales: 2/10
2026-06-24 13:28:05,275 - INFO - -> Objetivo de COMPRA (caída a): $363.50 | Objetivo de VENTA (subida a): $397.94
2026-06-24 13:28:05,275 - INFO - El precio se mantiene dentro del rango. No se requieren acciones.
2026-06-24 13:29:05,463 - INFO - Precio actual de TSLA: $381.54
2026-06-24 13:29:05,463 - INFO - -> Última compra: $382.63 | Compras actuales: 2/10
2026-06-24 13:29:05,464 - INFO - -> Objetivo de COMPRA (caída a): $363.50 | Objetivo de VENTA (subida a): $397.94
2026-06-24 13:29:05,464 - INFO - El precio se mantiene dentro del rango. No se requieren acciones.
2026-06-24 13:30:05,673 - INFO - Precio actual de TSLA: $381.20
2026-06-24 13:30:05,673 - INFO - -> Última compra: $382.63 | Compras actuales: 2/10
2026-06-24 13:30:05,673 - INFO - -> Objetivo de COMPRA (caída a): $363.50 | Objetivo de VENTA (subida a): $397.94
2026-06-24 13:30:05,673 - INFO - El precio se mantiene dentro del rango. No se requieren acciones.
2026-06-24 13:31:05,859 - INFO - Precio actual de TSLA: $380.84
2026-06-24 13:31:05,860 - INFO - -> Última compra: $382.63 | Compras actuales: 2/10
2026-06-24 13:31:05,860 - INFO - -> Objetivo de COMPRA (caída a): $363.50 | Objetivo de VENTA (subida a): $397.94
2026-06-24 13:31:05,860 - INFO - El precio se mantiene dentro del rango. No se requieren acciones.
2026-06-24 13:32:06,039 - INFO - Precio actual de TSLA: $380.69
2026-06-24 13:32:06,040 - INFO - -> Última compra: $382.63 | Compras actuales: 2/10
2026-06-24 13:32:06,040 - INFO - -> Objetivo de COMPRA (caída a): $363.50 | Objetivo de VENTA (subida a): $397.94
2026-06-24 13:32:06,040 - INFO - El precio se mantiene dentro del rango. No se requieren acciones.
2026-06-24 13:33:06,239 - INFO - Precio actual de TSLA: $380.30
2026-06-24 13:33:06,239 - INFO - -> Última compra: $382.63 | Compras actuales: 2/10
2026-06-24 13:33:06,239 - INFO - -> Objetivo de COMPRA (caída a): $363.50 | Objetivo de VENTA (subida a): $397.94
2026-06-24 13:33:06,239 - INFO - El precio se mantiene dentro del rango. No se requieren acciones.
2026-06-24 13:34:06,430 - INFO - Precio actual de TSLA: $380.53
2026-06-24 13:34:06,430 - INFO - -> Última compra: $382.63 | Compras actuales: 2/10
2026-06-24 13:34:06,430 - INFO - -> Objetivo de COMPRA (caída a): $363.50 | Objetivo de VENTA (subida a): $397.94
2026-06-24 13:34:06,431 - INFO - El precio se mantiene dentro del rango. No se requieren acciones.
2026-06-24 13:35:06,606 - INFO - Precio actual de TSLA: $380.71
2026-06-24 13:35:06,607 - INFO - -> Última compra: $382.63 | Compras actuales: 2/10
2026-06-24 13:35:06,607 - INFO - -> Objetivo de COMPRA (caída a): $363.50 | Objetivo de VENTA (subida a): $397.94
2026-06-24 13:35:06,607 - INFO - El precio se mantiene dentro del rango. No se requieren acciones.
2026-06-24 13:36:06,787 - INFO - Precio actual de TSLA: $380.84
2026-06-24 13:36:06,788 - INFO - -> Última compra: $382.63 | Compras actuales: 2/10
2026-06-24 13:36:06,788 - INFO - -> Objetivo de COMPRA (caída a): $363.50 | Objetivo de VENTA (subida a): $397.94
2026-06-24 13:36:06,788 - INFO - El precio se mantiene dentro del rango. No se requieren acciones.
2026-06-24 13:37:06,962 - INFO - Precio actual de TSLA: $380.00
2026-06-24 13:37:06,962 - INFO - -> Última compra: $382.63 | Compras actuales: 2/10
2026-06-24 13:37:06,962 - INFO - -> Objetivo de COMPRA (caída a): $363.50 | Objetivo de VENTA (subida a): $397.94
2026-06-24 13:37:06,963 - INFO - El precio se mantiene dentro del rango. No se requieren acciones.
2026-06-24 13:38:07,138 - INFO - Precio actual de TSLA: $379.50
2026-06-24 13:38:07,139 - INFO - -> Última compra: $382.63 | Compras actuales: 2/10
2026-06-24 13:38:07,139 - INFO - -> Objetivo de COMPRA (caída a): $363.50 | Objetivo de VENTA (subida a): $397.94
2026-06-24 13:38:07,139 - INFO - El precio se mantiene dentro del rango. No se requieren acciones.
2026-06-24 13:39:07,314 - INFO - Precio actual de TSLA: $378.99
2026-06-24 13:39:07,315 - INFO - -> Última compra: $382.63 | Compras actuales: 2/10
2026-06-24 13:39:07,315 - INFO - -> Objetivo de COMPRA (caída a): $363.50 | Objetivo de VENTA (subida a): $397.94
2026-06-24 13:39:07,315 - INFO - El precio se mantiene dentro del rango. No se requieren acciones.
2026-06-24 13:40:07,493 - INFO - Precio actual de TSLA: $378.22
2026-06-24 13:40:07,493 - INFO - -> Última compra: $382.63 | Compras actuales: 2/10
2026-06-24 13:40:07,494 - INFO - -> Objetivo de COMPRA (caída a): $363.50 | Objetivo de VENTA (subida a): $397.94
2026-06-24 13:40:07,494 - INFO - El precio se mantiene dentro del rango. No se requieren acciones.
2026-06-24 13:41:07,670 - INFO - Precio actual de TSLA: $378.57
2026-06-24 13:41:07,671 - INFO - -> Última compra: $382.63 | Compras actuales: 2/10
2026-06-24 13:41:07,671 - INFO - -> Objetivo de COMPRA (caída a): $363.50 | Objetivo de VENTA (subida a): $397.94
2026-06-24 13:41:07,671 - INFO - El precio se mantiene dentro del rango. No se requieren acciones.
2026-06-24 13:42:07,844 - INFO - Precio actual de TSLA: $377.93
2026-06-24 13:42:07,845 - INFO - -> Última compra: $382.63 | Compras actuales: 2/10
2026-06-24 13:42:07,845 - INFO - -> Objetivo de COMPRA (caída a): $363.50 | Objetivo de VENTA (subida a): $397.94
2026-06-24 13:42:07,845 - INFO - El precio se mantiene dentro del rango. No se requieren acciones.
2026-06-24 13:43:08,024 - INFO - Precio actual de TSLA: $378.39
2026-06-24 13:43:08,025 - INFO - -> Última compra: $382.63 | Compras actuales: 2/10
2026-06-24 13:43:08,025 - INFO - -> Objetivo de COMPRA (caída a): $363.50 | Objetivo de VENTA (subida a): $397.94
2026-06-24 13:43:08,025 - INFO - El precio se mantiene dentro del rango. No se requieren acciones.
2026-06-24 13:44:08,197 - INFO - Precio actual de TSLA: $378.43
2026-06-24 13:44:08,197 - INFO - -> Última compra: $382.63 | Compras actuales: 2/10
2026-06-24 13:44:08,197 - INFO - -> Objetivo de COMPRA (caída a): $363.50 | Objetivo de VENTA (subida a): $397.94
2026-06-24 13:44:08,197 - INFO - El precio se mantiene dentro del rango. No se requieren acciones.
2026-06-24 13:45:08,371 - INFO - Precio actual de TSLA: $378.56
2026-06-24 13:45:08,372 - INFO - -> Última compra: $382.63 | Compras actuales: 2/10
2026-06-24 13:45:08,372 - INFO - -> Objetivo de COMPRA (caída a): $363.50 | Objetivo de VENTA (subida a): $397.94
2026-06-24 13:45:08,372 - INFO - El precio se mantiene dentro del rango. No se requieren acciones.
2026-06-24 13:46:08,547 - INFO - Precio actual de TSLA: $378.35
2026-06-24 13:46:08,548 - INFO - -> Última compra: $382.63 | Compras actuales: 2/10
2026-06-24 13:46:08,548 - INFO - -> Objetivo de COMPRA (caída a): $363.50 | Objetivo de VENTA (subida a): $397.94
2026-06-24 13:46:08,548 - INFO - El precio se mantiene dentro del rango. No se requieren acciones.
2026-06-24 13:47:08,723 - INFO - Precio actual de TSLA: $378.58
2026-06-24 13:47:08,723 - INFO - -> Última compra: $382.63 | Compras actuales: 2/10
2026-06-24 13:47:08,723 - INFO - -> Objetivo de COMPRA (caída a): $363.50 | Objetivo de VENTA (subida a): $397.94
2026-06-24 13:47:08,723 - INFO - El precio se mantiene dentro del rango. No se requieren acciones.
2026-06-24 13:47:28,464 - INFO - Precio actual de TSLA: $378.52
2026-06-24 13:47:28,464 - INFO - -> Última compra: $382.63 | Compras actuales: 2/10
2026-06-24 13:47:28,464 - INFO - -> Objetivo de COMPRA (caída a): $363.50 | Objetivo de VENTA (subida a): $397.94
2026-06-24 13:47:28,464 - INFO - El precio se mantiene dentro del rango. No se requieren acciones.
2026-06-24 13:48:08,895 - INFO - Precio actual de TSLA: $378.82
2026-06-24 13:48:08,896 - INFO - -> Última compra: $382.63 | Compras actuales: 2/10
2026-06-24 13:48:08,896 - INFO - -> Objetivo de COMPRA (caída a): $363.50 | Objetivo de VENTA (subida a): $397.94
2026-06-24 13:48:08,896 - INFO - El precio se mantiene dentro del rango. No se requieren acciones.
2026-06-24 13:49:09,070 - INFO - Precio actual de TSLA: $379.25
2026-06-24 13:49:09,070 - INFO - -> Última compra: $382.63 | Compras actuales: 2/10
2026-06-24 13:49:09,070 - INFO - -> Objetivo de COMPRA (caída a): $363.50 | Objetivo de VENTA (subida a): $397.94
2026-06-24 13:49:09,070 - INFO - El precio se mantiene dentro del rango. No se requieren acciones.
2026-06-24 13:50:09,243 - INFO - Precio actual de TSLA: $379.17
2026-06-24 13:50:09,243 - INFO - -> Última compra: $382.63 | Compras actuales: 2/10
2026-06-24 13:50:09,243 - INFO - -> Objetivo de COMPRA (caída a): $363.50 | Objetivo de VENTA (subida a): $397.94
2026-06-24 13:50:09,243 - INFO - El precio se mantiene dentro del rango. No se requieren acciones.
2026-06-24 13:51:09,416 - INFO - Precio actual de TSLA: $379.30
2026-06-24 13:51:09,416 - INFO - -> Última compra: $382.63 | Compras actuales: 2/10
2026-06-24 13:51:09,416 - INFO - -> Objetivo de COMPRA (caída a): $363.50 | Objetivo de VENTA (subida a): $397.94
2026-06-24 13:51:09,416 - INFO - El precio se mantiene dentro del rango. No se requieren acciones.
2026-06-24 13:52:09,590 - INFO - Precio actual de TSLA: $379.32
2026-06-24 13:52:09,590 - INFO - -> Última compra: $382.63 | Compras actuales: 2/10
2026-06-24 13:52:09,590 - INFO - -> Objetivo de COMPRA (caída a): $363.50 | Objetivo de VENTA (subida a): $397.94
2026-06-24 13:52:09,590 - INFO - El precio se mantiene dentro del rango. No se requieren acciones.
2026-06-24 13:53:09,766 - INFO - Precio actual de TSLA: $379.00
2026-06-24 13:53:09,766 - INFO - -> Última compra: $382.63 | Compras actuales: 2/10
2026-06-24 13:53:09,767 - INFO - -> Objetivo de COMPRA (caída a): $363.50 | Objetivo de VENTA (subida a): $397.94
2026-06-24 13:53:09,767 - INFO - El precio se mantiene dentro del rango. No se requieren acciones.
2026-06-24 13:54:10,346 - INFO - Precio actual de TSLA: $378.76
2026-06-24 13:54:10,346 - INFO - -> Última compra: $382.63 | Compras actuales: 2/10
2026-06-24 13:54:10,346 - INFO - -> Objetivo de COMPRA (caída a): $363.50 | Objetivo de VENTA (subida a): $397.94
2026-06-24 13:54:10,346 - INFO - El precio se mantiene dentro del rango. No se requieren acciones.
2026-06-24 13:55:10,534 - INFO - Precio actual de TSLA: $378.57
2026-06-24 13:55:10,534 - INFO - -> Última compra: $382.63 | Compras actuales: 2/10
2026-06-24 13:55:10,534 - INFO - -> Objetivo de COMPRA (caída a): $363.50 | Objetivo de VENTA (subida a): $397.94
2026-06-24 13:55:10,534 - INFO - El precio se mantiene dentro del rango. No se requieren acciones.
2026-06-24 13:56:10,706 - INFO - Precio actual de TSLA: $378.72
2026-06-24 13:56:10,706 - INFO - -> Última compra: $382.63 | Compras actuales: 2/10
2026-06-24 13:56:10,706 - INFO - -> Objetivo de COMPRA (caída a): $363.50 | Objetivo de VENTA (subida a): $397.94
2026-06-24 13:56:10,707 - INFO - El precio se mantiene dentro del rango. No se requieren acciones.
2026-06-24 13:57:10,882 - INFO - Precio actual de TSLA: $378.59
2026-06-24 13:57:10,882 - INFO - -> Última compra: $382.63 | Compras actuales: 2/10
2026-06-24 13:57:10,882 - INFO - -> Objetivo de COMPRA (caída a): $363.50 | Objetivo de VENTA (subida a): $397.94
2026-06-24 13:57:10,882 - INFO - El precio se mantiene dentro del rango. No se requieren acciones.
2026-06-24 13:58:11,065 - INFO - Precio actual de TSLA: $378.66
2026-06-24 13:58:11,065 - INFO - -> Última compra: $382.63 | Compras actuales: 2/10
2026-06-24 13:58:11,065 - INFO - -> Objetivo de COMPRA (caída a): $363.50 | Objetivo de VENTA (subida a): $397.94
2026-06-24 13:58:11,066 - INFO - El precio se mantiene dentro del rango. No se requieren acciones.
2026-06-24 13:59:11,242 - INFO - Precio actual de TSLA: $378.62
2026-06-24 13:59:11,242 - INFO - -> Última compra: $382.63 | Compras actuales: 2/10
2026-06-24 13:59:11,242 - INFO - -> Objetivo de COMPRA (caída a): $363.50 | Objetivo de VENTA (subida a): $397.94
2026-06-24 13:59:11,243 - INFO - El precio se mantiene dentro del rango. No se requieren acciones.
2026-06-24 14:00:11,437 - INFO - Precio actual de TSLA: $378.37
2026-06-24 14:00:11,437 - INFO - -> Última compra: $382.63 | Compras actuales: 2/10
2026-06-24 14:00:11,437 - INFO - -> Objetivo de COMPRA (caída a): $363.50 | Objetivo de VENTA (subida a): $397.94
2026-06-24 14:00:11,438 - INFO - El precio se mantiene dentro del rango. No se requieren acciones.
2026-06-24 14:01:11,607 - INFO - Precio actual de TSLA: $378.74
2026-06-24 14:01:11,608 - INFO - -> Última compra: $382.63 | Compras actuales: 2/10
2026-06-24 14:01:11,608 - INFO - -> Objetivo de COMPRA (caída a): $363.50 | Objetivo de VENTA (subida a): $397.94
2026-06-24 14:01:11,608 - INFO - El precio se mantiene dentro del rango. No se requieren acciones.
2026-06-24 14:02:11,785 - INFO - Precio actual de TSLA: $378.79
2026-06-24 14:02:11,785 - INFO - -> Última compra: $382.63 | Compras actuales: 2/10
2026-06-24 14:02:11,785 - INFO - -> Objetivo de COMPRA (caída a): $363.50 | Objetivo de VENTA (subida a): $397.94
2026-06-24 14:02:11,785 - INFO - El precio se mantiene dentro del rango. No se requieren acciones.
2026-06-24 14:03:11,953 - INFO - Precio actual de TSLA: $379.03
2026-06-24 14:03:11,953 - INFO - -> Última compra: $382.63 | Compras actuales: 2/10
2026-06-24 14:03:11,955 - INFO - -> Objetivo de COMPRA (caída a): $363.50 | Objetivo de VENTA (subida a): $397.94
2026-06-24 14:03:11,955 - INFO - El precio se mantiene dentro del rango. No se requieren acciones.
2026-06-24 14:04:12,130 - INFO - Precio actual de TSLA: $379.21
2026-06-24 14:04:12,130 - INFO - -> Última compra: $382.63 | Compras actuales: 2/10
2026-06-24 14:04:12,130 - INFO - -> Objetivo de COMPRA (caída a): $363.50 | Objetivo de VENTA (subida a): $397.94
2026-06-24 14:04:12,130 - INFO - El precio se mantiene dentro del rango. No se requieren acciones.
2026-06-24 14:05:12,300 - INFO - Precio actual de TSLA: $378.99
2026-06-24 14:05:12,300 - INFO - -> Última compra: $382.63 | Compras actuales: 2/10
2026-06-24 14:05:12,301 - INFO - -> Objetivo de COMPRA (caída a): $363.50 | Objetivo de VENTA (subida a): $397.94
2026-06-24 14:05:12,301 - INFO - El precio se mantiene dentro del rango. No se requieren acciones.
2026-06-24 14:06:12,487 - INFO - Precio actual de TSLA: $378.61
2026-06-24 14:06:12,487 - INFO - -> Última compra: $382.63 | Compras actuales: 2/10
2026-06-24 14:06:12,487 - INFO - -> Objetivo de COMPRA (caída a): $363.50 | Objetivo de VENTA (subida a): $397.94
2026-06-24 14:06:12,488 - INFO - El precio se mantiene dentro del rango. No se requieren acciones.
2026-06-24 14:07:12,660 - INFO - Precio actual de TSLA: $377.78
2026-06-24 14:07:12,660 - INFO - -> Última compra: $382.63 | Compras actuales: 2/10
2026-06-24 14:07:12,660 - INFO - -> Objetivo de COMPRA (caída a): $363.50 | Objetivo de VENTA (subida a): $397.94
2026-06-24 14:07:12,660 - INFO - El precio se mantiene dentro del rango. No se requieren acciones.
2026-06-24 14:07:29,099 - INFO - Precio actual de TSLA: $377.60
2026-06-24 14:07:29,099 - INFO - -> Última compra: $382.63 | Compras actuales: 2/10
2026-06-24 14:07:29,099 - INFO - -> Objetivo de COMPRA (caída a): $363.50 | Objetivo de VENTA (subida a): $397.94
2026-06-24 14:07:29,099 - INFO - El precio se mantiene dentro del rango. No se requieren acciones.
2026-06-24 14:08:12,880 - INFO - Precio actual de TSLA: $377.28
2026-06-24 14:08:12,880 - INFO - -> Última compra: $382.63 | Compras actuales: 2/10
2026-06-24 14:08:12,880 - INFO - -> Objetivo de COMPRA (caída a): $363.50 | Objetivo de VENTA (subida a): $397.94
2026-06-24 14:08:12,880 - INFO - El precio se mantiene dentro del rango. No se requieren acciones.
2026-06-24 14:09:13,064 - INFO - Precio actual de TSLA: $377.10
2026-06-24 14:09:13,064 - INFO - -> Última compra: $382.63 | Compras actuales: 2/10
2026-06-24 14:09:13,064 - INFO - -> Objetivo de COMPRA (caída a): $363.50 | Objetivo de VENTA (subida a): $397.94
2026-06-24 14:09:13,064 - INFO - El precio se mantiene dentro del rango. No se requieren acciones.
2026-06-24 14:10:13,241 - INFO - Precio actual de TSLA: $377.43
2026-06-24 14:10:13,241 - INFO - -> Última compra: $382.63 | Compras actuales: 2/10
2026-06-24 14:10:13,241 - INFO - -> Objetivo de COMPRA (caída a): $363.50 | Objetivo de VENTA (subida a): $397.94
2026-06-24 14:10:13,241 - INFO - El precio se mantiene dentro del rango. No se requieren acciones.
2026-06-24 14:11:13,415 - INFO - Precio actual de TSLA: $377.74
2026-06-24 14:11:13,416 - INFO - -> Última compra: $382.63 | Compras actuales: 2/10
2026-06-24 14:11:13,416 - INFO - -> Objetivo de COMPRA (caída a): $363.50 | Objetivo de VENTA (subida a): $397.94
2026-06-24 14:11:13,416 - INFO - El precio se mantiene dentro del rango. No se requieren acciones.
2026-06-24 14:12:13,584 - INFO - Precio actual de TSLA: $377.87
2026-06-24 14:12:13,584 - INFO - -> Última compra: $382.63 | Compras actuales: 2/10
2026-06-24 14:12:13,585 - INFO - -> Objetivo de COMPRA (caída a): $363.50 | Objetivo de VENTA (subida a): $397.94
2026-06-24 14:12:13,585 - INFO - El precio se mantiene dentro del rango. No se requieren acciones.
2026-06-24 14:13:13,755 - INFO - Precio actual de TSLA: $377.57
2026-06-24 14:13:13,755 - INFO - -> Última compra: $382.63 | Compras actuales: 2/10
2026-06-24 14:13:13,756 - INFO - -> Objetivo de COMPRA (caída a): $363.50 | Objetivo de VENTA (subida a): $397.94
2026-06-24 14:13:13,756 - INFO - El precio se mantiene dentro del rango. No se requieren acciones.
2026-06-24 14:14:13,928 - INFO - Precio actual de TSLA: $377.41
2026-06-24 14:14:13,928 - INFO - -> Última compra: $382.63 | Compras actuales: 2/10
2026-06-24 14:14:13,928 - INFO - -> Objetivo de COMPRA (caída a): $363.50 | Objetivo de VENTA (subida a): $397.94
2026-06-24 14:14:13,928 - INFO - El precio se mantiene dentro del rango. No se requieren acciones.
2026-06-24 14:15:14,101 - INFO - Precio actual de TSLA: $377.65
2026-06-24 14:15:14,101 - INFO - -> Última compra: $382.63 | Compras actuales: 2/10
2026-06-24 14:15:14,101 - INFO - -> Objetivo de COMPRA (caída a): $363.50 | Objetivo de VENTA (subida a): $397.94
2026-06-24 14:15:14,101 - INFO - El precio se mantiene dentro del rango. No se requieren acciones.
2026-06-24 14:16:14,272 - INFO - Precio actual de TSLA: $377.48
2026-06-24 14:16:14,273 - INFO - -> Última compra: $382.63 | Compras actuales: 2/10
2026-06-24 14:16:14,273 - INFO - -> Objetivo de COMPRA (caída a): $363.50 | Objetivo de VENTA (subida a): $397.94
2026-06-24 14:16:14,273 - INFO - El precio se mantiene dentro del rango. No se requieren acciones.
2026-06-24 14:17:14,449 - INFO - Precio actual de TSLA: $376.49
2026-06-24 14:17:14,449 - INFO - -> Última compra: $382.63 | Compras actuales: 2/10
2026-06-24 14:17:14,449 - INFO - -> Objetivo de COMPRA (caída a): $363.50 | Objetivo de VENTA (subida a): $397.94
2026-06-24 14:17:14,449 - INFO - El precio se mantiene dentro del rango. No se requieren acciones.
2026-06-24 14:18:14,627 - INFO - Precio actual de TSLA: $376.73
2026-06-24 14:18:14,627 - INFO - -> Última compra: $382.63 | Compras actuales: 2/10
2026-06-24 14:18:14,627 - INFO - -> Objetivo de COMPRA (caída a): $363.50 | Objetivo de VENTA (subida a): $397.94
2026-06-24 14:18:14,627 - INFO - El precio se mantiene dentro del rango. No se requieren acciones.
2026-06-24 14:19:14,803 - INFO - Precio actual de TSLA: $376.61
2026-06-24 14:19:14,805 - INFO - -> Última compra: $382.63 | Compras actuales: 2/10
2026-06-24 14:19:14,805 - INFO - -> Objetivo de COMPRA (caída a): $363.50 | Objetivo de VENTA (subida a): $397.94
2026-06-24 14:19:14,805 - INFO - El precio se mantiene dentro del rango. No se requieren acciones.
2026-06-24 14:20:14,986 - INFO - Precio actual de TSLA: $376.41
2026-06-24 14:20:14,987 - INFO - -> Última compra: $382.63 | Compras actuales: 2/10
2026-06-24 14:20:14,987 - INFO - -> Objetivo de COMPRA (caída a): $363.50 | Objetivo de VENTA (subida a): $397.94
2026-06-24 14:20:14,987 - INFO - El precio se mantiene dentro del rango. No se requieren acciones.
2026-06-24 14:21:15,163 - INFO - Precio actual de TSLA: $375.51
2026-06-24 14:21:15,163 - INFO - -> Última compra: $382.63 | Compras actuales: 2/10
2026-06-24 14:21:15,163 - INFO - -> Objetivo de COMPRA (caída a): $363.50 | Objetivo de VENTA (subida a): $397.94
2026-06-24 14:21:15,165 - INFO - El precio se mantiene dentro del rango. No se requieren acciones.
2026-06-24 14:22:15,335 - INFO - Precio actual de TSLA: $376.07
2026-06-24 14:22:15,336 - INFO - -> Última compra: $382.63 | Compras actuales: 2/10
2026-06-24 14:22:15,336 - INFO - -> Objetivo de COMPRA (caída a): $363.50 | Objetivo de VENTA (subida a): $397.94
2026-06-24 14:22:15,336 - INFO - El precio se mantiene dentro del rango. No se requieren acciones.
2026-06-24 14:23:15,513 - INFO - Precio actual de TSLA: $375.86
2026-06-24 14:23:15,513 - INFO - -> Última compra: $382.63 | Compras actuales: 2/10
2026-06-24 14:23:15,513 - INFO - -> Objetivo de COMPRA (caída a): $363.50 | Objetivo de VENTA (subida a): $397.94
2026-06-24 14:23:15,514 - INFO - El precio se mantiene dentro del rango. No se requieren acciones.
2026-06-24 14:24:15,689 - INFO - Precio actual de TSLA: $375.92
2026-06-24 14:24:15,689 - INFO - -> Última compra: $382.63 | Compras actuales: 2/10
2026-06-24 14:24:15,689 - INFO - -> Objetivo de COMPRA (caída a): $363.50 | Objetivo de VENTA (subida a): $397.94
2026-06-24 14:24:15,689 - INFO - El precio se mantiene dentro del rango. No se requieren acciones.
2026-06-24 14:25:15,863 - INFO - Precio actual de TSLA: $375.57
2026-06-24 14:25:15,863 - INFO - -> Última compra: $382.63 | Compras actuales: 2/10
2026-06-24 14:25:15,863 - INFO - -> Objetivo de COMPRA (caída a): $363.50 | Objetivo de VENTA (subida a): $397.94
2026-06-24 14:25:15,863 - INFO - El precio se mantiene dentro del rango. No se requieren acciones.
2026-06-24 14:26:16,040 - INFO - Precio actual de TSLA: $376.02
2026-06-24 14:26:16,040 - INFO - -> Última compra: $382.63 | Compras actuales: 2/10
2026-06-24 14:26:16,040 - INFO - -> Objetivo de COMPRA (caída a): $363.50 | Objetivo de VENTA (subida a): $397.94
2026-06-24 14:26:16,040 - INFO - El precio se mantiene dentro del rango. No se requieren acciones.
2026-06-24 14:27:16,217 - INFO - Precio actual de TSLA: $375.77
2026-06-24 14:27:16,217 - INFO - -> Última compra: $382.63 | Compras actuales: 2/10
2026-06-24 14:27:16,217 - INFO - -> Objetivo de COMPRA (caída a): $363.50 | Objetivo de VENTA (subida a): $397.94
2026-06-24 14:27:16,217 - INFO - El precio se mantiene dentro del rango. No se requieren acciones.
2026-06-24 14:27:29,688 - INFO - Precio actual de TSLA: $375.70
2026-06-24 14:27:29,688 - INFO - -> Última compra: $382.63 | Compras actuales: 2/10
2026-06-24 14:27:29,688 - INFO - -> Objetivo de COMPRA (caída a): $363.50 | Objetivo de VENTA (subida a): $397.94
2026-06-24 14:27:29,688 - INFO - El precio se mantiene dentro del rango. No se requieren acciones.
2026-06-24 14:28:16,395 - INFO - Precio actual de TSLA: $375.55
2026-06-24 14:28:16,395 - INFO - -> Última compra: $382.63 | Compras actuales: 2/10
2026-06-24 14:28:16,395 - INFO - -> Objetivo de COMPRA (caída a): $363.50 | Objetivo de VENTA (subida a): $397.94
2026-06-24 14:28:16,396 - INFO - El precio se mantiene dentro del rango. No se requieren acciones.
2026-06-24 14:29:16,588 - INFO - Precio actual de TSLA: $375.59
2026-06-24 14:29:16,588 - INFO - -> Última compra: $382.63 | Compras actuales: 2/10
2026-06-24 14:29:16,588 - INFO - -> Objetivo de COMPRA (caída a): $363.50 | Objetivo de VENTA (subida a): $397.94
2026-06-24 14:29:16,588 - INFO - El precio se mantiene dentro del rango. No se requieren acciones.
2026-06-29 11:44:02,831 - INFO - Iniciando Bot de Grid Trading para TSLA...
2026-06-29 11:44:03,612 - INFO - Conexión exitosa a Alpaca. Cuenta Demo: #PA3A5X1D0RZS
2026-06-29 11:44:03,613 - INFO - Efectivo Disponible: $80,000.94 | Valor de Portafolio: $100,070.14
2026-06-29 11:44:03,613 - INFO - Estado inicial cargado. Compras activas en la cuadrícula: 2
2026-06-29 11:44:03,613 - INFO -   [1] Compra a $407.99 | Cantidad: 24.510392 acciones | Fecha: 2026-06-22T16:18:57.449345+00:00
2026-06-29 11:44:03,613 - INFO -   [2] Compra a $382.63 | Cantidad: 26.134882 acciones | Fecha: 2026-06-23T15:39:47.472621+00:00
2026-06-29 11:44:04,179 - INFO - Precio actual de TSLA: $396.23
2026-06-29 11:44:04,181 - INFO - -> Última compra: $382.63 | Compras actuales: 2/10
2026-06-29 11:44:04,181 - INFO - -> Objetivo de COMPRA (caída a): $363.50 | Objetivo de VENTA (subida a): $397.94
2026-06-29 11:44:04,181 - INFO - El precio se mantiene dentro del rango. No se requieren acciones.
2026-06-29 14:05:51,772 - INFO - Iniciando Bot de Grid Trading para TSLA...
2026-06-29 14:05:52,421 - INFO - Conexión exitosa a Alpaca. Cuenta Demo: #PA3A5X1D0RZS
2026-06-29 14:05:52,421 - INFO - Efectivo Disponible: $80,000.94 | Valor de Portafolio: $100,470.24
2026-06-29 14:05:52,423 - INFO - Estado inicial cargado. Compras activas en la cuadrícula: 2
2026-06-29 14:05:52,424 - INFO -   [1] Compra a $407.99 | Cantidad: 24.510392 acciones | Fecha: 2026-06-22T16:18:57.449345+00:00
2026-06-29 14:05:52,424 - INFO -   [2] Compra a $382.63 | Cantidad: 26.134882 acciones | Fecha: 2026-06-23T15:39:47.472621+00:00
2026-06-29 14:05:53,007 - INFO - Precio actual de TSLA: $404.10
2026-06-29 14:05:53,007 - INFO - -> Última compra: $382.63 | Compras actuales: 2/10
2026-06-29 14:05:53,008 - INFO - -> Objetivo de COMPRA (caída a): $363.50 | Objetivo de VENTA (subida a): $397.94
2026-06-29 14:05:53,008 - INFO - ¡Condición de venta detectada! Precio actual $404.10 >= Objetivo $397.94
2026-06-29 14:05:53,008 - INFO - Enviando orden de VENTA a mercado para TSLA de 26.134882 acciones...
2026-06-29 14:05:53,206 - INFO - Orden de venta enviada. ID: 3f6bbabe-5691-4e61-8061-9473c90c0cea. Esperando ejecución...
2026-06-29 14:05:54,567 - INFO - ¡VENTA COMPLETADA! Precio Promedio: $404.06, Acciones: 26.134882
2026-06-29 14:05:54,568 - INFO - Venta completada del lote comprado a $382.63
2026-06-29 14:05:54,568 - INFO - La memoria regresa al precio de compra anterior: $407.99
2026-06-29 14:25:55,177 - INFO - Precio actual de TSLA: $407.48
2026-06-29 14:25:55,177 - INFO - -> Última compra: $407.99 | Compras actuales: 1/10
2026-06-29 14:25:55,179 - INFO - -> Objetivo de COMPRA (caída a): $387.59 | Objetivo de VENTA (subida a): $424.31
2026-06-29 14:25:55,179 - INFO - El precio se mantiene dentro del rango. No se requieren acciones.
2026-06-29 14:27:28,225 - INFO - Iniciando Bot de Grid Trading para TSLA...
2026-06-29 14:27:28,827 - INFO - Conexión exitosa a Alpaca. Cuenta Demo: #PA3A5X1D0RZS
2026-06-29 14:27:28,829 - INFO - Efectivo Disponible: $90,561.00 | Valor de Portafolio: $100,559.74
2026-06-29 14:27:28,829 - INFO - Estado inicial cargado. Compras activas en la cuadrícula: 1
2026-06-29 14:27:28,829 - INFO -   [1] Compra a $407.99 | Cantidad: 24.510392 acciones | Fecha: 2026-06-22T16:18:57.449345+00:00
2026-06-29 14:27:29,365 - INFO - Precio actual de NVDA: $194.61
2026-06-29 14:27:29,365 - INFO - -> Última compra: $407.99 | Compras actuales: 1/10
2026-06-29 14:27:29,365 - INFO - -> Objetivo de COMPRA (caída a): $387.59 | Objetivo de VENTA (subida a): $424.31
2026-06-29 14:27:29,365 - INFO - ¡Condición de compra detectada! Precio actual $194.61 <= Objetivo $387.59
2026-06-29 14:27:29,365 - INFO - Enviando orden de COMPRA a mercado para NVDA por $10000.0 USD...
2026-06-29 14:27:29,563 - INFO - Orden de compra enviada. ID: 6ef8ff1d-923d-4c73-9a25-d754a56fea74. Esperando ejecución...
2026-06-29 14:27:30,956 - INFO - ¡COMPRA COMPLETADA! Precio Promedio: $194.62, Acciones: 51.382129
2026-06-29 14:27:30,958 - INFO - Nueva compra registrada a $194.62. Total compras: 2
2026-06-29 14:47:31,710 - INFO - Precio actual de NVDA: $194.41
2026-06-29 14:47:31,710 - INFO - -> Última compra: $194.62 | Compras actuales: 2/10
2026-06-29 14:47:31,711 - INFO - -> Objetivo de COMPRA (caída a): $184.89 | Objetivo de VENTA (subida a): $202.40
2026-06-29 14:47:31,711 - INFO - El precio se mantiene dentro del rango. No se requieren acciones.
2026-06-29 15:07:32,335 - INFO - Precio actual de NVDA: $193.87
2026-06-29 15:07:32,336 - INFO - -> Última compra: $194.62 | Compras actuales: 2/10
2026-06-29 15:07:32,336 - INFO - -> Objetivo de COMPRA (caída a): $184.89 | Objetivo de VENTA (subida a): $202.40
2026-06-29 15:07:32,336 - INFO - El precio se mantiene dentro del rango. No se requieren acciones.
2026-06-29 15:27:32,934 - INFO - Precio actual de NVDA: $193.78
2026-06-29 15:27:32,935 - INFO - -> Última compra: $194.62 | Compras actuales: 2/10
2026-06-29 15:27:32,935 - INFO - -> Objetivo de COMPRA (caída a): $184.89 | Objetivo de VENTA (subida a): $202.40
2026-06-29 15:27:32,937 - INFO - El precio se mantiene dentro del rango. No se requieren acciones.
2026-06-29 15:47:33,547 - INFO - Precio actual de NVDA: $194.04
2026-06-29 15:47:33,548 - INFO - -> Última compra: $194.62 | Compras actuales: 2/10
2026-06-29 15:47:33,549 - INFO - -> Objetivo de COMPRA (caída a): $184.89 | Objetivo de VENTA (subida a): $202.40
2026-06-29 15:47:33,549 - INFO - El precio se mantiene dentro del rango. No se requieren acciones.
2026-06-29 16:07:34,197 - INFO - Precio actual de NVDA: $194.16
2026-06-29 16:07:34,198 - INFO - -> Última compra: $194.62 | Compras actuales: 2/10
2026-06-29 16:07:34,198 - INFO - -> Objetivo de COMPRA (caída a): $184.89 | Objetivo de VENTA (subida a): $202.40
2026-06-29 16:07:34,200 - INFO - El precio se mantiene dentro del rango. No se requieren acciones.
2026-06-29 16:27:34,822 - INFO - Precio actual de NVDA: $194.75
2026-06-29 16:27:34,823 - INFO - -> Última compra: $194.62 | Compras actuales: 2/10
2026-06-29 16:27:34,823 - INFO - -> Objetivo de COMPRA (caída a): $184.89 | Objetivo de VENTA (subida a): $202.40
2026-06-29 16:27:34,824 - INFO - El precio se mantiene dentro del rango. No se requieren acciones.
2026-06-29 16:47:35,528 - INFO - Precio actual de NVDA: $194.81
2026-06-29 16:47:35,530 - INFO - -> Última compra: $194.62 | Compras actuales: 2/10
2026-06-29 16:47:35,531 - INFO - -> Objetivo de COMPRA (caída a): $184.89 | Objetivo de VENTA (subida a): $202.40
2026-06-29 16:47:35,532 - INFO - El precio se mantiene dentro del rango. No se requieren acciones.
2026-06-29 17:07:36,259 - INFO - Precio actual de NVDA: $194.92
2026-06-29 17:07:36,259 - INFO - -> Última compra: $194.62 | Compras actuales: 2/10
2026-06-29 17:07:36,260 - INFO - -> Objetivo de COMPRA (caída a): $184.89 | Objetivo de VENTA (subida a): $202.40
2026-06-29 17:07:36,260 - INFO - El precio se mantiene dentro del rango. No se requieren acciones.
2026-06-29 18:20:52,706 - INFO - Iniciando Bot de Grid Trading para TSLA...
2026-06-29 18:20:53,269 - INFO - Conexión exitosa a Alpaca. Cuenta Demo: #PA3A5X1D0RZS
2026-06-29 18:20:53,269 - INFO - Efectivo Disponible: $80,561.01 | Valor de Portafolio: $100,650.75
2026-06-29 18:20:53,270 - INFO - Sincronizando estado local con el servidor Alpaca para TSLA...
2026-06-29 18:20:53,437 - INFO - Posición abierta encontrada en Alpaca: 24.510392 acciones de TSLA a un precio promedio de $394.65
2026-06-29 18:20:53,437 - ERROR - Error durante la sincronización de estado con el servidor: type object 'OrderStatus' has no attribute 'CLOSED'
2026-06-29 18:20:53,438 - INFO - Estado inicial cargado. Compras activas en la cuadrícula: 2
2026-06-29 18:20:53,438 - INFO -   [1] Compra a $407.99 | Cantidad: 24.510392 acciones | Fecha: 2026-06-22T16:18:57.449345+00:00
2026-06-29 18:20:53,438 - INFO -   [2] Compra a $194.62 | Cantidad: 51.382129 acciones | Fecha: 2026-06-29T17:27:30.339388+00:00
2026-06-29 18:20:54,053 - INFO - Precio actual de TSLA: $411.00
2026-06-29 18:20:54,054 - INFO - -> Última compra: $194.62 | Compras actuales: 2/10
2026-06-29 18:20:54,054 - INFO - -> Objetivo de COMPRA (caída a): $184.89 | Objetivo de VENTA (subida a): $202.40
2026-06-29 18:20:54,054 - INFO - ¡Condición de venta detectada! Precio actual $411.00 >= Objetivo $202.40
2026-06-29 18:20:54,054 - INFO - Enviando orden de VENTA a mercado para TSLA de 51.382129 acciones...
2026-06-29 18:20:54,225 - ERROR - Error al ejecutar la venta: {"available":"24.510392156","code":40310000,"existing_qty":"24.510392156","held_for_orders":"0","message":"insufficient qty available for order (requested: 51.382129277, available: 24.510392156)","symbol":"TSLA"}
2026-06-29 18:23:05,116 - INFO - Iniciando Bot de Grid Trading para TSLA...
2026-06-29 18:23:05,922 - INFO - Conexión exitosa a Alpaca. Cuenta Demo: #PA3A5X1D0RZS
2026-06-29 18:23:05,922 - INFO - Efectivo Disponible: $80,561.01 | Valor de Portafolio: $100,648.91
2026-06-29 18:23:05,922 - INFO - Sincronizando estado local con el servidor Alpaca para TSLA...
2026-06-29 18:23:06,094 - INFO - Posición abierta encontrada en Alpaca: 24.510392 acciones de TSLA a un precio promedio de $394.65
2026-06-29 18:23:06,094 - ERROR - Error durante la sincronización de estado con el servidor: type object 'OrderStatus' has no attribute 'CLOSED'
2026-06-29 18:23:06,095 - INFO - Estado inicial cargado. Compras activas en la cuadrícula: 2
2026-06-29 18:23:06,095 - INFO -   [1] Compra a $407.99 | Cantidad: 24.510392 acciones | Fecha: 2026-06-22T16:18:57.449345+00:00
2026-06-29 18:23:06,095 - INFO -   [2] Compra a $194.62 | Cantidad: 51.382129 acciones | Fecha: 2026-06-29T17:27:30.339388+00:00
2026-06-29 18:23:06,820 - INFO - Precio actual de TSLA: $411.00
2026-06-29 18:23:06,820 - INFO - -> Última compra: $194.62 | Compras actuales: 2/10
2026-06-29 18:23:06,820 - INFO - -> Objetivo de COMPRA (caída a): $184.89 | Objetivo de VENTA (subida a): $202.40
2026-06-29 18:23:06,820 - INFO - ¡Condición de venta detectada! Precio actual $411.00 >= Objetivo $202.40
2026-06-29 18:23:06,820 - INFO - Enviando orden de VENTA a mercado para TSLA de 51.382129 acciones...
2026-06-29 18:23:07,007 - ERROR - Error al ejecutar la venta: {"available":"24.510392156","code":40310000,"existing_qty":"24.510392156","held_for_orders":"0","message":"insufficient qty available for order (requested: 51.382129277, available: 24.510392156)","symbol":"TSLA"}
2026-06-29 18:24:56,341 - INFO - Iniciando Bot de Grid Trading para TSLA...
2026-06-29 18:24:57,052 - INFO - Conexión exitosa a Alpaca. Cuenta Demo: #PA3A5X1D0RZS
2026-06-29 18:24:57,053 - INFO - Efectivo Disponible: $80,561.01 | Valor de Portafolio: $100,645.61
2026-06-29 18:24:57,053 - INFO - Sincronizando estado local con el servidor Alpaca para TSLA...
2026-06-29 18:24:57,222 - INFO - Posición abierta encontrada en Alpaca: 24.510392 acciones de TSLA a un precio promedio de $394.65
2026-06-29 18:24:57,398 - INFO - Sincronización completada. 1 lotes cargados en tesla_state.json.
2026-06-29 18:24:57,398 - INFO - Estado inicial cargado. Compras activas en la cuadrícula: 1
2026-06-29 18:24:57,398 - INFO -   [1] Compra a $407.99 | Cantidad: 24.510392 acciones | Fecha: 2026-06-22T16:18:57.449345+00:00
2026-06-29 18:24:58,109 - INFO - Precio actual de TSLA: $411.00
2026-06-29 18:24:58,109 - INFO - -> Última compra: $407.99 | Compras actuales: 1/10
2026-06-29 18:24:58,109 - INFO - -> Objetivo de COMPRA (caída a): $387.59 | Objetivo de VENTA (subida a): $424.31
2026-06-29 18:24:58,109 - INFO - El precio se mantiene dentro del rango. No se requieren acciones.
2026-06-29 18:25:37,660 - INFO - Iniciando Bot de Grid Trading para TSLA...
2026-06-29 18:25:38,227 - INFO - Conexión exitosa a Alpaca. Cuenta Demo: #PA3A5X1D0RZS
2026-06-29 18:25:38,228 - INFO - Efectivo Disponible: $80,561.01 | Valor de Portafolio: $100,646.34
2026-06-29 18:25:38,228 - INFO - Sincronizando estado local con el servidor Alpaca para TSLA...
2026-06-29 18:25:38,398 - INFO - Posición abierta encontrada en Alpaca: 24.510392 acciones de TSLA a un precio promedio de $394.65
2026-06-29 18:25:38,578 - INFO - Sincronización completada. 1 lotes cargados en tesla_state.json.
2026-06-29 18:25:38,578 - INFO - Estado inicial cargado. Compras activas en la cuadrícula: 1
2026-06-29 18:25:38,578 - INFO -   [1] Compra a $407.99 | Cantidad: 24.510392 acciones | Fecha: 2026-06-22T16:18:57.449345+00:00
2026-06-29 18:25:39,119 - INFO - Precio actual de TSLA: $411.00
2026-06-29 18:25:39,120 - INFO - -> Última compra: $407.99 | Compras actuales: 1/10
2026-06-29 18:25:39,120 - INFO - -> Objetivo de COMPRA (caída a): $387.59 | Objetivo de VENTA (subida a): $424.31
2026-06-29 18:25:39,120 - INFO - El precio se mantiene dentro del rango. No se requieren acciones.
2026-06-29 18:27:11,197 - INFO - Iniciando Bot de Grid Trading para TSLA...
2026-06-29 18:27:11,933 - INFO - Conexión exitosa a Alpaca. Cuenta Demo: #PA3A5X1D0RZS
2026-06-29 18:27:11,933 - INFO - Efectivo Disponible: $80,561.01 | Valor de Portafolio: $100,648.13
2026-06-29 18:27:11,933 - INFO - Sincronizando estado local con el servidor Alpaca para TSLA...
2026-06-29 18:27:12,100 - INFO - Posición abierta encontrada en Alpaca: 24.510392 acciones de TSLA a un precio promedio de $394.65
2026-06-29 18:27:12,271 - INFO - Sincronización completada. 1 lotes cargados en tesla_state.json.
2026-06-29 18:27:12,271 - INFO - Estado inicial cargado. Compras activas en la cuadrícula: 1
2026-06-29 18:27:12,271 - INFO -   [1] Compra a $407.99 | Cantidad: 24.510392 acciones | Fecha: 2026-06-22T16:18:57.449345+00:00
2026-06-29 18:27:12,440 - INFO - El mercado está cerrado. Próxima apertura: 2026-06-30 09:30:00-04:00. Esperando al próximo ciclo...
2026-06-29 18:27:33,092 - INFO - Iniciando Bot de Grid Trading para TSLA...
2026-06-29 18:27:33,647 - INFO - Conexión exitosa a Alpaca. Cuenta Demo: #PA3A5X1D0RZS
2026-06-29 18:27:33,648 - INFO - Efectivo Disponible: $80,561.01 | Valor de Portafolio: $100,646.59
2026-06-29 18:27:33,648 - INFO - Sincronizando estado local con el servidor Alpaca para TSLA...
2026-06-29 18:27:33,820 - INFO - Posición abierta encontrada en Alpaca: 24.510392 acciones de TSLA a un precio promedio de $394.65
2026-06-29 18:27:33,995 - INFO - Sincronización completada. 1 lotes cargados en tesla_state.json.
2026-06-29 18:27:33,997 - INFO - Estado inicial cargado. Compras activas en la cuadrícula: 1
2026-06-29 18:27:33,997 - INFO -   [1] Compra a $407.99 | Cantidad: 24.510392 acciones | Fecha: 2026-06-22T16:18:57.449345+00:00
2026-06-29 18:27:34,167 - INFO - El mercado está cerrado. Próxima apertura: 2026-06-30 09:30:00-04:00. Esperando al próximo ciclo...
2026-06-29 18:43:07,763 - INFO - Precio actual de TSLA: $411.00
2026-06-29 18:43:07,763 - INFO - -> Última compra: $407.99 | Compras actuales: 1/10
2026-06-29 18:43:07,763 - INFO - -> Objetivo de COMPRA (caída a): $387.59 | Objetivo de VENTA (subida a): $424.31
2026-06-29 18:43:07,764 - INFO - El precio se mantiene dentro del rango. No se requieren acciones.
2026-06-29 18:44:58,829 - INFO - Precio actual de TSLA: $411.00
2026-06-29 18:44:58,829 - INFO - -> Última compra: $407.99 | Compras actuales: 1/10
2026-06-29 18:44:58,830 - INFO - -> Objetivo de COMPRA (caída a): $387.59 | Objetivo de VENTA (subida a): $424.31
2026-06-29 18:44:58,830 - INFO - El precio se mantiene dentro del rango. No se requieren acciones.
2026-06-29 18:47:13,189 - INFO - El mercado está cerrado. Próxima apertura: 2026-06-30 09:30:00-04:00. Esperando al próximo ciclo...
2026-06-29 18:47:34,716 - INFO - El mercado está cerrado. Próxima apertura: 2026-06-30 09:30:00-04:00. Esperando al próximo ciclo...
2026-06-29 19:03:08,476 - INFO - Precio actual de TSLA: $411.00
2026-06-29 19:03:08,477 - INFO - -> Última compra: $407.99 | Compras actuales: 1/10
2026-06-29 19:03:08,477 - INFO - -> Objetivo de COMPRA (caída a): $387.59 | Objetivo de VENTA (subida a): $424.31
2026-06-29 19:03:08,477 - INFO - El precio se mantiene dentro del rango. No se requieren acciones.
2026-06-29 19:04:59,561 - INFO - Precio actual de TSLA: $411.00
2026-06-29 19:04:59,562 - INFO - -> Última compra: $407.99 | Compras actuales: 1/10
2026-06-29 19:04:59,562 - INFO - -> Objetivo de COMPRA (caída a): $387.59 | Objetivo de VENTA (subida a): $424.31
2026-06-29 19:04:59,562 - INFO - El precio se mantiene dentro del rango. No se requieren acciones.
2026-06-29 19:07:14,056 - INFO - El mercado está cerrado. Próxima apertura: 2026-06-30 09:30:00-04:00. Esperando al próximo ciclo...
2026-06-29 19:23:09,224 - INFO - Precio actual de TSLA: $411.00
2026-06-29 19:23:09,225 - INFO - -> Última compra: $407.99 | Compras actuales: 1/10
2026-06-29 19:23:09,225 - INFO - -> Objetivo de COMPRA (caída a): $387.59 | Objetivo de VENTA (subida a): $424.31
2026-06-29 19:23:09,225 - INFO - El precio se mantiene dentro del rango. No se requieren acciones.
2026-06-29 19:25:00,306 - INFO - Precio actual de TSLA: $411.00
2026-06-29 19:25:00,306 - INFO - -> Última compra: $407.99 | Compras actuales: 1/10
2026-06-29 19:25:00,306 - INFO - -> Objetivo de COMPRA (caída a): $387.59 | Objetivo de VENTA (subida a): $424.31
2026-06-29 19:25:00,307 - INFO - El precio se mantiene dentro del rango. No se requieren acciones.
2026-06-29 19:27:14,802 - INFO - El mercado está cerrado. Próxima apertura: 2026-06-30 09:30:00-04:00. Esperando al próximo ciclo...
2026-06-29 19:43:10,064 - INFO - Precio actual de TSLA: $411.00
2026-06-29 19:43:10,064 - INFO - -> Última compra: $407.99 | Compras actuales: 1/10
2026-06-29 19:43:10,065 - INFO - -> Objetivo de COMPRA (caída a): $387.59 | Objetivo de VENTA (subida a): $424.31
2026-06-29 19:43:10,065 - INFO - El precio se mantiene dentro del rango. No se requieren acciones.
2026-06-29 19:45:01,065 - INFO - Precio actual de TSLA: $411.00
2026-06-29 19:45:01,066 - INFO - -> Última compra: $407.99 | Compras actuales: 1/10
2026-06-29 19:45:01,066 - INFO - -> Objetivo de COMPRA (caída a): $387.59 | Objetivo de VENTA (subida a): $424.31
2026-06-29 19:45:01,066 - INFO - El precio se mantiene dentro del rango. No se requieren acciones.
2026-06-29 19:47:15,547 - INFO - El mercado está cerrado. Próxima apertura: 2026-06-30 09:30:00-04:00. Esperando al próximo ciclo...
2026-06-30 12:30:11,471 - INFO - Precio actual de TSLA: $415.33
2026-06-30 12:30:11,471 - INFO - -> Última compra: $407.99 | Compras actuales: 1/10
2026-06-30 12:30:11,471 - INFO - -> Objetivo de COMPRA (caída a): $387.59 | Objetivo de VENTA (subida a): $424.31
2026-06-30 12:30:11,472 - INFO - El precio se mantiene dentro del rango. No se requieren acciones.
2026-06-30 12:32:02,473 - INFO - Precio actual de TSLA: $416.83
2026-06-30 12:32:02,473 - INFO - -> Última compra: $407.99 | Compras actuales: 1/10
2026-06-30 12:32:02,473 - INFO - -> Objetivo de COMPRA (caída a): $387.59 | Objetivo de VENTA (subida a): $424.31
2026-06-30 12:32:02,474 - INFO - El precio se mantiene dentro del rango. No se requieren acciones.
2026-06-30 12:34:17,931 - INFO - Precio actual de TSLA: $416.74
2026-06-30 12:34:17,932 - INFO - -> Última compra: $407.99 | Compras actuales: 1/10
2026-06-30 12:34:17,932 - INFO - -> Objetivo de COMPRA (caída a): $387.59 | Objetivo de VENTA (subida a): $424.31
2026-06-30 12:34:17,932 - INFO - El precio se mantiene dentro del rango. No se requieren acciones.
2026-06-30 12:50:12,746 - INFO - Precio actual de TSLA: $417.41
2026-06-30 12:50:12,746 - INFO - -> Última compra: $407.99 | Compras actuales: 1/10
2026-06-30 12:50:12,746 - INFO - -> Objetivo de COMPRA (caída a): $387.59 | Objetivo de VENTA (subida a): $424.31
2026-06-30 12:50:12,746 - INFO - El precio se mantiene dentro del rango. No se requieren acciones.
2026-06-30 12:52:03,590 - INFO - Precio actual de TSLA: $416.37
2026-06-30 12:52:03,591 - INFO - -> Última compra: $407.99 | Compras actuales: 1/10
2026-06-30 12:52:03,591 - INFO - -> Objetivo de COMPRA (caída a): $387.59 | Objetivo de VENTA (subida a): $424.31
2026-06-30 12:52:03,591 - INFO - El precio se mantiene dentro del rango. No se requieren acciones.
2026-06-30 12:54:19,981 - INFO - Precio actual de TSLA: $416.93
2026-06-30 12:54:19,982 - INFO - -> Última compra: $407.99 | Compras actuales: 1/10
2026-06-30 12:54:19,982 - INFO - -> Objetivo de COMPRA (caída a): $387.59 | Objetivo de VENTA (subida a): $424.31
2026-06-30 12:54:19,982 - INFO - El precio se mantiene dentro del rango. No se requieren acciones.
2026-06-30 13:10:14,031 - INFO - Precio actual de TSLA: $416.93
2026-06-30 13:10:14,032 - INFO - -> Última compra: $407.99 | Compras actuales: 1/10
2026-06-30 13:10:14,032 - INFO - -> Objetivo de COMPRA (caída a): $387.59 | Objetivo de VENTA (subida a): $424.31
2026-06-30 13:10:14,033 - INFO - El precio se mantiene dentro del rango. No se requieren acciones.
2026-06-30 13:12:05,016 - INFO - Precio actual de TSLA: $416.58
2026-06-30 13:12:05,016 - INFO - -> Última compra: $407.99 | Compras actuales: 1/10
2026-06-30 13:12:05,016 - INFO - -> Objetivo de COMPRA (caída a): $387.59 | Objetivo de VENTA (subida a): $424.31
2026-06-30 13:12:05,016 - INFO - El precio se mantiene dentro del rango. No se requieren acciones.
2026-06-30 13:14:22,514 - INFO - Precio actual de TSLA: $416.27
2026-06-30 13:14:22,514 - INFO - -> Última compra: $407.99 | Compras actuales: 1/10
2026-06-30 13:14:22,514 - INFO - -> Objetivo de COMPRA (caída a): $387.59 | Objetivo de VENTA (subida a): $424.31
2026-06-30 13:14:22,515 - INFO - El precio se mantiene dentro del rango. No se requieren acciones.
2026-06-30 13:30:15,158 - INFO - Precio actual de TSLA: $416.52
2026-06-30 13:30:15,158 - INFO - -> Última compra: $407.99 | Compras actuales: 1/10
2026-06-30 13:30:15,159 - INFO - -> Objetivo de COMPRA (caída a): $387.59 | Objetivo de VENTA (subida a): $424.31
2026-06-30 13:30:15,159 - INFO - El precio se mantiene dentro del rango. No se requieren acciones.
2026-06-30 13:32:11,077 - INFO - Precio actual de TSLA: $417.06
2026-06-30 13:32:11,077 - INFO - -> Última compra: $407.99 | Compras actuales: 1/10
2026-06-30 13:32:11,078 - INFO - -> Objetivo de COMPRA (caída a): $387.59 | Objetivo de VENTA (subida a): $424.31
2026-06-30 13:32:11,078 - INFO - El precio se mantiene dentro del rango. No se requieren acciones.
2026-06-30 13:34:24,547 - INFO - Precio actual de TSLA: $416.75
2026-06-30 13:34:24,547 - INFO - -> Última compra: $407.99 | Compras actuales: 1/10
2026-06-30 13:34:24,547 - INFO - -> Objetivo de COMPRA (caída a): $387.59 | Objetivo de VENTA (subida a): $424.31
2026-06-30 13:34:24,547 - INFO - El precio se mantiene dentro del rango. No se requieren acciones.
2026-06-30 13:50:15,994 - INFO - Precio actual de TSLA: $418.17
2026-06-30 13:50:15,994 - INFO - -> Última compra: $407.99 | Compras actuales: 1/10
2026-06-30 13:50:15,994 - INFO - -> Objetivo de COMPRA (caída a): $387.59 | Objetivo de VENTA (subida a): $424.31
2026-06-30 13:50:15,994 - INFO - El precio se mantiene dentro del rango. No se requieren acciones.
2026-06-30 13:52:12,205 - INFO - Precio actual de TSLA: $417.77
2026-06-30 13:52:12,205 - INFO - -> Última compra: $407.99 | Compras actuales: 1/10
2026-06-30 13:52:12,205 - INFO - -> Objetivo de COMPRA (caída a): $387.59 | Objetivo de VENTA (subida a): $424.31
2026-06-30 13:52:12,206 - INFO - El precio se mantiene dentro del rango. No se requieren acciones.
2026-06-30 13:54:26,636 - INFO - Precio actual de TSLA: $417.89
2026-06-30 13:54:26,637 - INFO - -> Última compra: $407.99 | Compras actuales: 1/10
2026-06-30 13:54:26,637 - INFO - -> Objetivo de COMPRA (caída a): $387.59 | Objetivo de VENTA (subida a): $424.31
2026-06-30 13:54:26,637 - INFO - El precio se mantiene dentro del rango. No se requieren acciones.
2026-06-30 14:10:16,990 - INFO - Precio actual de TSLA: $419.02
2026-06-30 14:10:16,991 - INFO - -> Última compra: $407.99 | Compras actuales: 1/10
2026-06-30 14:10:16,991 - INFO - -> Objetivo de COMPRA (caída a): $387.59 | Objetivo de VENTA (subida a): $424.31
2026-06-30 14:10:16,991 - INFO - El precio se mantiene dentro del rango. No se requieren acciones.
2026-06-30 14:12:13,191 - INFO - Precio actual de TSLA: $419.00
2026-06-30 14:12:13,191 - INFO - -> Última compra: $407.99 | Compras actuales: 1/10
2026-06-30 14:12:13,191 - INFO - -> Objetivo de COMPRA (caída a): $387.59 | Objetivo de VENTA (subida a): $424.31
2026-06-30 14:12:13,191 - INFO - El precio se mantiene dentro del rango. No se requieren acciones.
2026-06-30 14:14:28,518 - INFO - Precio actual de TSLA: $418.57
2026-06-30 14:14:28,518 - INFO - -> Última compra: $407.99 | Compras actuales: 1/10
2026-06-30 14:14:28,518 - INFO - -> Objetivo de COMPRA (caída a): $387.59 | Objetivo de VENTA (subida a): $424.31
2026-06-30 14:14:28,518 - INFO - El precio se mantiene dentro del rango. No se requieren acciones.
2026-06-30 14:30:18,088 - INFO - Precio actual de TSLA: $417.96
2026-06-30 14:30:18,089 - INFO - -> Última compra: $407.99 | Compras actuales: 1/10
2026-06-30 14:30:18,090 - INFO - -> Objetivo de COMPRA (caída a): $387.59 | Objetivo de VENTA (subida a): $424.31
2026-06-30 14:30:18,090 - INFO - El precio se mantiene dentro del rango. No se requieren acciones.
2026-06-30 14:32:14,272 - INFO - Precio actual de TSLA: $417.36
2026-06-30 14:32:14,272 - INFO - -> Última compra: $407.99 | Compras actuales: 1/10
2026-06-30 14:32:14,272 - INFO - -> Objetivo de COMPRA (caída a): $387.59 | Objetivo de VENTA (subida a): $424.31
2026-06-30 14:32:14,272 - INFO - El precio se mantiene dentro del rango. No se requieren acciones.
2026-06-30 14:34:30,559 - INFO - Precio actual de TSLA: $417.17
2026-06-30 14:34:30,559 - INFO - -> Última compra: $407.99 | Compras actuales: 1/10
2026-06-30 14:34:30,559 - INFO - -> Objetivo de COMPRA (caída a): $387.59 | Objetivo de VENTA (subida a): $424.31
2026-06-30 14:34:30,560 - INFO - El precio se mantiene dentro del rango. No se requieren acciones.
